[INFO] [launch]: All log files can be found below /home/mohammed/.ros/log/2025-04-21-11-22-38-270097-mohammedsPC-102688
[INFO] [launch]: Default logging verbosity is set to INFO
Invalid MIT-MAGIC-COOKIE-1 key[INFO] [webots-1]: process started with pid [102720]
[INFO] [crazychoir_task_assignment_webots_gui-2]: process started with pid [102722]
[INFO] [crazychoir_task_assignment_webots_table-3]: process started with pid [102726]
[INFO] [ros2-4]: process started with pid [102730]
[INFO] [driver-5]: process started with pid [102733]
[INFO] [robot_state_publisher-6]: process started with pid [102735]
[INFO] [crazychoir_task_assignment_webots_guidance-7]: process started with pid [102737]
[INFO] [crazychoir_task_assignment_webots_simple_guidance-8]: process started with pid [102750]
[INFO] [crazychoir_task_assignment_webots_planner-9]: process started with pid [102752]
[INFO] [driver-10]: process started with pid [102754]
[INFO] [robot_state_publisher-11]: process started with pid [102756]
[INFO] [crazychoir_task_assignment_webots_guidance-12]: process started with pid [102771]
[INFO] [crazychoir_task_assignment_webots_simple_guidance-13]: process started with pid [102773]
[INFO] [crazychoir_task_assignment_webots_planner-14]: process started with pid [102776]
[INFO] [driver-15]: process started with pid [102799]
[INFO] [robot_state_publisher-16]: process started with pid [102801]
[INFO] [crazychoir_task_assignment_webots_guidance-17]: process started with pid [102805]
[INFO] [crazychoir_task_assignment_webots_simple_guidance-18]: process started with pid [102807]
[INFO] [crazychoir_task_assignment_webots_planner-19]: process started with pid [102819]
[INFO] [driver-20]: process started with pid [102825]
[INFO] [robot_state_publisher-21]: process started with pid [102827]
[INFO] [crazychoir_task_assignment_webots_guidance-22]: process started with pid [102835]
[INFO] [crazychoir_task_assignment_webots_simple_guidance-23]: process started with pid [102849]
[INFO] [crazychoir_task_assignment_webots_planner-24]: process started with pid [102853]
[INFO] [driver-25]: process started with pid [102865]
[INFO] [robot_state_publisher-26]: process started with pid [102868]
[INFO] [crazychoir_task_assignment_webots_guidance-27]: process started with pid [102881]
[INFO] [crazychoir_task_assignment_webots_simple_guidance-28]: process started with pid [102912]
[INFO] [crazychoir_task_assignment_webots_planner-29]: process started with pid [102914]
[INFO] [driver-30]: process started with pid [102916]
[INFO] [robot_state_publisher-31]: process started with pid [102919]
[INFO] [crazychoir_task_assignment_webots_guidance-32]: process started with pid [102921]
[INFO] [crazychoir_task_assignment_webots_simple_guidance-33]: process started with pid [102925]
[INFO] [crazychoir_task_assignment_webots_planner-34]: process started with pid [102979]
[INFO] [driver-35]: process started with pid [102991]
[INFO] [robot_state_publisher-36]: process started with pid [103017]
[INFO] [crazychoir_task_assignment_webots_guidance-37]: process started with pid [103021]
[INFO] [crazychoir_task_assignment_webots_simple_guidance-38]: process started with pid [103025]
[INFO] [crazychoir_task_assignment_webots_planner-39]: process started with pid [103052]
[INFO] [driver-40]: process started with pid [103054]
[INFO] [robot_state_publisher-41]: process started with pid [103056]
[INFO] [crazychoir_task_assignment_webots_guidance-42]: process started with pid [103058]
[INFO] [crazychoir_task_assignment_webots_simple_guidance-43]: process started with pid [103063]
[INFO] [crazychoir_task_assignment_webots_planner-44]: process started with pid [103074]
[INFO] [driver-45]: process started with pid [103098]
[INFO] [robot_state_publisher-46]: process started with pid [103114]
[INFO] [crazychoir_task_assignment_webots_guidance-47]: process started with pid [103116]
[INFO] [crazychoir_task_assignment_webots_simple_guidance-48]: process started with pid [103125]
[INFO] [crazychoir_task_assignment_webots_planner-49]: process started with pid [103128]
[INFO] [driver-50]: process started with pid [103130]
[INFO] [robot_state_publisher-51]: process started with pid [103132]
[INFO] [crazychoir_task_assignment_webots_guidance-52]: process started with pid [103134]
[INFO] [crazychoir_task_assignment_webots_simple_guidance-53]: process started with pid [103136]
[INFO] [crazychoir_task_assignment_webots_planner-54]: process started with pid [103146]
[driver-5] Cannot open file: /tmp/webots-102720-vE6x88/WEBOTS_SERVER (retry count 1)
[robot_state_publisher-6] Parsing robot urdf xml string.
[robot_state_publisher-6] [INFO] [1745223758.775210691] [agent_0.robot_state_publisher]: got segment 
[driver-10] Cannot open file: /tmp/webots-102720-vE6x88/WEBOTS_SERVER (retry count 1)
[robot_state_publisher-11] Parsing robot urdf xml string.
[robot_state_publisher-11] [INFO] [1745223758.807494921] [agent_1.robot_state_publisher]: got segment 
[driver-15] Cannot open file: /tmp/webots-102720-vE6x88/WEBOTS_SERVER (retry count 1)
[robot_state_publisher-16] Parsing robot urdf xml string.
[robot_state_publisher-16] [INFO] [1745223758.943572199] [agent_2.robot_state_publisher]: got segment 
[driver-20] Cannot open file: /tmp/webots-102720-vE6x88/WEBOTS_SERVER (retry count 1)
[robot_state_publisher-21] Parsing robot urdf xml string.
[robot_state_publisher-21] [INFO] [1745223758.975000951] [agent_3.robot_state_publisher]: got segment 
[driver-25] Cannot open file: /tmp/webots-102720-vE6x88/WEBOTS_SERVER (retry count 1)
[robot_state_publisher-26] Parsing robot urdf xml string.
[robot_state_publisher-26] [INFO] [1745223759.095138009] [agent_4.robot_state_publisher]: got segment 
[driver-30] Cannot open file: /tmp/webots-102720-vE6x88/WEBOTS_SERVER (retry count 1)
[robot_state_publisher-31] Parsing robot urdf xml string.
[robot_state_publisher-31] [INFO] [1745223759.207439696] [agent_5.robot_state_publisher]: got segment 
[driver-35] Cannot open file: /tmp/webots-102720-vE6x88/WEBOTS_SERVER (retry count 1)
[robot_state_publisher-36] Parsing robot urdf xml string.
[robot_state_publisher-36] [INFO] [1745223759.395843912] [agent_6.robot_state_publisher]: got segment 
[driver-40] Cannot open file: /tmp/webots-102720-vE6x88/WEBOTS_SERVER (retry count 1)
[robot_state_publisher-41] Parsing robot urdf xml string.
[robot_state_publisher-41] [INFO] [1745223759.484048363] [agent_7.robot_state_publisher]: got segment 
[driver-45] Cannot open file: /tmp/webots-102720-vE6x88/WEBOTS_SERVER (retry count 1)
[driver-50] Cannot open file: /tmp/webots-102720-vE6x88/WEBOTS_SERVER (retry count 1)
[robot_state_publisher-46] Parsing robot urdf xml string.
[robot_state_publisher-46] [INFO] [1745223759.616745351] [agent_8.robot_state_publisher]: got segment 
[robot_state_publisher-51] Parsing robot urdf xml string.
[robot_state_publisher-51] [INFO] [1745223759.720282684] [agent_9.robot_state_publisher]: got segment 
[driver-5] Cannot open file: /tmp/webots-102720-vE6x88/WEBOTS_SERVER (retry count 2)
[driver-10] Cannot open file: /tmp/webots-102720-vE6x88/WEBOTS_SERVER (retry count 2)
[driver-15] Cannot open file: /tmp/webots-102720-vE6x88/WEBOTS_SERVER (retry count 2)
[driver-20] Cannot open file: /tmp/webots-102720-vE6x88/WEBOTS_SERVER (retry count 2)
[driver-25] Cannot open file: /tmp/webots-102720-vE6x88/WEBOTS_SERVER (retry count 2)
[driver-30] Cannot open file: /tmp/webots-102720-vE6x88/WEBOTS_SERVER (retry count 2)
[driver-35] Cannot open file: /tmp/webots-102720-vE6x88/WEBOTS_SERVER (retry count 2)
[driver-40] Cannot open file: /tmp/webots-102720-vE6x88/WEBOTS_SERVER (retry count 2)
[driver-45] Cannot open file: /tmp/webots-102720-vE6x88/WEBOTS_SERVER (retry count 2)
[crazychoir_task_assignment_webots_planner-9] [INFO] [1745223760.589257251] [agent_0.planner]: Planner 0 started
[driver-50] Cannot open file: /tmp/webots-102720-vE6x88/WEBOTS_SERVER (retry count 2)
[driver-5] Cannot open file: /tmp/webots-102720-vE6x88/WEBOTS_SERVER (retry count 3)
[driver-10] Cannot open file: /tmp/webots-102720-vE6x88/WEBOTS_SERVER (retry count 3)
[driver-15] Cannot open file: /tmp/webots-102720-vE6x88/WEBOTS_SERVER (retry count 3)
[driver-20] Cannot open file: /tmp/webots-102720-vE6x88/WEBOTS_SERVER (retry count 3)
[driver-25] Cannot open file: /tmp/webots-102720-vE6x88/WEBOTS_SERVER (retry count 3)
[crazychoir_task_assignment_webots_planner-24] [INFO] [1745223761.101115643] [agent_3.planner]: Planner 3 started
[crazychoir_task_assignment_webots_planner-19] [INFO] [1745223761.110341823] [agent_2.planner]: Planner 2 started
[driver-30] Cannot open file: /tmp/webots-102720-vE6x88/WEBOTS_SERVER (retry count 3)
[crazychoir_task_assignment_webots_planner-14] [INFO] [1745223761.164650927] [agent_1.planner]: Planner 1 started
[driver-35] Cannot open file: /tmp/webots-102720-vE6x88/WEBOTS_SERVER (retry count 3)
[crazychoir_task_assignment_webots_planner-44] [INFO] [1745223761.399051769] [agent_7.planner]: Planner 7 started
[driver-40] Cannot open file: /tmp/webots-102720-vE6x88/WEBOTS_SERVER (retry count 3)
[driver-45] Cannot open file: /tmp/webots-102720-vE6x88/WEBOTS_SERVER (retry count 3)
[driver-50] Cannot open file: /tmp/webots-102720-vE6x88/WEBOTS_SERVER (retry count 3)
[crazychoir_task_assignment_webots_planner-49] [INFO] [1745223761.651212807] [agent_8.planner]: Planner 8 started
[crazychoir_task_assignment_webots_planner-34] [INFO] [1745223761.682422078] [agent_5.planner]: Planner 5 started
[driver-5] Cannot open file: /tmp/webots-102720-vE6x88/WEBOTS_SERVER (retry count 4)
[driver-10] Cannot open file: /tmp/webots-102720-vE6x88/WEBOTS_SERVER (retry count 4)
[crazychoir_task_assignment_webots_planner-29] [INFO] [1745223761.880235487] [agent_4.planner]: Planner 4 started
[driver-15] Cannot open file: /tmp/webots-102720-vE6x88/WEBOTS_SERVER (retry count 4)
[crazychoir_task_assignment_webots_planner-39] [INFO] [1745223761.952921443] [agent_6.planner]: Planner 6 started
[driver-20] Cannot open file: /tmp/webots-102720-vE6x88/WEBOTS_SERVER (retry count 4)
[driver-25] Cannot open file: /tmp/webots-102720-vE6x88/WEBOTS_SERVER (retry count 4)
[crazychoir_task_assignment_webots_planner-54] [INFO] [1745223762.070225931] [agent_9.planner]: Planner 9 started
[driver-30] Cannot open file: /tmp/webots-102720-vE6x88/WEBOTS_SERVER (retry count 4)
[crazychoir_task_assignment_webots_simple_guidance-8] Invalid MIT-MAGIC-COOKIE-1 key[INFO] [1745223762.267533903] [agent_0.simple_guidance]: Simple Guidance 0 started
[crazychoir_task_assignment_webots_simple_guidance-8] [INFO] [1745223762.268886831] [agent_0.simple_guidance]: Go!
[crazychoir_task_assignment_webots_guidance-12] Invalid MIT-MAGIC-COOKIE-1 key[INFO] [1745223762.368657852] [agent_1.guidance]: Waiting for action server
[crazychoir_task_assignment_webots_simple_guidance-18] Invalid MIT-MAGIC-COOKIE-1 key[INFO] [1745223762.677888436] [agent_2.simple_guidance]: Simple Guidance 2 started
[crazychoir_task_assignment_webots_simple_guidance-18] [INFO] [1745223762.682056070] [agent_2.simple_guidance]: Go!
[webots-1] WARNING: Floor (PROTO) > Appearance > ImageTexture: Texture image size of '/home/mohammed/crazychoir_ws/src/crazychoir/crazychoir/utils/images/casy_logo.png' is not a power of two: rescaling it from 200x200 to 256x256.
[crazychoir_task_assignment_webots_guidance-37] Invalid MIT-MAGIC-COOKIE-1 key[INFO] [1745223762.748188021] [agent_6.guidance]: Waiting for action server
[webots-1] INFO: Starting extern controller for robot "agent_6".
[webots-1] INFO: Starting extern controller for robot "agent_7".
[webots-1] INFO: Starting extern controller for robot "agent_8".
[webots-1] INFO: Starting extern controller for robot "agent_9".
[webots-1] INFO: Starting extern controller for robot "agent_0".
[webots-1] INFO: Starting extern controller for robot "agent_1".
[webots-1] INFO: Starting extern controller for robot "agent_2".
[crazychoir_task_assignment_webots_guidance-17] Invalid MIT-MAGIC-COOKIE-1 key[INFO] [1745223762.913654214] [agent_2.guidance]: Waiting for action server
[crazychoir_task_assignment_webots_simple_guidance-43] Invalid MIT-MAGIC-COOKIE-1 key[INFO] [1745223762.937996861] [agent_7.simple_guidance]: Simple Guidance 7 started
[crazychoir_task_assignment_webots_simple_guidance-43] [INFO] [1745223762.941724912] [agent_7.simple_guidance]: Go!
[crazychoir_task_assignment_webots_simple_guidance-48] Invalid MIT-MAGIC-COOKIE-1 key[INFO] [1745223762.954524347] [agent_8.simple_guidance]: Simple Guidance 8 started
[crazychoir_task_assignment_webots_simple_guidance-48] [INFO] [1745223762.954978532] [agent_8.simple_guidance]: Go!
[crazychoir_task_assignment_webots_simple_guidance-28] Invalid MIT-MAGIC-COOKIE-1 key[INFO] [1745223762.965082698] [agent_4.simple_guidance]: Simple Guidance 4 started
[crazychoir_task_assignment_webots_simple_guidance-28] [INFO] [1745223762.965472043] [agent_4.simple_guidance]: Go!
[webots-1] INFO: Starting extern controller for robot "agent_3".
[crazychoir_task_assignment_webots_simple_guidance-13] Invalid MIT-MAGIC-COOKIE-1 key[INFO] [1745223762.982605617] [agent_1.simple_guidance]: Simple Guidance 1 started
[crazychoir_task_assignment_webots_simple_guidance-13] [INFO] [1745223762.982945576] [agent_1.simple_guidance]: Go!
[crazychoir_task_assignment_webots_guidance-32] Invalid MIT-MAGIC-COOKIE-1 key[INFO] [1745223762.986962443] [agent_5.guidance]: Waiting for action server
[crazychoir_task_assignment_webots_simple_guidance-23] Invalid MIT-MAGIC-COOKIE-1 key[INFO] [1745223762.989359119] [agent_3.simple_guidance]: Simple Guidance 3 started
[crazychoir_task_assignment_webots_simple_guidance-23] [INFO] [1745223762.990193683] [agent_3.simple_guidance]: Go!
[webots-1] INFO: Starting extern controller for robot "agent_4".
[webots-1] INFO: Starting extern controller for robot "agent_5".
[crazychoir_task_assignment_webots_guidance-27] Invalid MIT-MAGIC-COOKIE-1 key[INFO] [1745223763.506009187] [agent_4.guidance]: Waiting for action server
[crazychoir_task_assignment_webots_simple_guidance-33] Invalid MIT-MAGIC-COOKIE-1 key[INFO] [1745223763.581020868] [agent_5.simple_guidance]: Simple Guidance 5 started
[crazychoir_task_assignment_webots_simple_guidance-33] [INFO] [1745223763.590388517] [agent_5.simple_guidance]: Go!
[crazychoir_task_assignment_webots_guidance-42] Invalid MIT-MAGIC-COOKIE-1 key[INFO] [1745223763.636168877] [agent_7.guidance]: Waiting for action server
[crazychoir_task_assignment_webots_simple_guidance-38] Invalid MIT-MAGIC-COOKIE-1 key[INFO] [1745223763.717827723] [agent_6.simple_guidance]: Simple Guidance 6 started
[crazychoir_task_assignment_webots_simple_guidance-38] [INFO] [1745223763.720118746] [agent_6.simple_guidance]: Go!
[crazychoir_task_assignment_webots_guidance-22] Invalid MIT-MAGIC-COOKIE-1 key[INFO] [1745223763.722616662] [agent_3.guidance]: Waiting for action server
[crazychoir_task_assignment_webots_guidance-7] Invalid MIT-MAGIC-COOKIE-1 key[INFO] [1745223763.818159834] [agent_0.guidance]: Waiting for action server
[crazychoir_task_assignment_webots_simple_guidance-53] Invalid MIT-MAGIC-COOKIE-1 key[INFO] [1745223763.824201052] [agent_9.simple_guidance]: Simple Guidance 9 started
[crazychoir_task_assignment_webots_simple_guidance-53] [INFO] [1745223763.825523229] [agent_9.simple_guidance]: Go!
[crazychoir_task_assignment_webots_guidance-47] Invalid MIT-MAGIC-COOKIE-1 key[INFO] [1745223763.893708934] [agent_8.guidance]: Waiting for action server
[crazychoir_task_assignment_webots_guidance-52] Invalid MIT-MAGIC-COOKIE-1 key[INFO] [1745223763.934272811] [agent_9.guidance]: Waiting for action server
[crazychoir_task_assignment_webots_gui-2] [INFO] [1745223780.705341214] [gui]: Start experiment command sent
[crazychoir_task_assignment_webots_guidance-27] [INFO] [1745223780.792342121] [agent_4.guidance]: Guidance 4 started
[crazychoir_task_assignment_webots_guidance-27] [INFO] [1745223780.793768655] [agent_4.guidance]: Optimization triggered: requesting task list
[crazychoir_task_assignment_webots_guidance-27] [INFO] [1745223780.794225756] [agent_4.guidance]: Beginning optimization
[crazychoir_task_assignment_webots_guidance-27] [INFO] [1745223780.798522550] [agent_4.guidance]: Data received: starting optimization
[crazychoir_task_assignment_webots_guidance-27] [INFO] [1745223780.837022734] [agent_4.guidance]: AGENT 4 --- Iteration 1
[crazychoir_task_assignment_webots_guidance-27] [INFO] [1745223780.837552837] [agent_4.guidance]: AGENT 4 Exchanging messages...
[crazychoir_task_assignment_webots_guidance-7] [INFO] [1745223780.843872465] [agent_0.guidance]: Guidance 0 started
[crazychoir_task_assignment_webots_guidance-7] [INFO] [1745223780.844866416] [agent_0.guidance]: Optimization triggered: requesting task list
[crazychoir_task_assignment_webots_guidance-7] [INFO] [1745223780.845289472] [agent_0.guidance]: Beginning optimization
[crazychoir_task_assignment_webots_guidance-7] [INFO] [1745223780.852443351] [agent_0.guidance]: Data received: starting optimization
[crazychoir_task_assignment_webots_guidance-7] [INFO] [1745223780.889042821] [agent_0.guidance]: AGENT 0 --- Iteration 1
[crazychoir_task_assignment_webots_guidance-7] [INFO] [1745223780.889573465] [agent_0.guidance]: AGENT 0 Exchanging messages...
[crazychoir_task_assignment_webots_guidance-12] [INFO] [1745223780.895634317] [agent_1.guidance]: Guidance 1 started
[crazychoir_task_assignment_webots_guidance-12] [INFO] [1745223780.896562110] [agent_1.guidance]: Optimization triggered: requesting task list
[crazychoir_task_assignment_webots_guidance-12] [INFO] [1745223780.896987094] [agent_1.guidance]: Beginning optimization
[crazychoir_task_assignment_webots_guidance-12] [INFO] [1745223780.903352686] [agent_1.guidance]: Data received: starting optimization
[crazychoir_task_assignment_webots_guidance-47] [INFO] [1745223780.918920131] [agent_8.guidance]: Guidance 8 started
[crazychoir_task_assignment_webots_guidance-47] [INFO] [1745223780.919774675] [agent_8.guidance]: Optimization triggered: requesting task list
[crazychoir_task_assignment_webots_guidance-47] [INFO] [1745223780.920191030] [agent_8.guidance]: Beginning optimization
[crazychoir_task_assignment_webots_guidance-47] [INFO] [1745223780.924070725] [agent_8.guidance]: Data received: starting optimization
[crazychoir_task_assignment_webots_guidance-42] [INFO] [1745223780.937253336] [agent_7.guidance]: Guidance 7 started
[crazychoir_task_assignment_webots_guidance-42] [INFO] [1745223780.938132827] [agent_7.guidance]: Optimization triggered: requesting task list
[crazychoir_task_assignment_webots_guidance-42] [INFO] [1745223780.938550942] [agent_7.guidance]: Beginning optimization
[crazychoir_task_assignment_webots_guidance-17] [INFO] [1745223780.941450345] [agent_2.guidance]: Guidance 2 started
[crazychoir_task_assignment_webots_guidance-17] [INFO] [1745223780.942352562] [agent_2.guidance]: Optimization triggered: requesting task list
[crazychoir_task_assignment_webots_guidance-17] [INFO] [1745223780.942780699] [agent_2.guidance]: Beginning optimization
[crazychoir_task_assignment_webots_guidance-12] [INFO] [1745223780.944140329] [agent_1.guidance]: AGENT 1 --- Iteration 1
[crazychoir_task_assignment_webots_guidance-12] [INFO] [1745223780.948551101] [agent_1.guidance]: AGENT 1 Exchanging messages...
[crazychoir_task_assignment_webots_guidance-42] [INFO] [1745223780.954303993] [agent_7.guidance]: Data received: starting optimization
[crazychoir_task_assignment_webots_guidance-17] [INFO] [1745223780.960969730] [agent_2.guidance]: Data received: starting optimization
[crazychoir_task_assignment_webots_guidance-47] [INFO] [1745223780.962498362] [agent_8.guidance]: AGENT 8 --- Iteration 1
[crazychoir_task_assignment_webots_guidance-47] [INFO] [1745223780.963029609] [agent_8.guidance]: AGENT 8 Exchanging messages...
[crazychoir_task_assignment_webots_guidance-52] [INFO] [1745223780.974860720] [agent_9.guidance]: Guidance 9 started
[crazychoir_task_assignment_webots_guidance-52] [INFO] [1745223780.975731093] [agent_9.guidance]: Optimization triggered: requesting task list
[crazychoir_task_assignment_webots_guidance-52] [INFO] [1745223780.976231958] [agent_9.guidance]: Beginning optimization
[crazychoir_task_assignment_webots_guidance-52] [INFO] [1745223780.982034251] [agent_9.guidance]: Data received: starting optimization
[crazychoir_task_assignment_webots_guidance-17] [INFO] [1745223780.995134002] [agent_2.guidance]: AGENT 2 --- Iteration 1
[crazychoir_task_assignment_webots_guidance-17] [INFO] [1745223780.995774494] [agent_2.guidance]: AGENT 2 Exchanging messages...
[crazychoir_task_assignment_webots_guidance-42] [INFO] [1745223780.998456156] [agent_7.guidance]: AGENT 7 --- Iteration 1
[crazychoir_task_assignment_webots_guidance-42] [INFO] [1745223780.999592502] [agent_7.guidance]: AGENT 7 Exchanging messages...
[crazychoir_task_assignment_webots_guidance-22] [INFO] [1745223781.003869891] [agent_3.guidance]: Guidance 3 started
[crazychoir_task_assignment_webots_guidance-22] [INFO] [1745223781.004705539] [agent_3.guidance]: Optimization triggered: requesting task list
[crazychoir_task_assignment_webots_guidance-22] [INFO] [1745223781.005209387] [agent_3.guidance]: Beginning optimization
[crazychoir_task_assignment_webots_guidance-22] [INFO] [1745223781.008632801] [agent_3.guidance]: Data received: starting optimization
[crazychoir_task_assignment_webots_guidance-32] [INFO] [1745223781.014265452] [agent_5.guidance]: Guidance 5 started
[crazychoir_task_assignment_webots_guidance-32] [INFO] [1745223781.015135159] [agent_5.guidance]: Optimization triggered: requesting task list
[crazychoir_task_assignment_webots_guidance-32] [INFO] [1745223781.015550828] [agent_5.guidance]: Beginning optimization
[crazychoir_task_assignment_webots_guidance-32] [INFO] [1745223781.019650956] [agent_5.guidance]: Data received: starting optimization
[crazychoir_task_assignment_webots_guidance-52] [INFO] [1745223781.024443258] [agent_9.guidance]: AGENT 9 --- Iteration 1
[crazychoir_task_assignment_webots_guidance-37] [INFO] [1745223781.024862411] [agent_6.guidance]: Guidance 6 started
[crazychoir_task_assignment_webots_guidance-52] [INFO] [1745223781.026091960] [agent_9.guidance]: AGENT 9 Exchanging messages...
[crazychoir_task_assignment_webots_guidance-37] [INFO] [1745223781.026264571] [agent_6.guidance]: Optimization triggered: requesting task list
[crazychoir_task_assignment_webots_guidance-37] [INFO] [1745223781.026874262] [agent_6.guidance]: Beginning optimization
[crazychoir_task_assignment_webots_guidance-37] [INFO] [1745223781.032028603] [agent_6.guidance]: Data received: starting optimization
[crazychoir_task_assignment_webots_guidance-22] [INFO] [1745223781.043215020] [agent_3.guidance]: AGENT 3 --- Iteration 1
[crazychoir_task_assignment_webots_guidance-22] [INFO] [1745223781.044769245] [agent_3.guidance]: AGENT 3 Exchanging messages...
[crazychoir_task_assignment_webots_guidance-32] [INFO] [1745223781.066139021] [agent_5.guidance]: AGENT 5 --- Iteration 1
[crazychoir_task_assignment_webots_guidance-32] [INFO] [1745223781.068133007] [agent_5.guidance]: AGENT 5 Exchanging messages...
[crazychoir_task_assignment_webots_guidance-37] [INFO] [1745223781.068842418] [agent_6.guidance]: AGENT 6 --- Iteration 1
[crazychoir_task_assignment_webots_guidance-37] [INFO] [1745223781.069468383] [agent_6.guidance]: AGENT 6 Exchanging messages...
[crazychoir_task_assignment_webots_guidance-27] [INFO] [1745223781.073550379] [agent_4.guidance]: AGENT 4 Message exchange completed. Received 9 responses.
[crazychoir_task_assignment_webots_guidance-27] [INFO] [1745223781.073824963] [agent_4.guidance]: AGENT 4 Processing messages...
[crazychoir_task_assignment_webots_guidance-27] [INFO] [1745223781.074072466] [agent_4.guidance]: AGENT 4 received message from 0
[crazychoir_task_assignment_webots_guidance-27] [INFO] [1745223781.074412861] [agent_4.guidance]: AGENT 4 received message from 1
[crazychoir_task_assignment_webots_guidance-27] [INFO] [1745223781.074693533] [agent_4.guidance]: AGENT 4 received message from 8
[crazychoir_task_assignment_webots_guidance-27] [INFO] [1745223781.074965459] [agent_4.guidance]: AGENT 4 received message from 2
[crazychoir_task_assignment_webots_guidance-27] [INFO] [1745223781.075239374] [agent_4.guidance]: AGENT 4 received message from 7
[crazychoir_task_assignment_webots_guidance-27] [INFO] [1745223781.075511386] [agent_4.guidance]: AGENT 4 received message from 9
[crazychoir_task_assignment_webots_guidance-27] [INFO] [1745223781.075777380] [agent_4.guidance]: AGENT 4 received message from 3
[crazychoir_task_assignment_webots_guidance-27] [INFO] [1745223781.076048496] [agent_4.guidance]: AGENT 4 received message from 5
[crazychoir_task_assignment_webots_guidance-27] [INFO] [1745223781.076316968] [agent_4.guidance]: AGENT 4 received message from 6
[crazychoir_task_assignment_webots_guidance-47] [INFO] [1745223781.073549991] [agent_8.guidance]: AGENT 8 Message exchange completed. Received 9 responses.
[crazychoir_task_assignment_webots_guidance-47] [INFO] [1745223781.073831413] [agent_8.guidance]: AGENT 8 Processing messages...
[crazychoir_task_assignment_webots_guidance-47] [INFO] [1745223781.074085410] [agent_8.guidance]: AGENT 8 received message from 0
[crazychoir_task_assignment_webots_guidance-47] [INFO] [1745223781.074429030] [agent_8.guidance]: AGENT 8 received message from 1
[crazychoir_task_assignment_webots_guidance-47] [INFO] [1745223781.074710109] [agent_8.guidance]: AGENT 8 received message from 4
[crazychoir_task_assignment_webots_guidance-47] [INFO] [1745223781.074991573] [agent_8.guidance]: AGENT 8 received message from 2
[crazychoir_task_assignment_webots_guidance-47] [INFO] [1745223781.075266599] [agent_8.guidance]: AGENT 8 received message from 7
[crazychoir_task_assignment_webots_guidance-47] [INFO] [1745223781.075544101] [agent_8.guidance]: AGENT 8 received message from 9
[crazychoir_task_assignment_webots_guidance-47] [INFO] [1745223781.075819777] [agent_8.guidance]: AGENT 8 received message from 3
[crazychoir_task_assignment_webots_guidance-47] [INFO] [1745223781.076098376] [agent_8.guidance]: AGENT 8 received message from 5
[crazychoir_task_assignment_webots_guidance-47] [INFO] [1745223781.076373735] [agent_8.guidance]: AGENT 8 received message from 6
[crazychoir_task_assignment_webots_guidance-42] [INFO] [1745223781.073579322] [agent_7.guidance]: AGENT 7 Message exchange completed. Received 9 responses.
[crazychoir_task_assignment_webots_guidance-42] [INFO] [1745223781.073853264] [agent_7.guidance]: AGENT 7 Processing messages...
[crazychoir_task_assignment_webots_guidance-42] [INFO] [1745223781.074106636] [agent_7.guidance]: AGENT 7 received message from 0
[crazychoir_task_assignment_webots_guidance-42] [INFO] [1745223781.074463684] [agent_7.guidance]: AGENT 7 received message from 1
[crazychoir_task_assignment_webots_guidance-42] [INFO] [1745223781.074749451] [agent_7.guidance]: AGENT 7 received message from 2
[crazychoir_task_assignment_webots_guidance-42] [INFO] [1745223781.075029937] [agent_7.guidance]: AGENT 7 received message from 4
[crazychoir_task_assignment_webots_guidance-42] [INFO] [1745223781.075312045] [agent_7.guidance]: AGENT 7 received message from 8
[crazychoir_task_assignment_webots_guidance-42] [INFO] [1745223781.075590055] [agent_7.guidance]: AGENT 7 received message from 9
[crazychoir_task_assignment_webots_guidance-42] [INFO] [1745223781.075866282] [agent_7.guidance]: AGENT 7 received message from 3
[crazychoir_task_assignment_webots_guidance-42] [INFO] [1745223781.076148104] [agent_7.guidance]: AGENT 7 received message from 5
[crazychoir_task_assignment_webots_guidance-42] [INFO] [1745223781.076424766] [agent_7.guidance]: AGENT 7 received message from 6
[crazychoir_task_assignment_webots_guidance-7] [INFO] [1745223781.073590563] [agent_0.guidance]: AGENT 0 Message exchange completed. Received 9 responses.
[crazychoir_task_assignment_webots_guidance-7] [INFO] [1745223781.073864256] [agent_0.guidance]: AGENT 0 Processing messages...
[crazychoir_task_assignment_webots_guidance-7] [INFO] [1745223781.074120839] [agent_0.guidance]: AGENT 0 received message from 4
[crazychoir_task_assignment_webots_guidance-7] [INFO] [1745223781.074505113] [agent_0.guidance]: AGENT 0 received message from 1
[crazychoir_task_assignment_webots_guidance-7] [INFO] [1745223781.074792484] [agent_0.guidance]: AGENT 0 received message from 8
[crazychoir_task_assignment_webots_guidance-7] [INFO] [1745223781.075069445] [agent_0.guidance]: AGENT 0 received message from 2
[crazychoir_task_assignment_webots_guidance-7] [INFO] [1745223781.075358800] [agent_0.guidance]: AGENT 0 received message from 7
[crazychoir_task_assignment_webots_guidance-7] [INFO] [1745223781.075649038] [agent_0.guidance]: AGENT 0 received message from 9
[crazychoir_task_assignment_webots_guidance-7] [INFO] [1745223781.075922372] [agent_0.guidance]: AGENT 0 received message from 3
[crazychoir_task_assignment_webots_guidance-7] [INFO] [1745223781.076198550] [agent_0.guidance]: AGENT 0 received message from 5
[crazychoir_task_assignment_webots_guidance-7] [INFO] [1745223781.076486358] [agent_0.guidance]: AGENT 0 received message from 6
[crazychoir_task_assignment_webots_guidance-17] [INFO] [1745223781.073652622] [agent_2.guidance]: AGENT 2 Message exchange completed. Received 9 responses.
[crazychoir_task_assignment_webots_guidance-17] [INFO] [1745223781.074261161] [agent_2.guidance]: AGENT 2 Processing messages...
[crazychoir_task_assignment_webots_guidance-17] [INFO] [1745223781.074522933] [agent_2.guidance]: AGENT 2 received message from 0
[crazychoir_task_assignment_webots_guidance-17] [INFO] [1745223781.074981853] [agent_2.guidance]: AGENT 2 received message from 1
[crazychoir_task_assignment_webots_guidance-17] [INFO] [1745223781.075263763] [agent_2.guidance]: AGENT 2 received message from 4
[crazychoir_task_assignment_webots_guidance-17] [INFO] [1745223781.075544125] [agent_2.guidance]: AGENT 2 received message from 8
[crazychoir_task_assignment_webots_guidance-17] [INFO] [1745223781.075818414] [agent_2.guidance]: AGENT 2 received message from 7
[crazychoir_task_assignment_webots_guidance-17] [INFO] [1745223781.076088472] [agent_2.guidance]: AGENT 2 received message from 9
[crazychoir_task_assignment_webots_guidance-17] [INFO] [1745223781.076358879] [agent_2.guidance]: AGENT 2 received message from 3
[crazychoir_task_assignment_webots_guidance-12] [INFO] [1745223781.073655339] [agent_1.guidance]: AGENT 1 Message exchange completed. Received 9 responses.
[crazychoir_task_assignment_webots_guidance-12] [INFO] [1745223781.073973057] [agent_1.guidance]: AGENT 1 Processing messages...
[crazychoir_task_assignment_webots_guidance-12] [INFO] [1745223781.074258661] [agent_1.guidance]: AGENT 1 received message from 0
[crazychoir_task_assignment_webots_guidance-12] [INFO] [1745223781.074819917] [agent_1.guidance]: AGENT 1 received message from 4
[crazychoir_task_assignment_webots_guidance-12] [INFO] [1745223781.075114432] [agent_1.guidance]: AGENT 1 received message from 8
[crazychoir_task_assignment_webots_guidance-12] [INFO] [1745223781.075417880] [agent_1.guidance]: AGENT 1 received message from 2
[crazychoir_task_assignment_webots_guidance-12] [INFO] [1745223781.075700482] [agent_1.guidance]: AGENT 1 received message from 7
[crazychoir_task_assignment_webots_guidance-12] [INFO] [1745223781.075977713] [agent_1.guidance]: AGENT 1 received message from 9
[crazychoir_task_assignment_webots_guidance-12] [INFO] [1745223781.076251215] [agent_1.guidance]: AGENT 1 received message from 3
[crazychoir_task_assignment_webots_guidance-12] [INFO] [1745223781.076536812] [agent_1.guidance]: AGENT 1 received message from 5
[crazychoir_task_assignment_webots_guidance-27] [INFO] [1745223781.076596626] [agent_4.guidance]: AGENT 4 Message processing completed. Any updates: False
[crazychoir_task_assignment_webots_guidance-17] [INFO] [1745223781.076639741] [agent_2.guidance]: AGENT 2 received message from 5
[crazychoir_task_assignment_webots_guidance-17] [INFO] [1745223781.076911886] [agent_2.guidance]: AGENT 2 received message from 6
[crazychoir_task_assignment_webots_guidance-17] [INFO] [1745223781.077186613] [agent_2.guidance]: AGENT 2 Message processing completed. Any updates: False
[crazychoir_task_assignment_webots_guidance-47] [INFO] [1745223781.076657613] [agent_8.guidance]: AGENT 8 Message processing completed. Any updates: False
[crazychoir_task_assignment_webots_guidance-47] [INFO] [1745223781.076907439] [agent_8.guidance]: --NO UPDATE-- AGENT 8 No updates.
[crazychoir_task_assignment_webots_guidance-47] [INFO] [1745223781.077158732] [agent_8.guidance]: AGENT 8 --- Iteration 2
[crazychoir_task_assignment_webots_guidance-42] [INFO] [1745223781.076708824] [agent_7.guidance]: AGENT 7 Message processing completed. Any updates: False
[crazychoir_task_assignment_webots_guidance-7] [INFO] [1745223781.076764010] [agent_0.guidance]: AGENT 0 Message processing completed. Any updates: False
[crazychoir_task_assignment_webots_guidance-7] [INFO] [1745223781.077025322] [agent_0.guidance]: --NO UPDATE-- AGENT 0 No updates.
[crazychoir_task_assignment_webots_guidance-7] [INFO] [1745223781.077296894] [agent_0.guidance]: AGENT 0 --- Iteration 2
[crazychoir_task_assignment_webots_guidance-12] [INFO] [1745223781.076813975] [agent_1.guidance]: AGENT 1 received message from 6
[crazychoir_task_assignment_webots_guidance-12] [INFO] [1745223781.077176394] [agent_1.guidance]: AGENT 1 Message processing completed. Any updates: False
[crazychoir_task_assignment_webots_guidance-12] [INFO] [1745223781.077458068] [agent_1.guidance]: --NO UPDATE-- AGENT 1 No updates.
[crazychoir_task_assignment_webots_guidance-27] [INFO] [1745223781.076840807] [agent_4.guidance]: --NO UPDATE-- AGENT 4 No updates.
[crazychoir_task_assignment_webots_guidance-27] [INFO] [1745223781.077166231] [agent_4.guidance]: AGENT 4 --- Iteration 2
[crazychoir_task_assignment_webots_guidance-17] [INFO] [1745223781.077433462] [agent_2.guidance]: --NO UPDATE-- AGENT 2 No updates.
[crazychoir_task_assignment_webots_guidance-47] [INFO] [1745223781.077646063] [agent_8.guidance]: AGENT 8 Exchanging messages...
[crazychoir_task_assignment_webots_guidance-17] [INFO] [1745223781.077680737] [agent_2.guidance]: AGENT 2 --- Iteration 2
[crazychoir_task_assignment_webots_guidance-27] [INFO] [1745223781.077706314] [agent_4.guidance]: AGENT 4 Exchanging messages...
[crazychoir_task_assignment_webots_guidance-7] [INFO] [1745223781.077792800] [agent_0.guidance]: AGENT 0 Exchanging messages...
[crazychoir_task_assignment_webots_guidance-12] [INFO] [1745223781.077873649] [agent_1.guidance]: AGENT 1 --- Iteration 2
[crazychoir_task_assignment_webots_guidance-42] [INFO] [1745223781.078062902] [agent_7.guidance]: --NO UPDATE-- AGENT 7 No updates.
[crazychoir_task_assignment_webots_guidance-17] [INFO] [1745223781.078156325] [agent_2.guidance]: AGENT 2 Exchanging messages...
[crazychoir_task_assignment_webots_guidance-12] [INFO] [1745223781.078490016] [agent_1.guidance]: AGENT 1 Exchanging messages...
[crazychoir_task_assignment_webots_guidance-42] [INFO] [1745223781.078790177] [agent_7.guidance]: AGENT 7 --- Iteration 2
[crazychoir_task_assignment_webots_guidance-42] [INFO] [1745223781.080289968] [agent_7.guidance]: AGENT 7 Exchanging messages...
[crazychoir_task_assignment_webots_guidance-22] [INFO] [1745223781.080913571] [agent_3.guidance]: AGENT 3 Message exchange completed. Received 9 responses.
[crazychoir_task_assignment_webots_guidance-22] [INFO] [1745223781.081196450] [agent_3.guidance]: AGENT 3 Processing messages...
[crazychoir_task_assignment_webots_guidance-22] [INFO] [1745223781.081460387] [agent_3.guidance]: AGENT 3 received message from 0
[crazychoir_task_assignment_webots_guidance-22] [INFO] [1745223781.083256429] [agent_3.guidance]: AGENT 3 received message from 1
[crazychoir_task_assignment_webots_guidance-22] [INFO] [1745223781.083596101] [agent_3.guidance]: AGENT 3 received message from 2
[crazychoir_task_assignment_webots_guidance-22] [INFO] [1745223781.083892410] [agent_3.guidance]: AGENT 3 received message from 4
[crazychoir_task_assignment_webots_guidance-22] [INFO] [1745223781.084185909] [agent_3.guidance]: AGENT 3 received message from 7
[crazychoir_task_assignment_webots_guidance-22] [INFO] [1745223781.085025119] [agent_3.guidance]: AGENT 3 received message from 8
[crazychoir_task_assignment_webots_guidance-22] [INFO] [1745223781.085388095] [agent_3.guidance]: AGENT 3 received message from 9
[crazychoir_task_assignment_webots_guidance-22] [INFO] [1745223781.085692188] [agent_3.guidance]: AGENT 3 received message from 5
[crazychoir_task_assignment_webots_guidance-22] [INFO] [1745223781.085982424] [agent_3.guidance]: AGENT 3 received message from 6
[crazychoir_task_assignment_webots_guidance-52] [INFO] [1745223781.086026120] [agent_9.guidance]: AGENT 9 Message exchange completed. Received 9 responses.
[crazychoir_task_assignment_webots_guidance-22] [INFO] [1745223781.086270487] [agent_3.guidance]: AGENT 3 Message processing completed. Any updates: False
[crazychoir_task_assignment_webots_guidance-52] [INFO] [1745223781.086323206] [agent_9.guidance]: AGENT 9 Processing messages...
[crazychoir_task_assignment_webots_guidance-22] [INFO] [1745223781.086521095] [agent_3.guidance]: --NO UPDATE-- AGENT 3 No updates.
[crazychoir_task_assignment_webots_guidance-52] [INFO] [1745223781.086581472] [agent_9.guidance]: AGENT 9 received message from 0
[crazychoir_task_assignment_webots_guidance-22] [INFO] [1745223781.086847031] [agent_3.guidance]: AGENT 3 --- Iteration 2
[crazychoir_task_assignment_webots_guidance-52] [INFO] [1745223781.086935666] [agent_9.guidance]: AGENT 9 received message from 1
[crazychoir_task_assignment_webots_guidance-52] [INFO] [1745223781.087221267] [agent_9.guidance]: AGENT 9 received message from 2
[crazychoir_task_assignment_webots_guidance-22] [INFO] [1745223781.087385294] [agent_3.guidance]: AGENT 3 Exchanging messages...
[crazychoir_task_assignment_webots_guidance-32] [INFO] [1745223781.087959022] [agent_5.guidance]: AGENT 5 Message exchange completed. Received 9 responses.
[crazychoir_task_assignment_webots_guidance-32] [INFO] [1745223781.088229070] [agent_5.guidance]: AGENT 5 Processing messages...
[crazychoir_task_assignment_webots_guidance-32] [INFO] [1745223781.088483541] [agent_5.guidance]: AGENT 5 received message from 0
[crazychoir_task_assignment_webots_guidance-32] [INFO] [1745223781.089571247] [agent_5.guidance]: AGENT 5 received message from 1
[crazychoir_task_assignment_webots_guidance-52] [INFO] [1745223781.089607864] [agent_9.guidance]: AGENT 9 received message from 4
[crazychoir_task_assignment_webots_guidance-52] [INFO] [1745223781.089929745] [agent_9.guidance]: AGENT 9 received message from 7
[crazychoir_task_assignment_webots_guidance-52] [INFO] [1745223781.090216496] [agent_9.guidance]: AGENT 9 received message from 8
[crazychoir_task_assignment_webots_guidance-32] [INFO] [1745223781.089966782] [agent_5.guidance]: AGENT 5 received message from 2
[crazychoir_task_assignment_webots_guidance-32] [INFO] [1745223781.090252428] [agent_5.guidance]: AGENT 5 received message from 3
[crazychoir_task_assignment_webots_guidance-37] [INFO] [1745223781.090390792] [agent_6.guidance]: AGENT 6 Message exchange completed. Received 9 responses.
[crazychoir_task_assignment_webots_guidance-32] [INFO] [1745223781.090528380] [agent_5.guidance]: AGENT 5 received message from 4
[crazychoir_task_assignment_webots_guidance-37] [INFO] [1745223781.090682923] [agent_6.guidance]: AGENT 6 Processing messages...
[crazychoir_task_assignment_webots_guidance-52] [INFO] [1745223781.090733701] [agent_9.guidance]: AGENT 9 received message from 3
[crazychoir_task_assignment_webots_guidance-32] [INFO] [1745223781.090802768] [agent_5.guidance]: AGENT 5 received message from 6
[crazychoir_task_assignment_webots_guidance-37] [INFO] [1745223781.090946780] [agent_6.guidance]: AGENT 6 received message from 0
[crazychoir_task_assignment_webots_guidance-52] [INFO] [1745223781.091036252] [agent_9.guidance]: AGENT 9 received message from 5
[crazychoir_task_assignment_webots_guidance-37] [INFO] [1745223781.091437900] [agent_6.guidance]: AGENT 6 received message from 1
[crazychoir_task_assignment_webots_guidance-37] [INFO] [1745223781.091737393] [agent_6.guidance]: AGENT 6 received message from 2
[crazychoir_task_assignment_webots_guidance-37] [INFO] [1745223781.094139359] [agent_6.guidance]: AGENT 6 received message from 3
[crazychoir_task_assignment_webots_guidance-32] [INFO] [1745223781.091573708] [agent_5.guidance]: AGENT 5 received message from 7
[crazychoir_task_assignment_webots_guidance-32] [INFO] [1745223781.091968671] [agent_5.guidance]: AGENT 5 received message from 8
[crazychoir_task_assignment_webots_guidance-32] [INFO] [1745223781.092256327] [agent_5.guidance]: AGENT 5 received message from 9
[crazychoir_task_assignment_webots_guidance-32] [INFO] [1745223781.093779044] [agent_5.guidance]: AGENT 5 Message processing completed. Any updates: False
[crazychoir_task_assignment_webots_guidance-32] [INFO] [1745223781.094075326] [agent_5.guidance]: --NO UPDATE-- AGENT 5 No updates.
[crazychoir_task_assignment_webots_guidance-32] [INFO] [1745223781.094391652] [agent_5.guidance]: AGENT 5 --- Iteration 2
[crazychoir_task_assignment_webots_guidance-52] [INFO] [1745223781.095353844] [agent_9.guidance]: AGENT 9 received message from 6
[crazychoir_task_assignment_webots_guidance-52] [INFO] [1745223781.095709509] [agent_9.guidance]: AGENT 9 Message processing completed. Any updates: False
[crazychoir_task_assignment_webots_guidance-32] [INFO] [1745223781.095715288] [agent_5.guidance]: AGENT 5 Exchanging messages...
[crazychoir_task_assignment_webots_guidance-37] [INFO] [1745223781.096026101] [agent_6.guidance]: AGENT 6 received message from 4
[crazychoir_task_assignment_webots_guidance-37] [INFO] [1745223781.096440564] [agent_6.guidance]: AGENT 6 received message from 5
[crazychoir_task_assignment_webots_guidance-37] [INFO] [1745223781.096747730] [agent_6.guidance]: AGENT 6 received message from 7
[crazychoir_task_assignment_webots_guidance-37] [INFO] [1745223781.097028518] [agent_6.guidance]: AGENT 6 received message from 8
[crazychoir_task_assignment_webots_guidance-37] [INFO] [1745223781.097306529] [agent_6.guidance]: AGENT 6 received message from 9
[crazychoir_task_assignment_webots_guidance-37] [INFO] [1745223781.097598504] [agent_6.guidance]: AGENT 6 Message processing completed. Any updates: False
[crazychoir_task_assignment_webots_guidance-52] [INFO] [1745223781.097398345] [agent_9.guidance]: --NO UPDATE-- AGENT 9 No updates.
[crazychoir_task_assignment_webots_guidance-52] [INFO] [1745223781.097718498] [agent_9.guidance]: AGENT 9 --- Iteration 2
[crazychoir_task_assignment_webots_guidance-37] [INFO] [1745223781.097845463] [agent_6.guidance]: --NO UPDATE-- AGENT 6 No updates.
[crazychoir_task_assignment_webots_guidance-37] [INFO] [1745223781.098093295] [agent_6.guidance]: AGENT 6 --- Iteration 2
[crazychoir_task_assignment_webots_guidance-52] [INFO] [1745223781.098231636] [agent_9.guidance]: AGENT 9 Exchanging messages...
[crazychoir_task_assignment_webots_guidance-37] [INFO] [1745223781.100012013] [agent_6.guidance]: AGENT 6 Exchanging messages...
[crazychoir_task_assignment_webots_guidance-17] [INFO] [1745223781.106581565] [agent_2.guidance]: AGENT 2 Message exchange completed. Received 9 responses.
[crazychoir_task_assignment_webots_guidance-7] [INFO] [1745223781.106624019] [agent_0.guidance]: AGENT 0 Message exchange completed. Received 9 responses.
[crazychoir_task_assignment_webots_guidance-17] [INFO] [1745223781.106858925] [agent_2.guidance]: AGENT 2 Processing messages...
[crazychoir_task_assignment_webots_guidance-7] [INFO] [1745223781.106901226] [agent_0.guidance]: AGENT 0 Processing messages...
[crazychoir_task_assignment_webots_guidance-47] [INFO] [1745223781.107068491] [agent_8.guidance]: AGENT 8 Message exchange completed. Received 9 responses.
[crazychoir_task_assignment_webots_guidance-12] [INFO] [1745223781.107081882] [agent_1.guidance]: AGENT 1 Message exchange completed. Received 9 responses.
[crazychoir_task_assignment_webots_guidance-7] [INFO] [1745223781.107158594] [agent_0.guidance]: AGENT 0 received message from 8
[crazychoir_task_assignment_webots_guidance-47] [INFO] [1745223781.107381170] [agent_8.guidance]: AGENT 8 Processing messages...
[crazychoir_task_assignment_webots_guidance-12] [INFO] [1745223781.107386913] [agent_1.guidance]: AGENT 1 Processing messages...
[crazychoir_task_assignment_webots_guidance-17] [INFO] [1745223781.107545866] [agent_2.guidance]: AGENT 2 received message from 0
[crazychoir_task_assignment_webots_guidance-7] [INFO] [1745223781.107573630] [agent_0.guidance]: AGENT 0 received message from 2
[crazychoir_task_assignment_webots_guidance-12] [INFO] [1745223781.107645870] [agent_1.guidance]: AGENT 1 received message from 0
[crazychoir_task_assignment_webots_guidance-47] [INFO] [1745223781.107646477] [agent_8.guidance]: AGENT 8 received message from 0
[crazychoir_task_assignment_webots_guidance-42] [INFO] [1745223781.107732736] [agent_7.guidance]: AGENT 7 Message exchange completed. Received 9 responses.
[crazychoir_task_assignment_webots_guidance-17] [INFO] [1745223781.107837682] [agent_2.guidance]: AGENT 2 received message from 8
[crazychoir_task_assignment_webots_guidance-7] [INFO] [1745223781.107860955] [agent_0.guidance]: AGENT 0 received message from 4
[crazychoir_task_assignment_webots_guidance-12] [INFO] [1745223781.107927125] [agent_1.guidance]: AGENT 1 received message from 2
[crazychoir_task_assignment_webots_guidance-47] [INFO] [1745223781.107936546] [agent_8.guidance]: AGENT 8 received message from 1
[crazychoir_task_assignment_webots_guidance-17] [INFO] [1745223781.108121505] [agent_2.guidance]: AGENT 2 received message from 4
[crazychoir_task_assignment_webots_guidance-7] [INFO] [1745223781.108137995] [agent_0.guidance]: AGENT 0 received message from 7
[crazychoir_task_assignment_webots_guidance-12] [INFO] [1745223781.108211389] [agent_1.guidance]: AGENT 1 received message from 3
[crazychoir_task_assignment_webots_guidance-17] [INFO] [1745223781.108394415] [agent_2.guidance]: AGENT 2 received message from 7
[crazychoir_task_assignment_webots_guidance-17] [INFO] [1745223781.108672480] [agent_2.guidance]: AGENT 2 received message from 1
[crazychoir_task_assignment_webots_guidance-47] [INFO] [1745223781.108435951] [agent_8.guidance]: AGENT 8 received message from 2
[crazychoir_task_assignment_webots_guidance-7] [INFO] [1745223781.108494071] [agent_0.guidance]: AGENT 0 received message from 1
[crazychoir_task_assignment_webots_guidance-12] [INFO] [1745223781.108517470] [agent_1.guidance]: AGENT 1 received message from 4
[crazychoir_task_assignment_webots_guidance-42] [INFO] [1745223781.108694730] [agent_7.guidance]: AGENT 7 Processing messages...
[crazychoir_task_assignment_webots_guidance-47] [INFO] [1745223781.108734798] [agent_8.guidance]: AGENT 8 received message from 4
[crazychoir_task_assignment_webots_guidance-7] [INFO] [1745223781.108779365] [agent_0.guidance]: AGENT 0 received message from 3
[crazychoir_task_assignment_webots_guidance-12] [INFO] [1745223781.108796514] [agent_1.guidance]: AGENT 1 received message from 7
[crazychoir_task_assignment_webots_guidance-17] [INFO] [1745223781.108941387] [agent_2.guidance]: AGENT 2 received message from 3
[crazychoir_task_assignment_webots_guidance-47] [INFO] [1745223781.109015201] [agent_8.guidance]: AGENT 8 received message from 7
[crazychoir_task_assignment_webots_guidance-42] [INFO] [1745223781.109026945] [agent_7.guidance]: AGENT 7 received message from 0
[crazychoir_task_assignment_webots_guidance-7] [INFO] [1745223781.109059198] [agent_0.guidance]: AGENT 0 received message from 5
[crazychoir_task_assignment_webots_guidance-12] [INFO] [1745223781.109068509] [agent_1.guidance]: AGENT 1 received message from 8
[crazychoir_task_assignment_webots_guidance-17] [INFO] [1745223781.109211588] [agent_2.guidance]: AGENT 2 received message from 5
[crazychoir_task_assignment_webots_guidance-47] [INFO] [1745223781.109351166] [agent_8.guidance]: AGENT 8 received message from 3
[crazychoir_task_assignment_webots_guidance-7] [INFO] [1745223781.109386446] [agent_0.guidance]: AGENT 0 received message from 9
[crazychoir_task_assignment_webots_guidance-32] [INFO] [1745223781.109446326] [agent_5.guidance]: AGENT 5 Message exchange completed. Received 9 responses.
[crazychoir_task_assignment_webots_guidance-17] [INFO] [1745223781.109485944] [agent_2.guidance]: AGENT 2 received message from 9
[crazychoir_task_assignment_webots_guidance-42] [INFO] [1745223781.109514438] [agent_7.guidance]: AGENT 7 received message from 2
[crazychoir_task_assignment_webots_guidance-47] [INFO] [1745223781.109632698] [agent_8.guidance]: AGENT 8 received message from 5
[crazychoir_task_assignment_webots_guidance-7] [INFO] [1745223781.109687598] [agent_0.guidance]: AGENT 0 received message from 6
[crazychoir_task_assignment_webots_guidance-7] [INFO] [1745223781.109958886] [agent_0.guidance]: AGENT 0 Message processing completed. Any updates: False
[crazychoir_task_assignment_webots_guidance-17] [INFO] [1745223781.109752171] [agent_2.guidance]: AGENT 2 received message from 6
[crazychoir_task_assignment_webots_guidance-32] [INFO] [1745223781.109755436] [agent_5.guidance]: AGENT 5 Processing messages...
[crazychoir_task_assignment_webots_guidance-42] [INFO] [1745223781.109896256] [agent_7.guidance]: AGENT 7 received message from 4
[crazychoir_task_assignment_webots_guidance-47] [INFO] [1745223781.109909957] [agent_8.guidance]: AGENT 8 received message from 9
[crazychoir_task_assignment_webots_guidance-17] [INFO] [1745223781.110017221] [agent_2.guidance]: AGENT 2 Message processing completed. Any updates: False
[crazychoir_task_assignment_webots_guidance-32] [INFO] [1745223781.110140785] [agent_5.guidance]: AGENT 5 received message from 0
[crazychoir_task_assignment_webots_guidance-32] [INFO] [1745223781.110496838] [agent_5.guidance]: AGENT 5 received message from 1
[crazychoir_task_assignment_webots_guidance-12] [INFO] [1745223781.110140941] [agent_1.guidance]: AGENT 1 received message from 5
[crazychoir_task_assignment_webots_guidance-12] [INFO] [1745223781.110433335] [agent_1.guidance]: AGENT 1 received message from 9
[crazychoir_task_assignment_webots_guidance-12] [INFO] [1745223781.110705765] [agent_1.guidance]: AGENT 1 received message from 6
[crazychoir_task_assignment_webots_guidance-47] [INFO] [1745223781.110180998] [agent_8.guidance]: AGENT 8 received message from 6
[crazychoir_task_assignment_webots_guidance-47] [INFO] [1745223781.110453988] [agent_8.guidance]: AGENT 8 Message processing completed. Any updates: False
[crazychoir_task_assignment_webots_guidance-47] [INFO] [1745223781.110703630] [agent_8.guidance]: --NO UPDATE-- AGENT 8 No updates.
[crazychoir_task_assignment_webots_guidance-7] [INFO] [1745223781.110205025] [agent_0.guidance]: --NO UPDATE-- AGENT 0 No updates.
[crazychoir_task_assignment_webots_guidance-7] [INFO] [1745223781.110463961] [agent_0.guidance]: AGENT 0 --- Iteration 3
[crazychoir_task_assignment_webots_guidance-17] [INFO] [1745223781.110257654] [agent_2.guidance]: --NO UPDATE-- AGENT 2 No updates.
[crazychoir_task_assignment_webots_guidance-17] [INFO] [1745223781.110501725] [agent_2.guidance]: AGENT 2 --- Iteration 3
[crazychoir_task_assignment_webots_guidance-42] [INFO] [1745223781.110446988] [agent_7.guidance]: AGENT 7 received message from 1
[crazychoir_task_assignment_webots_guidance-42] [INFO] [1745223781.110765847] [agent_7.guidance]: AGENT 7 received message from 8
[crazychoir_task_assignment_webots_guidance-32] [INFO] [1745223781.110916141] [agent_5.guidance]: AGENT 5 received message from 2
[crazychoir_task_assignment_webots_guidance-32] [INFO] [1745223781.111228498] [agent_5.guidance]: AGENT 5 received message from 3
[crazychoir_task_assignment_webots_guidance-7] [INFO] [1745223781.110935224] [agent_0.guidance]: AGENT 0 Exchanging messages...
[crazychoir_task_assignment_webots_guidance-47] [INFO] [1745223781.110954544] [agent_8.guidance]: AGENT 8 --- Iteration 3
[crazychoir_task_assignment_webots_guidance-17] [INFO] [1745223781.110964664] [agent_2.guidance]: AGENT 2 Exchanging messages...
[crazychoir_task_assignment_webots_guidance-12] [INFO] [1745223781.110977847] [agent_1.guidance]: AGENT 1 Message processing completed. Any updates: False
[crazychoir_task_assignment_webots_guidance-12] [INFO] [1745223781.111224747] [agent_1.guidance]: --NO UPDATE-- AGENT 1 No updates.
[crazychoir_task_assignment_webots_guidance-42] [INFO] [1745223781.111051276] [agent_7.guidance]: AGENT 7 received message from 3
[crazychoir_task_assignment_webots_guidance-47] [INFO] [1745223781.111427653] [agent_8.guidance]: AGENT 8 Exchanging messages...
[crazychoir_task_assignment_webots_guidance-42] [INFO] [1745223781.111466671] [agent_7.guidance]: AGENT 7 received message from 5
[crazychoir_task_assignment_webots_guidance-32] [INFO] [1745223781.111537975] [agent_5.guidance]: AGENT 5 received message from 4
[crazychoir_task_assignment_webots_guidance-42] [INFO] [1745223781.111753142] [agent_7.guidance]: AGENT 7 received message from 9
[crazychoir_task_assignment_webots_guidance-32] [INFO] [1745223781.111813061] [agent_5.guidance]: AGENT 5 received message from 7
[crazychoir_task_assignment_webots_guidance-42] [INFO] [1745223781.112024414] [agent_7.guidance]: AGENT 7 received message from 6
[crazychoir_task_assignment_webots_guidance-32] [INFO] [1745223781.112119280] [agent_5.guidance]: AGENT 5 received message from 8
[crazychoir_task_assignment_webots_guidance-42] [INFO] [1745223781.112396972] [agent_7.guidance]: AGENT 7 Message processing completed. Any updates: False
[crazychoir_task_assignment_webots_guidance-32] [INFO] [1745223781.112423377] [agent_5.guidance]: AGENT 5 received message from 9
[crazychoir_task_assignment_webots_guidance-12] [INFO] [1745223781.112530239] [agent_1.guidance]: AGENT 1 --- Iteration 3
[crazychoir_task_assignment_webots_guidance-42] [INFO] [1745223781.112660378] [agent_7.guidance]: --NO UPDATE-- AGENT 7 No updates.
[crazychoir_task_assignment_webots_guidance-32] [INFO] [1745223781.112733273] [agent_5.guidance]: AGENT 5 received message from 6
[crazychoir_task_assignment_webots_guidance-42] [INFO] [1745223781.112911801] [agent_7.guidance]: AGENT 7 --- Iteration 3
[crazychoir_task_assignment_webots_guidance-12] [INFO] [1745223781.113029263] [agent_1.guidance]: AGENT 1 Exchanging messages...
[crazychoir_task_assignment_webots_guidance-32] [INFO] [1745223781.113042450] [agent_5.guidance]: AGENT 5 Message processing completed. Any updates: True
[crazychoir_task_assignment_webots_guidance-32] [INFO] [1745223781.113326251] [agent_5.guidance]: --UPDATE OCCURED-- AGENT 5 Bundle updated.
[crazychoir_task_assignment_webots_guidance-42] [INFO] [1745223781.113583619] [agent_7.guidance]: AGENT 7 Exchanging messages...
[crazychoir_task_assignment_webots_guidance-22] [INFO] [1745223781.114087226] [agent_3.guidance]: AGENT 3 Message exchange completed. Received 9 responses.
[crazychoir_task_assignment_webots_guidance-22] [INFO] [1745223781.116707464] [agent_3.guidance]: AGENT 3 Processing messages...
[crazychoir_task_assignment_webots_guidance-22] [INFO] [1745223781.117049368] [agent_3.guidance]: AGENT 3 received message from 0
[crazychoir_task_assignment_webots_guidance-22] [INFO] [1745223781.117368116] [agent_3.guidance]: AGENT 3 received message from 1
[crazychoir_task_assignment_webots_guidance-27] [INFO] [1745223781.114161063] [agent_4.guidance]: AGENT 4 Message exchange completed. Received 9 responses.
[crazychoir_task_assignment_webots_guidance-27] [INFO] [1745223781.116940955] [agent_4.guidance]: AGENT 4 Processing messages...
[crazychoir_task_assignment_webots_guidance-27] [INFO] [1745223781.117232102] [agent_4.guidance]: AGENT 4 received message from 0
[crazychoir_task_assignment_webots_guidance-22] [INFO] [1745223781.117672929] [agent_3.guidance]: AGENT 3 received message from 2
[crazychoir_task_assignment_webots_guidance-22] [INFO] [1745223781.118001502] [agent_3.guidance]: AGENT 3 received message from 4
[crazychoir_task_assignment_webots_guidance-27] [INFO] [1745223781.117900356] [agent_4.guidance]: AGENT 4 received message from 2
[crazychoir_task_assignment_webots_guidance-32] [INFO] [1745223781.118080702] [agent_5.guidance]: AGENT 5 --- Iteration 3
[crazychoir_task_assignment_webots_guidance-27] [INFO] [1745223781.118203188] [agent_4.guidance]: AGENT 4 received message from 8
[crazychoir_task_assignment_webots_guidance-22] [INFO] [1745223781.118426136] [agent_3.guidance]: AGENT 3 received message from 7
[crazychoir_task_assignment_webots_guidance-32] [INFO] [1745223781.118702808] [agent_5.guidance]: AGENT 5 Exchanging messages...
[crazychoir_task_assignment_webots_guidance-22] [INFO] [1745223781.118774159] [agent_3.guidance]: AGENT 3 received message from 5
[crazychoir_task_assignment_webots_guidance-22] [INFO] [1745223781.119060384] [agent_3.guidance]: AGENT 3 received message from 8
[crazychoir_task_assignment_webots_guidance-27] [INFO] [1745223781.119154121] [agent_4.guidance]: AGENT 4 received message from 7
[crazychoir_task_assignment_webots_guidance-22] [INFO] [1745223781.119337043] [agent_3.guidance]: AGENT 3 received message from 9
[crazychoir_task_assignment_webots_guidance-27] [INFO] [1745223781.119523280] [agent_4.guidance]: AGENT 4 received message from 1
[crazychoir_task_assignment_webots_guidance-22] [INFO] [1745223781.119615470] [agent_3.guidance]: AGENT 3 received message from 6
[crazychoir_task_assignment_webots_guidance-22] [INFO] [1745223781.119941921] [agent_3.guidance]: AGENT 3 Message processing completed. Any updates: False
[crazychoir_task_assignment_webots_guidance-22] [INFO] [1745223781.120193757] [agent_3.guidance]: --NO UPDATE-- AGENT 3 No updates.
[crazychoir_task_assignment_webots_guidance-27] [INFO] [1745223781.120471288] [agent_4.guidance]: AGENT 4 received message from 3
[crazychoir_task_assignment_webots_guidance-52] [INFO] [1745223781.120545818] [agent_9.guidance]: AGENT 9 Message exchange completed. Received 9 responses.
[crazychoir_task_assignment_webots_guidance-27] [INFO] [1745223781.120783034] [agent_4.guidance]: AGENT 4 received message from 5
[crazychoir_task_assignment_webots_guidance-27] [INFO] [1745223781.121066978] [agent_4.guidance]: AGENT 4 received message from 9
[crazychoir_task_assignment_webots_guidance-52] [INFO] [1745223781.120926468] [agent_9.guidance]: AGENT 9 Processing messages...
[crazychoir_task_assignment_webots_guidance-52] [INFO] [1745223781.121228509] [agent_9.guidance]: AGENT 9 received message from 0
[crazychoir_task_assignment_webots_guidance-52] [INFO] [1745223781.121553842] [agent_9.guidance]: AGENT 9 received message from 1
[crazychoir_task_assignment_webots_guidance-22] [INFO] [1745223781.121789791] [agent_3.guidance]: AGENT 3 --- Iteration 3
[crazychoir_task_assignment_webots_guidance-52] [INFO] [1745223781.121877163] [agent_9.guidance]: AGENT 9 received message from 2
[crazychoir_task_assignment_webots_guidance-27] [INFO] [1745223781.122017014] [agent_4.guidance]: AGENT 4 received message from 6
[crazychoir_task_assignment_webots_guidance-52] [INFO] [1745223781.122689577] [agent_9.guidance]: AGENT 9 received message from 3
[crazychoir_task_assignment_webots_guidance-52] [INFO] [1745223781.123188482] [agent_9.guidance]: AGENT 9 received message from 4
[crazychoir_task_assignment_webots_guidance-52] [INFO] [1745223781.123591316] [agent_9.guidance]: AGENT 9 received message from 5
[crazychoir_task_assignment_webots_guidance-52] [INFO] [1745223781.123874089] [agent_9.guidance]: AGENT 9 received message from 6
[crazychoir_task_assignment_webots_guidance-52] [INFO] [1745223781.124149655] [agent_9.guidance]: AGENT 9 received message from 7
[crazychoir_task_assignment_webots_guidance-27] [INFO] [1745223781.123610678] [agent_4.guidance]: AGENT 4 Message processing completed. Any updates: False
[crazychoir_task_assignment_webots_guidance-27] [INFO] [1745223781.123957487] [agent_4.guidance]: --NO UPDATE-- AGENT 4 No updates.
[crazychoir_task_assignment_webots_guidance-27] [INFO] [1745223781.124224894] [agent_4.guidance]: AGENT 4 --- Iteration 3
[crazychoir_task_assignment_webots_guidance-22] [INFO] [1745223781.124121493] [agent_3.guidance]: AGENT 3 Exchanging messages...
[crazychoir_task_assignment_webots_guidance-52] [INFO] [1745223781.129006830] [agent_9.guidance]: AGENT 9 received message from 8
[crazychoir_task_assignment_webots_guidance-27] [INFO] [1745223781.129067122] [agent_4.guidance]: AGENT 4 Exchanging messages...
[crazychoir_task_assignment_webots_guidance-52] [INFO] [1745223781.129963486] [agent_9.guidance]: AGENT 9 Message processing completed. Any updates: True
[crazychoir_task_assignment_webots_guidance-52] [INFO] [1745223781.130271962] [agent_9.guidance]: --UPDATE OCCURED-- AGENT 9 Bundle updated.
[crazychoir_task_assignment_webots_guidance-52] [INFO] [1745223781.131416094] [agent_9.guidance]: AGENT 9 --- Iteration 3
[crazychoir_task_assignment_webots_guidance-52] [INFO] [1745223781.131969443] [agent_9.guidance]: AGENT 9 Exchanging messages...
[crazychoir_task_assignment_webots_guidance-37] [INFO] [1745223781.151668013] [agent_6.guidance]: AGENT 6 Message exchange completed. Received 9 responses.
[crazychoir_task_assignment_webots_guidance-37] [INFO] [1745223781.152004626] [agent_6.guidance]: AGENT 6 Processing messages...
[crazychoir_task_assignment_webots_guidance-37] [INFO] [1745223781.152342672] [agent_6.guidance]: AGENT 6 received message from 0
[crazychoir_task_assignment_webots_guidance-37] [INFO] [1745223781.153227700] [agent_6.guidance]: AGENT 6 received message from 1
[crazychoir_task_assignment_webots_guidance-37] [INFO] [1745223781.153633931] [agent_6.guidance]: AGENT 6 received message from 2
[crazychoir_task_assignment_webots_guidance-37] [INFO] [1745223781.154487259] [agent_6.guidance]: AGENT 6 received message from 3
[crazychoir_task_assignment_webots_guidance-37] [INFO] [1745223781.154793131] [agent_6.guidance]: AGENT 6 received message from 4
[crazychoir_task_assignment_webots_guidance-37] [INFO] [1745223781.155080984] [agent_6.guidance]: AGENT 6 received message from 5
[crazychoir_task_assignment_webots_guidance-37] [INFO] [1745223781.155422113] [agent_6.guidance]: AGENT 6 received message from 7
[crazychoir_task_assignment_webots_guidance-37] [INFO] [1745223781.155711636] [agent_6.guidance]: AGENT 6 received message from 8
[crazychoir_task_assignment_webots_guidance-37] [INFO] [1745223781.155985543] [agent_6.guidance]: AGENT 6 received message from 9
[crazychoir_task_assignment_webots_guidance-37] [INFO] [1745223781.156305178] [agent_6.guidance]: AGENT 6 Message processing completed. Any updates: True
[crazychoir_task_assignment_webots_guidance-37] [INFO] [1745223781.156577452] [agent_6.guidance]: --UPDATE OCCURED-- AGENT 6 Bundle updated.
[crazychoir_task_assignment_webots_guidance-37] [INFO] [1745223781.160790030] [agent_6.guidance]: AGENT 6 --- Iteration 3
[crazychoir_task_assignment_webots_guidance-37] [INFO] [1745223781.163539656] [agent_6.guidance]: AGENT 6 Exchanging messages...
[crazychoir_task_assignment_webots_guidance-7] [INFO] [1745223781.167034925] [agent_0.guidance]: AGENT 0 Message exchange completed. Received 9 responses.
[crazychoir_task_assignment_webots_guidance-7] [INFO] [1745223781.167317582] [agent_0.guidance]: AGENT 0 Processing messages...
[crazychoir_task_assignment_webots_guidance-7] [INFO] [1745223781.167575894] [agent_0.guidance]: AGENT 0 received message from 2
[crazychoir_task_assignment_webots_guidance-7] [INFO] [1745223781.167854757] [agent_0.guidance]: AGENT 0 received message from 7
[crazychoir_task_assignment_webots_guidance-7] [INFO] [1745223781.168132071] [agent_0.guidance]: AGENT 0 received message from 1
[crazychoir_task_assignment_webots_guidance-7] [INFO] [1745223781.168410870] [agent_0.guidance]: AGENT 0 received message from 8
[crazychoir_task_assignment_webots_guidance-7] [INFO] [1745223781.168698984] [agent_0.guidance]: AGENT 0 received message from 5
[crazychoir_task_assignment_webots_guidance-7] [INFO] [1745223781.168978263] [agent_0.guidance]: AGENT 0 received message from 3
[crazychoir_task_assignment_webots_guidance-17] [INFO] [1745223781.167044967] [agent_2.guidance]: AGENT 2 Message exchange completed. Received 9 responses.
[crazychoir_task_assignment_webots_guidance-17] [INFO] [1745223781.167393170] [agent_2.guidance]: AGENT 2 Processing messages...
[crazychoir_task_assignment_webots_guidance-17] [INFO] [1745223781.167672747] [agent_2.guidance]: AGENT 2 received message from 0
[crazychoir_task_assignment_webots_guidance-17] [INFO] [1745223781.167955578] [agent_2.guidance]: AGENT 2 received message from 7
[crazychoir_task_assignment_webots_guidance-17] [INFO] [1745223781.168241929] [agent_2.guidance]: AGENT 2 received message from 1
[crazychoir_task_assignment_webots_guidance-52] [INFO] [1745223781.167061506] [agent_9.guidance]: AGENT 9 Message exchange completed. Received 9 responses.
[crazychoir_task_assignment_webots_guidance-52] [INFO] [1745223781.167334745] [agent_9.guidance]: AGENT 9 Processing messages...
[crazychoir_task_assignment_webots_guidance-52] [INFO] [1745223781.167588781] [agent_9.guidance]: AGENT 9 received message from 0
[crazychoir_task_assignment_webots_guidance-32] [INFO] [1745223781.167549137] [agent_5.guidance]: AGENT 5 Message exchange completed. Received 9 responses.
[crazychoir_task_assignment_webots_guidance-17] [INFO] [1745223781.169148290] [agent_2.guidance]: AGENT 2 received message from 8
[crazychoir_task_assignment_webots_guidance-22] [INFO] [1745223781.169300674] [agent_3.guidance]: AGENT 3 Message exchange completed. Received 9 responses.
[crazychoir_task_assignment_webots_guidance-52] [INFO] [1745223781.169875504] [agent_9.guidance]: AGENT 9 received message from 1
[crazychoir_task_assignment_webots_guidance-32] [INFO] [1745223781.170062282] [agent_5.guidance]: AGENT 5 Processing messages...
[crazychoir_task_assignment_webots_guidance-12] [INFO] [1745223781.170065148] [agent_1.guidance]: AGENT 1 Message exchange completed. Received 9 responses.
[crazychoir_task_assignment_webots_guidance-17] [INFO] [1745223781.170084966] [agent_2.guidance]: AGENT 2 received message from 5
[crazychoir_task_assignment_webots_guidance-52] [INFO] [1745223781.170192508] [agent_9.guidance]: AGENT 9 received message from 2
[crazychoir_task_assignment_webots_guidance-52] [INFO] [1745223781.170467729] [agent_9.guidance]: AGENT 9 received message from 3
[crazychoir_task_assignment_webots_guidance-32] [INFO] [1745223781.170360996] [agent_5.guidance]: AGENT 5 received message from 0
[crazychoir_task_assignment_webots_guidance-12] [INFO] [1745223781.170388273] [agent_1.guidance]: AGENT 1 Processing messages...
[crazychoir_task_assignment_webots_guidance-32] [INFO] [1745223781.170649764] [agent_5.guidance]: AGENT 5 received message from 1
[crazychoir_task_assignment_webots_guidance-32] [INFO] [1745223781.170926620] [agent_5.guidance]: AGENT 5 received message from 2
[crazychoir_task_assignment_webots_guidance-12] [INFO] [1745223781.170651513] [agent_1.guidance]: AGENT 1 received message from 0
[crazychoir_task_assignment_webots_guidance-12] [INFO] [1745223781.170930087] [agent_1.guidance]: AGENT 1 received message from 2
[crazychoir_task_assignment_webots_guidance-52] [INFO] [1745223781.170739603] [agent_9.guidance]: AGENT 9 received message from 4
[crazychoir_task_assignment_webots_guidance-52] [INFO] [1745223781.171006201] [agent_9.guidance]: AGENT 9 received message from 5
[crazychoir_task_assignment_webots_guidance-32] [INFO] [1745223781.171201009] [agent_5.guidance]: AGENT 5 received message from 7
[crazychoir_task_assignment_webots_guidance-12] [INFO] [1745223781.171201959] [agent_1.guidance]: AGENT 1 received message from 7
[crazychoir_task_assignment_webots_guidance-52] [INFO] [1745223781.171272343] [agent_9.guidance]: AGENT 9 received message from 7
[crazychoir_task_assignment_webots_guidance-32] [INFO] [1745223781.171472811] [agent_5.guidance]: AGENT 5 received message from 8
[crazychoir_task_assignment_webots_guidance-17] [INFO] [1745223781.171501870] [agent_2.guidance]: AGENT 2 received message from 3
[crazychoir_task_assignment_webots_guidance-12] [INFO] [1745223781.171565448] [agent_1.guidance]: AGENT 1 received message from 5
[crazychoir_task_assignment_webots_guidance-22] [INFO] [1745223781.171611179] [agent_3.guidance]: AGENT 3 Processing messages...
[crazychoir_task_assignment_webots_guidance-32] [INFO] [1745223781.171746978] [agent_5.guidance]: AGENT 5 received message from 3
[crazychoir_task_assignment_webots_guidance-32] [INFO] [1745223781.172295726] [agent_5.guidance]: AGENT 5 received message from 4
[crazychoir_task_assignment_webots_guidance-17] [INFO] [1745223781.171809182] [agent_2.guidance]: AGENT 2 received message from 4
[crazychoir_task_assignment_webots_guidance-17] [INFO] [1745223781.172094048] [agent_2.guidance]: AGENT 2 received message from 9
[crazychoir_task_assignment_webots_guidance-12] [INFO] [1745223781.171851340] [agent_1.guidance]: AGENT 1 received message from 8
[crazychoir_task_assignment_webots_guidance-22] [INFO] [1745223781.171978489] [agent_3.guidance]: AGENT 3 received message from 0
[crazychoir_task_assignment_webots_guidance-22] [INFO] [1745223781.172274365] [agent_3.guidance]: AGENT 3 received message from 1
[crazychoir_task_assignment_webots_guidance-22] [INFO] [1745223781.172561114] [agent_3.guidance]: AGENT 3 received message from 2
[crazychoir_task_assignment_webots_guidance-7] [INFO] [1745223781.172286574] [agent_0.guidance]: AGENT 0 received message from 4
[crazychoir_task_assignment_webots_guidance-7] [INFO] [1745223781.172618367] [agent_0.guidance]: AGENT 0 received message from 9
[crazychoir_task_assignment_webots_guidance-42] [INFO] [1745223781.172607990] [agent_7.guidance]: AGENT 7 Message exchange completed. Received 9 responses.
[crazychoir_task_assignment_webots_guidance-12] [INFO] [1745223781.172663027] [agent_1.guidance]: AGENT 1 received message from 3
[crazychoir_task_assignment_webots_guidance-12] [INFO] [1745223781.172960475] [agent_1.guidance]: AGENT 1 received message from 4
[crazychoir_task_assignment_webots_guidance-32] [INFO] [1745223781.172760969] [agent_5.guidance]: AGENT 5 received message from 9
[crazychoir_task_assignment_webots_guidance-32] [INFO] [1745223781.173044424] [agent_5.guidance]: AGENT 5 received message from 6
[crazychoir_task_assignment_webots_guidance-22] [INFO] [1745223781.172836162] [agent_3.guidance]: AGENT 3 received message from 4
[crazychoir_task_assignment_webots_guidance-42] [INFO] [1745223781.172889931] [agent_7.guidance]: AGENT 7 Processing messages...
[crazychoir_task_assignment_webots_guidance-7] [INFO] [1745223781.172903792] [agent_0.guidance]: AGENT 0 received message from 6
[crazychoir_task_assignment_webots_guidance-22] [INFO] [1745223781.173105303] [agent_3.guidance]: AGENT 3 received message from 5
[crazychoir_task_assignment_webots_guidance-22] [INFO] [1745223781.173373803] [agent_3.guidance]: AGENT 3 received message from 7
[crazychoir_task_assignment_webots_guidance-42] [INFO] [1745223781.173148679] [agent_7.guidance]: AGENT 7 received message from 0
[crazychoir_task_assignment_webots_guidance-7] [INFO] [1745223781.173185375] [agent_0.guidance]: AGENT 0 Message processing completed. Any updates: True
[crazychoir_task_assignment_webots_guidance-12] [INFO] [1745223781.173236841] [agent_1.guidance]: AGENT 1 received message from 9
[crazychoir_task_assignment_webots_guidance-32] [INFO] [1745223781.173319742] [agent_5.guidance]: AGENT 5 Message processing completed. Any updates: True
[crazychoir_task_assignment_webots_guidance-7] [INFO] [1745223781.173456137] [agent_0.guidance]: --UPDATE OCCURED-- AGENT 0 Bundle updated.
[crazychoir_task_assignment_webots_guidance-17] [INFO] [1745223781.173496777] [agent_2.guidance]: AGENT 2 received message from 6
[crazychoir_task_assignment_webots_guidance-17] [INFO] [1745223781.175566933] [agent_2.guidance]: AGENT 2 Message processing completed. Any updates: True
[crazychoir_task_assignment_webots_guidance-17] [INFO] [1745223781.175881090] [agent_2.guidance]: --UPDATE OCCURED-- AGENT 2 Bundle updated.
[crazychoir_task_assignment_webots_guidance-12] [INFO] [1745223781.173536459] [agent_1.guidance]: AGENT 1 received message from 6
[crazychoir_task_assignment_webots_guidance-12] [INFO] [1745223781.177981344] [agent_1.guidance]: AGENT 1 Message processing completed. Any updates: True
[crazychoir_task_assignment_webots_guidance-32] [INFO] [1745223781.173584059] [agent_5.guidance]: --UPDATE OCCURED-- AGENT 5 Bundle updated.
[crazychoir_task_assignment_webots_guidance-22] [INFO] [1745223781.173640740] [agent_3.guidance]: AGENT 3 received message from 8
[crazychoir_task_assignment_webots_guidance-22] [INFO] [1745223781.176525324] [agent_3.guidance]: AGENT 3 received message from 9
[crazychoir_task_assignment_webots_guidance-22] [INFO] [1745223781.177635841] [agent_3.guidance]: AGENT 3 received message from 6
[crazychoir_task_assignment_webots_guidance-22] [INFO] [1745223781.177958876] [agent_3.guidance]: AGENT 3 Message processing completed. Any updates: True
[crazychoir_task_assignment_webots_guidance-52] [INFO] [1745223781.174272532] [agent_9.guidance]: AGENT 9 received message from 8
[crazychoir_task_assignment_webots_guidance-52] [INFO] [1745223781.174591329] [agent_9.guidance]: AGENT 9 received message from 6
[crazychoir_task_assignment_webots_guidance-52] [INFO] [1745223781.174873987] [agent_9.guidance]: AGENT 9 Message processing completed. Any updates: True
[crazychoir_task_assignment_webots_guidance-52] [INFO] [1745223781.175584094] [agent_9.guidance]: --UPDATE OCCURED-- AGENT 9 Bundle updated.
[crazychoir_task_assignment_webots_guidance-42] [INFO] [1745223781.174535616] [agent_7.guidance]: AGENT 7 received message from 2
[crazychoir_task_assignment_webots_guidance-42] [INFO] [1745223781.174864276] [agent_7.guidance]: AGENT 7 received message from 1
[crazychoir_task_assignment_webots_guidance-42] [INFO] [1745223781.175153288] [agent_7.guidance]: AGENT 7 received message from 8
[crazychoir_task_assignment_webots_guidance-42] [INFO] [1745223781.177963826] [agent_7.guidance]: AGENT 7 received message from 5
[crazychoir_task_assignment_webots_guidance-22] [INFO] [1745223781.178231470] [agent_3.guidance]: --UPDATE OCCURED-- AGENT 3 Bundle updated.
[crazychoir_task_assignment_webots_guidance-12] [INFO] [1745223781.178289016] [agent_1.guidance]: --UPDATE OCCURED-- AGENT 1 Bundle updated.
[crazychoir_task_assignment_webots_guidance-32] [INFO] [1745223781.178613376] [agent_5.guidance]: AGENT 5 --- Iteration 4
[crazychoir_task_assignment_webots_guidance-32] [INFO] [1745223781.179122195] [agent_5.guidance]: AGENT 5 Exchanging messages...
[crazychoir_task_assignment_webots_guidance-7] [INFO] [1745223781.179150927] [agent_0.guidance]: AGENT 0 --- Iteration 4
[crazychoir_task_assignment_webots_guidance-17] [INFO] [1745223781.179199954] [agent_2.guidance]: AGENT 2 --- Iteration 4
[crazychoir_task_assignment_webots_guidance-12] [INFO] [1745223781.179315095] [agent_1.guidance]: AGENT 1 --- Iteration 4
[crazychoir_task_assignment_webots_guidance-42] [INFO] [1745223781.179362206] [agent_7.guidance]: AGENT 7 received message from 3
[crazychoir_task_assignment_webots_guidance-47] [INFO] [1745223781.180443306] [agent_8.guidance]: AGENT 8 Message exchange completed. Received 9 responses.
[crazychoir_task_assignment_webots_guidance-52] [INFO] [1745223781.180645207] [agent_9.guidance]: AGENT 9 --- Iteration 4
[crazychoir_task_assignment_webots_guidance-42] [INFO] [1745223781.180751204] [agent_7.guidance]: AGENT 7 received message from 4
[crazychoir_task_assignment_webots_guidance-42] [INFO] [1745223781.181074858] [agent_7.guidance]: AGENT 7 received message from 9
[crazychoir_task_assignment_webots_guidance-12] [INFO] [1745223781.180798445] [agent_1.guidance]: AGENT 1 Exchanging messages...
[crazychoir_task_assignment_webots_guidance-47] [INFO] [1745223781.180833700] [agent_8.guidance]: AGENT 8 Processing messages...
[crazychoir_task_assignment_webots_guidance-47] [INFO] [1745223781.181094678] [agent_8.guidance]: AGENT 8 received message from 0
[crazychoir_task_assignment_webots_guidance-7] [INFO] [1745223781.180998385] [agent_0.guidance]: AGENT 0 Exchanging messages...
[crazychoir_task_assignment_webots_guidance-52] [INFO] [1745223781.181157775] [agent_9.guidance]: AGENT 9 Exchanging messages...
[crazychoir_task_assignment_webots_guidance-47] [INFO] [1745223781.181373945] [agent_8.guidance]: AGENT 8 received message from 1
[crazychoir_task_assignment_webots_guidance-47] [INFO] [1745223781.181647865] [agent_8.guidance]: AGENT 8 received message from 2
[crazychoir_task_assignment_webots_guidance-47] [INFO] [1745223781.181921953] [agent_8.guidance]: AGENT 8 received message from 5
[crazychoir_task_assignment_webots_guidance-47] [INFO] [1745223781.182194427] [agent_8.guidance]: AGENT 8 received message from 7
[crazychoir_task_assignment_webots_guidance-17] [INFO] [1745223781.181725795] [agent_2.guidance]: AGENT 2 Exchanging messages...
[crazychoir_task_assignment_webots_guidance-42] [INFO] [1745223781.183061910] [agent_7.guidance]: AGENT 7 received message from 6
[crazychoir_task_assignment_webots_guidance-42] [INFO] [1745223781.185335668] [agent_7.guidance]: AGENT 7 Message processing completed. Any updates: True
[crazychoir_task_assignment_webots_guidance-47] [INFO] [1745223781.185747482] [agent_8.guidance]: AGENT 8 received message from 3
[crazychoir_task_assignment_webots_guidance-22] [INFO] [1745223781.186167196] [agent_3.guidance]: AGENT 3 --- Iteration 4
[crazychoir_task_assignment_webots_guidance-22] [INFO] [1745223781.186678311] [agent_3.guidance]: AGENT 3 Exchanging messages...
[crazychoir_task_assignment_webots_guidance-42] [INFO] [1745223781.187537257] [agent_7.guidance]: --UPDATE OCCURED-- AGENT 7 Bundle updated.
[crazychoir_task_assignment_webots_guidance-47] [INFO] [1745223781.187616263] [agent_8.guidance]: AGENT 8 received message from 4
[crazychoir_task_assignment_webots_guidance-47] [INFO] [1745223781.187981222] [agent_8.guidance]: AGENT 8 received message from 9
[crazychoir_task_assignment_webots_guidance-47] [INFO] [1745223781.188268772] [agent_8.guidance]: AGENT 8 received message from 6
[crazychoir_task_assignment_webots_guidance-42] [INFO] [1745223781.189699995] [agent_7.guidance]: AGENT 7 --- Iteration 4
[crazychoir_task_assignment_webots_guidance-42] [INFO] [1745223781.190205626] [agent_7.guidance]: AGENT 7 Exchanging messages...
[crazychoir_task_assignment_webots_guidance-47] [INFO] [1745223781.190276310] [agent_8.guidance]: AGENT 8 Message processing completed. Any updates: True
[crazychoir_task_assignment_webots_guidance-47] [INFO] [1745223781.190582658] [agent_8.guidance]: --UPDATE OCCURED-- AGENT 8 Bundle updated.
[crazychoir_task_assignment_webots_guidance-27] [INFO] [1745223781.191720413] [agent_4.guidance]: AGENT 4 Message exchange completed. Received 9 responses.
[crazychoir_task_assignment_webots_guidance-27] [INFO] [1745223781.194567054] [agent_4.guidance]: AGENT 4 Processing messages...
[crazychoir_task_assignment_webots_guidance-27] [INFO] [1745223781.196039999] [agent_4.guidance]: AGENT 4 received message from 0
[crazychoir_task_assignment_webots_guidance-27] [INFO] [1745223781.196350309] [agent_4.guidance]: AGENT 4 received message from 1
[crazychoir_task_assignment_webots_guidance-27] [INFO] [1745223781.196637992] [agent_4.guidance]: AGENT 4 received message from 2
[crazychoir_task_assignment_webots_guidance-27] [INFO] [1745223781.196911602] [agent_4.guidance]: AGENT 4 received message from 3
[crazychoir_task_assignment_webots_guidance-27] [INFO] [1745223781.197184961] [agent_4.guidance]: AGENT 4 received message from 5
[crazychoir_task_assignment_webots_guidance-47] [INFO] [1745223781.199614511] [agent_8.guidance]: AGENT 8 --- Iteration 4
[crazychoir_task_assignment_webots_guidance-47] [INFO] [1745223781.200144844] [agent_8.guidance]: AGENT 8 Exchanging messages...
[crazychoir_task_assignment_webots_guidance-27] [INFO] [1745223781.205659130] [agent_4.guidance]: AGENT 4 received message from 7
[crazychoir_task_assignment_webots_guidance-27] [INFO] [1745223781.205966389] [agent_4.guidance]: AGENT 4 received message from 8
[crazychoir_task_assignment_webots_guidance-27] [INFO] [1745223781.206402521] [agent_4.guidance]: AGENT 4 received message from 9
[crazychoir_task_assignment_webots_guidance-27] [INFO] [1745223781.206702003] [agent_4.guidance]: AGENT 4 received message from 6
[crazychoir_task_assignment_webots_guidance-27] [INFO] [1745223781.206980822] [agent_4.guidance]: AGENT 4 Message processing completed. Any updates: True
[crazychoir_task_assignment_webots_guidance-27] [INFO] [1745223781.207249961] [agent_4.guidance]: --UPDATE OCCURED-- AGENT 4 Bundle updated.
[crazychoir_task_assignment_webots_guidance-37] [INFO] [1745223781.208117365] [agent_6.guidance]: AGENT 6 Message exchange completed. Received 9 responses.
[crazychoir_task_assignment_webots_guidance-37] [INFO] [1745223781.208396385] [agent_6.guidance]: AGENT 6 Processing messages...
[crazychoir_task_assignment_webots_guidance-37] [INFO] [1745223781.209676006] [agent_6.guidance]: AGENT 6 received message from 0
[crazychoir_task_assignment_webots_guidance-37] [INFO] [1745223781.210004250] [agent_6.guidance]: AGENT 6 received message from 1
[crazychoir_task_assignment_webots_guidance-37] [INFO] [1745223781.210851553] [agent_6.guidance]: AGENT 6 received message from 2
[crazychoir_task_assignment_webots_guidance-37] [INFO] [1745223781.211177462] [agent_6.guidance]: AGENT 6 received message from 3
[crazychoir_task_assignment_webots_guidance-37] [INFO] [1745223781.211559707] [agent_6.guidance]: AGENT 6 received message from 4
[crazychoir_task_assignment_webots_guidance-37] [INFO] [1745223781.211851776] [agent_6.guidance]: AGENT 6 received message from 5
[crazychoir_task_assignment_webots_guidance-37] [INFO] [1745223781.212126161] [agent_6.guidance]: AGENT 6 received message from 7
[crazychoir_task_assignment_webots_guidance-37] [INFO] [1745223781.212471240] [agent_6.guidance]: AGENT 6 received message from 8
[crazychoir_task_assignment_webots_guidance-37] [INFO] [1745223781.212754285] [agent_6.guidance]: AGENT 6 received message from 9
[crazychoir_task_assignment_webots_guidance-27] [INFO] [1745223781.212846506] [agent_4.guidance]: AGENT 4 --- Iteration 4
[crazychoir_task_assignment_webots_guidance-37] [INFO] [1745223781.213041662] [agent_6.guidance]: AGENT 6 Message processing completed. Any updates: False
[crazychoir_task_assignment_webots_guidance-27] [INFO] [1745223781.214207687] [agent_4.guidance]: AGENT 4 Exchanging messages...
[crazychoir_task_assignment_webots_guidance-37] [INFO] [1745223781.214638423] [agent_6.guidance]: --NO UPDATE-- AGENT 6 No updates.
[crazychoir_task_assignment_webots_guidance-37] [INFO] [1745223781.214916384] [agent_6.guidance]: AGENT 6 --- Iteration 4
[crazychoir_task_assignment_webots_guidance-37] [INFO] [1745223781.217051506] [agent_6.guidance]: AGENT 6 Exchanging messages...
[crazychoir_task_assignment_webots_guidance-12] [INFO] [1745223781.222225514] [agent_1.guidance]: AGENT 1 Message exchange completed. Received 9 responses.
[crazychoir_task_assignment_webots_guidance-12] [INFO] [1745223781.222547756] [agent_1.guidance]: AGENT 1 Processing messages...
[crazychoir_task_assignment_webots_guidance-12] [INFO] [1745223781.222811549] [agent_1.guidance]: AGENT 1 received message from 0
[crazychoir_task_assignment_webots_guidance-12] [INFO] [1745223781.223091940] [agent_1.guidance]: AGENT 1 received message from 2
[crazychoir_task_assignment_webots_guidance-12] [INFO] [1745223781.223368980] [agent_1.guidance]: AGENT 1 received message from 3
[crazychoir_task_assignment_webots_guidance-12] [INFO] [1745223781.224182604] [agent_1.guidance]: AGENT 1 received message from 5
[crazychoir_task_assignment_webots_guidance-12] [INFO] [1745223781.224494317] [agent_1.guidance]: AGENT 1 received message from 9
[crazychoir_task_assignment_webots_guidance-12] [INFO] [1745223781.224838413] [agent_1.guidance]: AGENT 1 received message from 7
[crazychoir_task_assignment_webots_guidance-32] [INFO] [1745223781.222267761] [agent_5.guidance]: AGENT 5 Message exchange completed. Received 9 responses.
[crazychoir_task_assignment_webots_guidance-32] [INFO] [1745223781.222542114] [agent_5.guidance]: AGENT 5 Processing messages...
[crazychoir_task_assignment_webots_guidance-32] [INFO] [1745223781.222854140] [agent_5.guidance]: AGENT 5 received message from 0
[crazychoir_task_assignment_webots_guidance-32] [INFO] [1745223781.223137066] [agent_5.guidance]: AGENT 5 received message from 1
[crazychoir_task_assignment_webots_guidance-32] [INFO] [1745223781.223413073] [agent_5.guidance]: AGENT 5 received message from 2
[crazychoir_task_assignment_webots_guidance-32] [INFO] [1745223781.223775704] [agent_5.guidance]: AGENT 5 received message from 3
[crazychoir_task_assignment_webots_guidance-32] [INFO] [1745223781.224058451] [agent_5.guidance]: AGENT 5 received message from 7
[crazychoir_task_assignment_webots_guidance-32] [INFO] [1745223781.224331422] [agent_5.guidance]: AGENT 5 received message from 9
[crazychoir_task_assignment_webots_guidance-32] [INFO] [1745223781.224607186] [agent_5.guidance]: AGENT 5 received message from 8
[crazychoir_task_assignment_webots_guidance-7] [INFO] [1745223781.222289441] [agent_0.guidance]: AGENT 0 Message exchange completed. Received 9 responses.
[crazychoir_task_assignment_webots_guidance-7] [INFO] [1745223781.222568485] [agent_0.guidance]: AGENT 0 Processing messages...
[crazychoir_task_assignment_webots_guidance-7] [INFO] [1745223781.222838566] [agent_0.guidance]: AGENT 0 received message from 2
[crazychoir_task_assignment_webots_guidance-7] [INFO] [1745223781.223122194] [agent_0.guidance]: AGENT 0 received message from 5
[crazychoir_task_assignment_webots_guidance-7] [INFO] [1745223781.223446651] [agent_0.guidance]: AGENT 0 received message from 1
[crazychoir_task_assignment_webots_guidance-7] [INFO] [1745223781.224193666] [agent_0.guidance]: AGENT 0 received message from 9
[crazychoir_task_assignment_webots_guidance-7] [INFO] [1745223781.224488749] [agent_0.guidance]: AGENT 0 received message from 3
[crazychoir_task_assignment_webots_guidance-7] [INFO] [1745223781.224773023] [agent_0.guidance]: AGENT 0 received message from 7
[crazychoir_task_assignment_webots_guidance-17] [INFO] [1745223781.222496232] [agent_2.guidance]: AGENT 2 Message exchange completed. Received 9 responses.
[crazychoir_task_assignment_webots_guidance-17] [INFO] [1745223781.222773815] [agent_2.guidance]: AGENT 2 Processing messages...
[crazychoir_task_assignment_webots_guidance-17] [INFO] [1745223781.223037787] [agent_2.guidance]: AGENT 2 received message from 0
[crazychoir_task_assignment_webots_guidance-17] [INFO] [1745223781.223316449] [agent_2.guidance]: AGENT 2 received message from 5
[crazychoir_task_assignment_webots_guidance-17] [INFO] [1745223781.223605052] [agent_2.guidance]: AGENT 2 received message from 1
[crazychoir_task_assignment_webots_guidance-17] [INFO] [1745223781.223891644] [agent_2.guidance]: AGENT 2 received message from 3
[crazychoir_task_assignment_webots_guidance-17] [INFO] [1745223781.224166343] [agent_2.guidance]: AGENT 2 received message from 9
[crazychoir_task_assignment_webots_guidance-52] [INFO] [1745223781.222928969] [agent_9.guidance]: AGENT 9 Message exchange completed. Received 9 responses.
[crazychoir_task_assignment_webots_guidance-52] [INFO] [1745223781.223200315] [agent_9.guidance]: AGENT 9 Processing messages...
[crazychoir_task_assignment_webots_guidance-52] [INFO] [1745223781.223459243] [agent_9.guidance]: AGENT 9 received message from 0
[crazychoir_task_assignment_webots_guidance-52] [INFO] [1745223781.223735844] [agent_9.guidance]: AGENT 9 received message from 1
[crazychoir_task_assignment_webots_guidance-52] [INFO] [1745223781.224005117] [agent_9.guidance]: AGENT 9 received message from 2
[crazychoir_task_assignment_webots_guidance-52] [INFO] [1745223781.224274345] [agent_9.guidance]: AGENT 9 received message from 3
[crazychoir_task_assignment_webots_guidance-32] [INFO] [1745223781.224883617] [agent_5.guidance]: AGENT 5 received message from 6
[crazychoir_task_assignment_webots_guidance-7] [INFO] [1745223781.225046704] [agent_0.guidance]: AGENT 0 received message from 8
[crazychoir_task_assignment_webots_guidance-7] [INFO] [1745223781.225380832] [agent_0.guidance]: AGENT 0 received message from 6
[crazychoir_task_assignment_webots_guidance-12] [INFO] [1745223781.225123092] [agent_1.guidance]: AGENT 1 received message from 8
[crazychoir_task_assignment_webots_guidance-12] [INFO] [1745223781.225434113] [agent_1.guidance]: AGENT 1 received message from 6
[crazychoir_task_assignment_webots_guidance-12] [INFO] [1745223781.225715172] [agent_1.guidance]: AGENT 1 received message from 4
[crazychoir_task_assignment_webots_guidance-12] [INFO] [1745223781.227557955] [agent_1.guidance]: AGENT 1 Message processing completed. Any updates: True
[crazychoir_task_assignment_webots_guidance-12] [INFO] [1745223781.228532312] [agent_1.guidance]: --UPDATE OCCURED-- AGENT 1 Bundle updated.
[crazychoir_task_assignment_webots_guidance-32] [INFO] [1745223781.225157594] [agent_5.guidance]: AGENT 5 received message from 4
[crazychoir_task_assignment_webots_guidance-32] [INFO] [1745223781.225432276] [agent_5.guidance]: AGENT 5 Message processing completed. Any updates: True
[crazychoir_task_assignment_webots_guidance-32] [INFO] [1745223781.225679586] [agent_5.guidance]: --UPDATE OCCURED-- AGENT 5 Bundle updated.
[crazychoir_task_assignment_webots_guidance-42] [INFO] [1745223781.225198717] [agent_7.guidance]: AGENT 7 Message exchange completed. Received 9 responses.
[crazychoir_task_assignment_webots_guidance-42] [INFO] [1745223781.229132039] [agent_7.guidance]: AGENT 7 Processing messages...
[crazychoir_task_assignment_webots_guidance-42] [INFO] [1745223781.229542643] [agent_7.guidance]: AGENT 7 received message from 0
[crazychoir_task_assignment_webots_guidance-17] [INFO] [1745223781.225420448] [agent_2.guidance]: AGENT 2 received message from 7
[crazychoir_task_assignment_webots_guidance-17] [INFO] [1745223781.225727813] [agent_2.guidance]: AGENT 2 received message from 8
[crazychoir_task_assignment_webots_guidance-17] [INFO] [1745223781.227775117] [agent_2.guidance]: AGENT 2 received message from 6
[crazychoir_task_assignment_webots_guidance-17] [INFO] [1745223781.228122952] [agent_2.guidance]: AGENT 2 received message from 4
[crazychoir_task_assignment_webots_guidance-17] [INFO] [1745223781.230721471] [agent_2.guidance]: AGENT 2 Message processing completed. Any updates: True
[crazychoir_task_assignment_webots_guidance-52] [INFO] [1745223781.225545795] [agent_9.guidance]: AGENT 9 received message from 5
[crazychoir_task_assignment_webots_guidance-52] [INFO] [1745223781.225845840] [agent_9.guidance]: AGENT 9 received message from 7
[crazychoir_task_assignment_webots_guidance-52] [INFO] [1745223781.226120654] [agent_9.guidance]: AGENT 9 received message from 8
[crazychoir_task_assignment_webots_guidance-52] [INFO] [1745223781.230240781] [agent_9.guidance]: AGENT 9 received message from 4
[crazychoir_task_assignment_webots_guidance-52] [INFO] [1745223781.230566191] [agent_9.guidance]: AGENT 9 received message from 6
[crazychoir_task_assignment_webots_guidance-52] [INFO] [1745223781.230845606] [agent_9.guidance]: AGENT 9 Message processing completed. Any updates: False
[crazychoir_task_assignment_webots_guidance-7] [INFO] [1745223781.225659766] [agent_0.guidance]: AGENT 0 received message from 4
[crazychoir_task_assignment_webots_guidance-7] [INFO] [1745223781.225937367] [agent_0.guidance]: AGENT 0 Message processing completed. Any updates: True
[crazychoir_task_assignment_webots_guidance-22] [INFO] [1745223781.228188777] [agent_3.guidance]: AGENT 3 Message exchange completed. Received 9 responses.
[crazychoir_task_assignment_webots_guidance-22] [INFO] [1745223781.228479624] [agent_3.guidance]: AGENT 3 Processing messages...
[crazychoir_task_assignment_webots_guidance-22] [INFO] [1745223781.228750442] [agent_3.guidance]: AGENT 3 received message from 0
[crazychoir_task_assignment_webots_guidance-17] [INFO] [1745223781.231008576] [agent_2.guidance]: --UPDATE OCCURED-- AGENT 2 Bundle updated.
[crazychoir_task_assignment_webots_guidance-22] [INFO] [1745223781.231200253] [agent_3.guidance]: AGENT 3 received message from 1
[crazychoir_task_assignment_webots_guidance-22] [INFO] [1745223781.231696283] [agent_3.guidance]: AGENT 3 received message from 2
[crazychoir_task_assignment_webots_guidance-42] [INFO] [1745223781.231723463] [agent_7.guidance]: AGENT 7 received message from 1
[crazychoir_task_assignment_webots_guidance-52] [INFO] [1745223781.231922405] [agent_9.guidance]: --NO UPDATE-- AGENT 9 No updates.
[crazychoir_task_assignment_webots_guidance-42] [INFO] [1745223781.232055175] [agent_7.guidance]: AGENT 7 received message from 2
[crazychoir_task_assignment_webots_guidance-7] [INFO] [1745223781.232072885] [agent_0.guidance]: --UPDATE OCCURED-- AGENT 0 Bundle updated.
[crazychoir_task_assignment_webots_guidance-22] [INFO] [1745223781.232378715] [agent_3.guidance]: AGENT 3 received message from 5
[crazychoir_task_assignment_webots_guidance-22] [INFO] [1745223781.232675515] [agent_3.guidance]: AGENT 3 received message from 7
[crazychoir_task_assignment_webots_guidance-12] [INFO] [1745223781.232818499] [agent_1.guidance]: AGENT 1 --- Iteration 5
[crazychoir_task_assignment_webots_guidance-22] [INFO] [1745223781.232955413] [agent_3.guidance]: AGENT 3 received message from 9
[crazychoir_task_assignment_webots_guidance-52] [INFO] [1745223781.233489487] [agent_9.guidance]: AGENT 9 --- Iteration 5
[crazychoir_task_assignment_webots_guidance-42] [INFO] [1745223781.233509644] [agent_7.guidance]: AGENT 7 received message from 3
[crazychoir_task_assignment_webots_guidance-42] [INFO] [1745223781.233835159] [agent_7.guidance]: AGENT 7 received message from 5
[crazychoir_task_assignment_webots_guidance-7] [INFO] [1745223781.233893273] [agent_0.guidance]: AGENT 0 --- Iteration 5
[crazychoir_task_assignment_webots_guidance-32] [INFO] [1745223781.234094289] [agent_5.guidance]: AGENT 5 --- Iteration 5
[crazychoir_task_assignment_webots_guidance-52] [INFO] [1745223781.234102722] [agent_9.guidance]: AGENT 9 Exchanging messages...
[crazychoir_task_assignment_webots_guidance-42] [INFO] [1745223781.234122727] [agent_7.guidance]: AGENT 7 received message from 9
[crazychoir_task_assignment_webots_guidance-42] [INFO] [1745223781.234402861] [agent_7.guidance]: AGENT 7 received message from 8
[crazychoir_task_assignment_webots_guidance-7] [INFO] [1745223781.234420002] [agent_0.guidance]: AGENT 0 Exchanging messages...
[crazychoir_task_assignment_webots_guidance-12] [INFO] [1745223781.234432948] [agent_1.guidance]: AGENT 1 Exchanging messages...
[crazychoir_task_assignment_webots_guidance-32] [INFO] [1745223781.234587414] [agent_5.guidance]: AGENT 5 Exchanging messages...
[crazychoir_task_assignment_webots_guidance-17] [INFO] [1745223781.234660569] [agent_2.guidance]: AGENT 2 --- Iteration 5
[crazychoir_task_assignment_webots_guidance-17] [INFO] [1745223781.235181844] [agent_2.guidance]: AGENT 2 Exchanging messages...
[crazychoir_task_assignment_webots_guidance-22] [INFO] [1745223781.235645874] [agent_3.guidance]: AGENT 3 received message from 8
[crazychoir_task_assignment_webots_guidance-22] [INFO] [1745223781.235954454] [agent_3.guidance]: AGENT 3 received message from 4
[crazychoir_task_assignment_webots_guidance-22] [INFO] [1745223781.236245860] [agent_3.guidance]: AGENT 3 received message from 6
[crazychoir_task_assignment_webots_guidance-22] [INFO] [1745223781.239435359] [agent_3.guidance]: AGENT 3 Message processing completed. Any updates: False
[crazychoir_task_assignment_webots_guidance-42] [INFO] [1745223781.237363446] [agent_7.guidance]: AGENT 7 received message from 6
[crazychoir_task_assignment_webots_guidance-42] [INFO] [1745223781.238398297] [agent_7.guidance]: AGENT 7 received message from 4
[crazychoir_task_assignment_webots_guidance-42] [INFO] [1745223781.240865334] [agent_7.guidance]: AGENT 7 Message processing completed. Any updates: True
[crazychoir_task_assignment_webots_guidance-42] [INFO] [1745223781.241161724] [agent_7.guidance]: --UPDATE OCCURED-- AGENT 7 Bundle updated.
[crazychoir_task_assignment_webots_guidance-22] [INFO] [1745223781.241795601] [agent_3.guidance]: --NO UPDATE-- AGENT 3 No updates.
[crazychoir_task_assignment_webots_guidance-42] [INFO] [1745223781.242135106] [agent_7.guidance]: AGENT 7 --- Iteration 5
[crazychoir_task_assignment_webots_guidance-42] [INFO] [1745223781.242639798] [agent_7.guidance]: AGENT 7 Exchanging messages...
[crazychoir_task_assignment_webots_guidance-22] [INFO] [1745223781.242717415] [agent_3.guidance]: AGENT 3 --- Iteration 5
[crazychoir_task_assignment_webots_guidance-22] [INFO] [1745223781.243217367] [agent_3.guidance]: AGENT 3 Exchanging messages...
[crazychoir_task_assignment_webots_guidance-27] [INFO] [1745223781.251200820] [agent_4.guidance]: AGENT 4 Message exchange completed. Received 9 responses.
[crazychoir_task_assignment_webots_guidance-27] [INFO] [1745223781.251481915] [agent_4.guidance]: AGENT 4 Processing messages...
[crazychoir_task_assignment_webots_guidance-27] [INFO] [1745223781.251752359] [agent_4.guidance]: AGENT 4 received message from 0
[crazychoir_task_assignment_webots_guidance-27] [INFO] [1745223781.252031648] [agent_4.guidance]: AGENT 4 received message from 1
[crazychoir_task_assignment_webots_guidance-27] [INFO] [1745223781.252304278] [agent_4.guidance]: AGENT 4 received message from 2
[crazychoir_task_assignment_webots_guidance-27] [INFO] [1745223781.252581938] [agent_4.guidance]: AGENT 4 received message from 3
[crazychoir_task_assignment_webots_guidance-27] [INFO] [1745223781.252852687] [agent_4.guidance]: AGENT 4 received message from 5
[crazychoir_task_assignment_webots_guidance-27] [INFO] [1745223781.253122000] [agent_4.guidance]: AGENT 4 received message from 6
[crazychoir_task_assignment_webots_guidance-37] [INFO] [1745223781.253281292] [agent_6.guidance]: AGENT 6 Message exchange completed. Received 9 responses.
[crazychoir_task_assignment_webots_guidance-27] [INFO] [1745223781.253390082] [agent_4.guidance]: AGENT 4 received message from 7
[crazychoir_task_assignment_webots_guidance-37] [INFO] [1745223781.253564195] [agent_6.guidance]: AGENT 6 Processing messages...
[crazychoir_task_assignment_webots_guidance-27] [INFO] [1745223781.253657215] [agent_4.guidance]: AGENT 4 received message from 8
[crazychoir_task_assignment_webots_guidance-37] [INFO] [1745223781.253818815] [agent_6.guidance]: AGENT 6 received message from 0
[crazychoir_task_assignment_webots_guidance-27] [INFO] [1745223781.253925796] [agent_4.guidance]: AGENT 4 received message from 9
[crazychoir_task_assignment_webots_guidance-37] [INFO] [1745223781.254095318] [agent_6.guidance]: AGENT 6 received message from 1
[crazychoir_task_assignment_webots_guidance-27] [INFO] [1745223781.254195233] [agent_4.guidance]: AGENT 4 Message processing completed. Any updates: False
[crazychoir_task_assignment_webots_guidance-37] [INFO] [1745223781.254366844] [agent_6.guidance]: AGENT 6 received message from 2
[crazychoir_task_assignment_webots_guidance-27] [INFO] [1745223781.254442632] [agent_4.guidance]: --NO UPDATE-- AGENT 4 No updates.
[crazychoir_task_assignment_webots_guidance-37] [INFO] [1745223781.254643968] [agent_6.guidance]: AGENT 6 received message from 3
[crazychoir_task_assignment_webots_guidance-27] [INFO] [1745223781.254691076] [agent_4.guidance]: AGENT 4 --- Iteration 5
[crazychoir_task_assignment_webots_guidance-37] [INFO] [1745223781.254916696] [agent_6.guidance]: AGENT 6 received message from 4
[crazychoir_task_assignment_webots_guidance-37] [INFO] [1745223781.255193358] [agent_6.guidance]: AGENT 6 received message from 5
[crazychoir_task_assignment_webots_guidance-27] [INFO] [1745223781.255167641] [agent_4.guidance]: AGENT 4 Exchanging messages...
[crazychoir_task_assignment_webots_guidance-37] [INFO] [1745223781.255473657] [agent_6.guidance]: AGENT 6 received message from 7
[crazychoir_task_assignment_webots_guidance-37] [INFO] [1745223781.255744389] [agent_6.guidance]: AGENT 6 received message from 8
[crazychoir_task_assignment_webots_guidance-37] [INFO] [1745223781.256015178] [agent_6.guidance]: AGENT 6 received message from 9
[crazychoir_task_assignment_webots_guidance-47] [INFO] [1745223781.263393905] [agent_8.guidance]: AGENT 8 Message exchange completed. Received 9 responses.
[crazychoir_task_assignment_webots_guidance-47] [INFO] [1745223781.265295375] [agent_8.guidance]: AGENT 8 Processing messages...
[crazychoir_task_assignment_webots_guidance-47] [INFO] [1745223781.266291772] [agent_8.guidance]: AGENT 8 received message from 0
[crazychoir_task_assignment_webots_guidance-47] [INFO] [1745223781.266597483] [agent_8.guidance]: AGENT 8 received message from 1
[crazychoir_task_assignment_webots_guidance-47] [INFO] [1745223781.266879494] [agent_8.guidance]: AGENT 8 received message from 2
[crazychoir_task_assignment_webots_guidance-37] [INFO] [1745223781.267031130] [agent_6.guidance]: AGENT 6 Message processing completed. Any updates: False
[crazychoir_task_assignment_webots_guidance-37] [INFO] [1745223781.267450272] [agent_6.guidance]: --NO UPDATE-- AGENT 6 No updates.
[crazychoir_task_assignment_webots_guidance-37] [INFO] [1745223781.268914779] [agent_6.guidance]: AGENT 6 --- Iteration 5
[crazychoir_task_assignment_webots_guidance-37] [INFO] [1745223781.269480848] [agent_6.guidance]: AGENT 6 Exchanging messages...
[crazychoir_task_assignment_webots_guidance-47] [INFO] [1745223781.271905068] [agent_8.guidance]: AGENT 8 received message from 3
[crazychoir_task_assignment_webots_guidance-47] [INFO] [1745223781.273088760] [agent_8.guidance]: AGENT 8 received message from 4
[crazychoir_task_assignment_webots_guidance-47] [INFO] [1745223781.274220778] [agent_8.guidance]: AGENT 8 received message from 5
[crazychoir_task_assignment_webots_guidance-47] [INFO] [1745223781.275190872] [agent_8.guidance]: AGENT 8 received message from 6
[crazychoir_task_assignment_webots_guidance-47] [INFO] [1745223781.276328490] [agent_8.guidance]: AGENT 8 received message from 7
[crazychoir_task_assignment_webots_guidance-47] [INFO] [1745223781.277746050] [agent_8.guidance]: AGENT 8 received message from 9
[crazychoir_task_assignment_webots_guidance-47] [INFO] [1745223781.280106366] [agent_8.guidance]: AGENT 8 Message processing completed. Any updates: False
[crazychoir_task_assignment_webots_guidance-47] [INFO] [1745223781.280408082] [agent_8.guidance]: --NO UPDATE-- AGENT 8 No updates.
[crazychoir_task_assignment_webots_guidance-47] [INFO] [1745223781.280734919] [agent_8.guidance]: AGENT 8 --- Iteration 5
[crazychoir_task_assignment_webots_guidance-47] [INFO] [1745223781.281955374] [agent_8.guidance]: AGENT 8 Exchanging messages...
[crazychoir_task_assignment_webots_guidance-17] [INFO] [1745223781.285896518] [agent_2.guidance]: AGENT 2 Message exchange completed. Received 9 responses.
[crazychoir_task_assignment_webots_guidance-17] [INFO] [1745223781.286173160] [agent_2.guidance]: AGENT 2 Processing messages...
[crazychoir_task_assignment_webots_guidance-17] [INFO] [1745223781.286554007] [agent_2.guidance]: AGENT 2 received message from 0
[crazychoir_task_assignment_webots_guidance-17] [INFO] [1745223781.286835231] [agent_2.guidance]: AGENT 2 received message from 1
[crazychoir_task_assignment_webots_guidance-17] [INFO] [1745223781.287113743] [agent_2.guidance]: AGENT 2 received message from 3
[crazychoir_task_assignment_webots_guidance-17] [INFO] [1745223781.287497150] [agent_2.guidance]: AGENT 2 received message from 5
[crazychoir_task_assignment_webots_guidance-17] [INFO] [1745223781.287781900] [agent_2.guidance]: AGENT 2 received message from 9
[crazychoir_task_assignment_webots_guidance-17] [INFO] [1745223781.288064995] [agent_2.guidance]: AGENT 2 received message from 4
[crazychoir_task_assignment_webots_guidance-17] [INFO] [1745223781.289111775] [agent_2.guidance]: AGENT 2 received message from 7
[crazychoir_task_assignment_webots_guidance-17] [INFO] [1745223781.289449820] [agent_2.guidance]: AGENT 2 received message from 6
[crazychoir_task_assignment_webots_guidance-17] [INFO] [1745223781.289739229] [agent_2.guidance]: AGENT 2 received message from 8
[crazychoir_task_assignment_webots_guidance-17] [INFO] [1745223781.290020018] [agent_2.guidance]: AGENT 2 Message processing completed. Any updates: False
[crazychoir_task_assignment_webots_guidance-17] [INFO] [1745223781.291361984] [agent_2.guidance]: --NO UPDATE-- AGENT 2 No updates.
[crazychoir_task_assignment_webots_guidance-17] [INFO] [1745223781.291678868] [agent_2.guidance]: AGENT 2 --- Iteration 6
[crazychoir_task_assignment_webots_guidance-17] [INFO] [1745223781.292232965] [agent_2.guidance]: AGENT 2 Exchanging messages...
[crazychoir_task_assignment_webots_guidance-27] [INFO] [1745223781.285896330] [agent_4.guidance]: AGENT 4 Message exchange completed. Received 9 responses.
[crazychoir_task_assignment_webots_guidance-27] [INFO] [1745223781.286172973] [agent_4.guidance]: AGENT 4 Processing messages...
[crazychoir_task_assignment_webots_guidance-27] [INFO] [1745223781.286425421] [agent_4.guidance]: AGENT 4 received message from 0
[crazychoir_task_assignment_webots_guidance-27] [INFO] [1745223781.286699029] [agent_4.guidance]: AGENT 4 received message from 1
[crazychoir_task_assignment_webots_guidance-27] [INFO] [1745223781.286966427] [agent_4.guidance]: AGENT 4 received message from 2
[crazychoir_task_assignment_webots_guidance-27] [INFO] [1745223781.287235185] [agent_4.guidance]: AGENT 4 received message from 3
[crazychoir_task_assignment_webots_guidance-27] [INFO] [1745223781.287504187] [agent_4.guidance]: AGENT 4 received message from 5
[crazychoir_task_assignment_webots_guidance-27] [INFO] [1745223781.287771845] [agent_4.guidance]: AGENT 4 received message from 7
[crazychoir_task_assignment_webots_guidance-27] [INFO] [1745223781.288039227] [agent_4.guidance]: AGENT 4 received message from 9
[crazychoir_task_assignment_webots_guidance-27] [INFO] [1745223781.288388110] [agent_4.guidance]: AGENT 4 received message from 6
[crazychoir_task_assignment_webots_guidance-27] [INFO] [1745223781.288711685] [agent_4.guidance]: AGENT 4 received message from 8
[crazychoir_task_assignment_webots_guidance-27] [INFO] [1745223781.290023431] [agent_4.guidance]: AGENT 4 Message processing completed. Any updates: False
[crazychoir_task_assignment_webots_guidance-27] [INFO] [1745223781.290366162] [agent_4.guidance]: --NO UPDATE-- AGENT 4 No updates.
[crazychoir_task_assignment_webots_guidance-27] [INFO] [1745223781.290629302] [agent_4.guidance]: AGENT 4 --- Iteration 6
[crazychoir_task_assignment_webots_guidance-27] [INFO] [1745223781.291111607] [agent_4.guidance]: AGENT 4 Exchanging messages...
[crazychoir_task_assignment_webots_guidance-42] [INFO] [1745223781.285899933] [agent_7.guidance]: AGENT 7 Message exchange completed. Received 9 responses.
[crazychoir_task_assignment_webots_guidance-42] [INFO] [1745223781.286173936] [agent_7.guidance]: AGENT 7 Processing messages...
[crazychoir_task_assignment_webots_guidance-42] [INFO] [1745223781.287482535] [agent_7.guidance]: AGENT 7 received message from 0
[crazychoir_task_assignment_webots_guidance-42] [INFO] [1745223781.287790167] [agent_7.guidance]: AGENT 7 received message from 1
[crazychoir_task_assignment_webots_guidance-42] [INFO] [1745223781.288073417] [agent_7.guidance]: AGENT 7 received message from 2
[crazychoir_task_assignment_webots_guidance-42] [INFO] [1745223781.290450862] [agent_7.guidance]: AGENT 7 received message from 3
[crazychoir_task_assignment_webots_guidance-42] [INFO] [1745223781.290781563] [agent_7.guidance]: AGENT 7 received message from 4
[crazychoir_task_assignment_webots_guidance-42] [INFO] [1745223781.291067979] [agent_7.guidance]: AGENT 7 received message from 5
[crazychoir_task_assignment_webots_guidance-42] [INFO] [1745223781.291346286] [agent_7.guidance]: AGENT 7 received message from 9
[crazychoir_task_assignment_webots_guidance-42] [INFO] [1745223781.291624122] [agent_7.guidance]: AGENT 7 received message from 6
[crazychoir_task_assignment_webots_guidance-42] [INFO] [1745223781.291900693] [agent_7.guidance]: AGENT 7 received message from 8
[crazychoir_task_assignment_webots_guidance-42] [INFO] [1745223781.294985850] [agent_7.guidance]: AGENT 7 Message processing completed. Any updates: False
[crazychoir_task_assignment_webots_guidance-42] [INFO] [1745223781.296382997] [agent_7.guidance]: --NO UPDATE-- AGENT 7 No updates.
[crazychoir_task_assignment_webots_guidance-42] [INFO] [1745223781.296716286] [agent_7.guidance]: AGENT 7 --- Iteration 6
[crazychoir_task_assignment_webots_guidance-42] [INFO] [1745223781.297277467] [agent_7.guidance]: AGENT 7 Exchanging messages...
[crazychoir_task_assignment_webots_guidance-22] [INFO] [1745223781.285915069] [agent_3.guidance]: AGENT 3 Message exchange completed. Received 9 responses.
[crazychoir_task_assignment_webots_guidance-22] [INFO] [1745223781.286186987] [agent_3.guidance]: AGENT 3 Processing messages...
[crazychoir_task_assignment_webots_guidance-22] [INFO] [1745223781.286440862] [agent_3.guidance]: AGENT 3 received message from 0
[crazychoir_task_assignment_webots_guidance-22] [INFO] [1745223781.286716375] [agent_3.guidance]: AGENT 3 received message from 1
[crazychoir_task_assignment_webots_guidance-22] [INFO] [1745223781.286987082] [agent_3.guidance]: AGENT 3 received message from 2
[crazychoir_task_assignment_webots_guidance-22] [INFO] [1745223781.287255984] [agent_3.guidance]: AGENT 3 received message from 4
[crazychoir_task_assignment_webots_guidance-22] [INFO] [1745223781.287525920] [agent_3.guidance]: AGENT 3 received message from 5
[crazychoir_task_assignment_webots_guidance-22] [INFO] [1745223781.292371663] [agent_3.guidance]: AGENT 3 received message from 6
[crazychoir_task_assignment_webots_guidance-22] [INFO] [1745223781.292700142] [agent_3.guidance]: AGENT 3 received message from 7
[crazychoir_task_assignment_webots_guidance-22] [INFO] [1745223781.292979734] [agent_3.guidance]: AGENT 3 received message from 9
[crazychoir_task_assignment_webots_guidance-22] [INFO] [1745223781.293249900] [agent_3.guidance]: AGENT 3 received message from 8
[crazychoir_task_assignment_webots_guidance-22] [INFO] [1745223781.293520625] [agent_3.guidance]: AGENT 3 Message processing completed. Any updates: False
[crazychoir_task_assignment_webots_guidance-22] [INFO] [1745223781.293813892] [agent_3.guidance]: --NO UPDATE-- AGENT 3 No updates.
[crazychoir_task_assignment_webots_guidance-22] [INFO] [1745223781.294070033] [agent_3.guidance]: AGENT 3 --- Iteration 6
[crazychoir_task_assignment_webots_guidance-22] [INFO] [1745223781.294551654] [agent_3.guidance]: AGENT 3 Exchanging messages...
[crazychoir_task_assignment_webots_guidance-32] [INFO] [1745223781.285940398] [agent_5.guidance]: AGENT 5 Message exchange completed. Received 9 responses.
[crazychoir_task_assignment_webots_guidance-32] [INFO] [1745223781.286213604] [agent_5.guidance]: AGENT 5 Processing messages...
[crazychoir_task_assignment_webots_guidance-32] [INFO] [1745223781.286470438] [agent_5.guidance]: AGENT 5 received message from 0
[crazychoir_task_assignment_webots_guidance-32] [INFO] [1745223781.286747748] [agent_5.guidance]: AGENT 5 received message from 1
[crazychoir_task_assignment_webots_guidance-32] [INFO] [1745223781.287019510] [agent_5.guidance]: AGENT 5 received message from 2
[crazychoir_task_assignment_webots_guidance-32] [INFO] [1745223781.287290181] [agent_5.guidance]: AGENT 5 received message from 9
[crazychoir_task_assignment_webots_guidance-32] [INFO] [1745223781.287563250] [agent_5.guidance]: AGENT 5 received message from 3
[crazychoir_task_assignment_webots_guidance-32] [INFO] [1745223781.287835935] [agent_5.guidance]: AGENT 5 received message from 4
[crazychoir_task_assignment_webots_guidance-32] [INFO] [1745223781.288109490] [agent_5.guidance]: AGENT 5 received message from 7
[crazychoir_task_assignment_webots_guidance-32] [INFO] [1745223781.288381662] [agent_5.guidance]: AGENT 5 received message from 6
[crazychoir_task_assignment_webots_guidance-32] [INFO] [1745223781.288803134] [agent_5.guidance]: AGENT 5 received message from 8
[crazychoir_task_assignment_webots_guidance-32] [INFO] [1745223781.289099903] [agent_5.guidance]: AGENT 5 Message processing completed. Any updates: False
[crazychoir_task_assignment_webots_guidance-32] [INFO] [1745223781.291140021] [agent_5.guidance]: --NO UPDATE-- AGENT 5 No updates.
[crazychoir_task_assignment_webots_guidance-32] [INFO] [1745223781.291431173] [agent_5.guidance]: AGENT 5 --- Iteration 6
[crazychoir_task_assignment_webots_guidance-32] [INFO] [1745223781.292396997] [agent_5.guidance]: AGENT 5 Exchanging messages...
[crazychoir_task_assignment_webots_guidance-7] [INFO] [1745223781.285944165] [agent_0.guidance]: AGENT 0 Message exchange completed. Received 9 responses.
[crazychoir_task_assignment_webots_guidance-7] [INFO] [1745223781.286210369] [agent_0.guidance]: AGENT 0 Processing messages...
[crazychoir_task_assignment_webots_guidance-7] [INFO] [1745223781.286461740] [agent_0.guidance]: AGENT 0 received message from 1
[crazychoir_task_assignment_webots_guidance-7] [INFO] [1745223781.286733911] [agent_0.guidance]: AGENT 0 received message from 2
[crazychoir_task_assignment_webots_guidance-7] [INFO] [1745223781.287003095] [agent_0.guidance]: AGENT 0 received message from 5
[crazychoir_task_assignment_webots_guidance-7] [INFO] [1745223781.287270771] [agent_0.guidance]: AGENT 0 received message from 9
[crazychoir_task_assignment_webots_guidance-7] [INFO] [1745223781.287540177] [agent_0.guidance]: AGENT 0 received message from 3
[crazychoir_task_assignment_webots_guidance-7] [INFO] [1745223781.287812183] [agent_0.guidance]: AGENT 0 received message from 4
[crazychoir_task_assignment_webots_guidance-7] [INFO] [1745223781.288082439] [agent_0.guidance]: AGENT 0 received message from 7
[crazychoir_task_assignment_webots_guidance-7] [INFO] [1745223781.290642879] [agent_0.guidance]: AGENT 0 received message from 6
[crazychoir_task_assignment_webots_guidance-7] [INFO] [1745223781.290961421] [agent_0.guidance]: AGENT 0 received message from 8
[crazychoir_task_assignment_webots_guidance-7] [INFO] [1745223781.291247435] [agent_0.guidance]: AGENT 0 Message processing completed. Any updates: False
[crazychoir_task_assignment_webots_guidance-7] [INFO] [1745223781.291499259] [agent_0.guidance]: --NO UPDATE-- AGENT 0 No updates.
[crazychoir_task_assignment_webots_guidance-7] [INFO] [1745223781.292656612] [agent_0.guidance]: AGENT 0 --- Iteration 6
[crazychoir_task_assignment_webots_guidance-7] [INFO] [1745223781.293154257] [agent_0.guidance]: AGENT 0 Exchanging messages...
[crazychoir_task_assignment_webots_guidance-12] [INFO] [1745223781.287143797] [agent_1.guidance]: AGENT 1 Message exchange completed. Received 9 responses.
[crazychoir_task_assignment_webots_guidance-12] [INFO] [1745223781.289765241] [agent_1.guidance]: AGENT 1 Processing messages...
[crazychoir_task_assignment_webots_guidance-12] [INFO] [1745223781.290070107] [agent_1.guidance]: AGENT 1 received message from 0
[crazychoir_task_assignment_webots_guidance-12] [INFO] [1745223781.292101802] [agent_1.guidance]: AGENT 1 received message from 2
[crazychoir_task_assignment_webots_guidance-12] [INFO] [1745223781.292460101] [agent_1.guidance]: AGENT 1 received message from 5
[crazychoir_task_assignment_webots_guidance-12] [INFO] [1745223781.292749198] [agent_1.guidance]: AGENT 1 received message from 9
[crazychoir_task_assignment_webots_guidance-12] [INFO] [1745223781.293022645] [agent_1.guidance]: AGENT 1 received message from 3
[crazychoir_task_assignment_webots_guidance-12] [INFO] [1745223781.293291389] [agent_1.guidance]: AGENT 1 received message from 4
[crazychoir_task_assignment_webots_guidance-12] [INFO] [1745223781.293592340] [agent_1.guidance]: AGENT 1 received message from 7
[crazychoir_task_assignment_webots_guidance-12] [INFO] [1745223781.293864253] [agent_1.guidance]: AGENT 1 received message from 6
[crazychoir_task_assignment_webots_guidance-12] [INFO] [1745223781.295561124] [agent_1.guidance]: AGENT 1 received message from 8
[crazychoir_task_assignment_webots_guidance-12] [INFO] [1745223781.295871373] [agent_1.guidance]: AGENT 1 Message processing completed. Any updates: False
[crazychoir_task_assignment_webots_guidance-12] [INFO] [1745223781.296123910] [agent_1.guidance]: --NO UPDATE-- AGENT 1 No updates.
[crazychoir_task_assignment_webots_guidance-12] [INFO] [1745223781.297469158] [agent_1.guidance]: AGENT 1 --- Iteration 6
[crazychoir_task_assignment_webots_guidance-12] [INFO] [1745223781.298912531] [agent_1.guidance]: AGENT 1 Exchanging messages...
[crazychoir_task_assignment_webots_guidance-37] [INFO] [1745223781.296702419] [agent_6.guidance]: AGENT 6 Message exchange completed. Received 9 responses.
[crazychoir_task_assignment_webots_guidance-37] [INFO] [1745223781.296979929] [agent_6.guidance]: AGENT 6 Processing messages...
[crazychoir_task_assignment_webots_guidance-37] [INFO] [1745223781.298314084] [agent_6.guidance]: AGENT 6 received message from 0
[crazychoir_task_assignment_webots_guidance-37] [INFO] [1745223781.298757762] [agent_6.guidance]: AGENT 6 received message from 1
[crazychoir_task_assignment_webots_guidance-37] [INFO] [1745223781.299059917] [agent_6.guidance]: AGENT 6 received message from 2
[crazychoir_task_assignment_webots_guidance-37] [INFO] [1745223781.301594869] [agent_6.guidance]: AGENT 6 received message from 3
[crazychoir_task_assignment_webots_guidance-37] [INFO] [1745223781.301916299] [agent_6.guidance]: AGENT 6 received message from 4
[crazychoir_task_assignment_webots_guidance-37] [INFO] [1745223781.302200384] [agent_6.guidance]: AGENT 6 received message from 5
[crazychoir_task_assignment_webots_guidance-37] [INFO] [1745223781.302494993] [agent_6.guidance]: AGENT 6 received message from 7
[crazychoir_task_assignment_webots_guidance-37] [INFO] [1745223781.302770044] [agent_6.guidance]: AGENT 6 received message from 9
[crazychoir_task_assignment_webots_guidance-37] [INFO] [1745223781.303042200] [agent_6.guidance]: AGENT 6 received message from 8
[crazychoir_task_assignment_webots_guidance-37] [INFO] [1745223781.303388761] [agent_6.guidance]: AGENT 6 Message processing completed. Any updates: False
[crazychoir_task_assignment_webots_guidance-37] [INFO] [1745223781.303653519] [agent_6.guidance]: --NO UPDATE-- AGENT 6 No updates.
[crazychoir_task_assignment_webots_guidance-47] [INFO] [1745223781.302251270] [agent_8.guidance]: AGENT 8 Message exchange completed. Received 9 responses.
[crazychoir_task_assignment_webots_guidance-47] [INFO] [1745223781.302524214] [agent_8.guidance]: AGENT 8 Processing messages...
[crazychoir_task_assignment_webots_guidance-47] [INFO] [1745223781.303270402] [agent_8.guidance]: AGENT 8 received message from 0
[crazychoir_task_assignment_webots_guidance-47] [INFO] [1745223781.303554151] [agent_8.guidance]: AGENT 8 received message from 1
[crazychoir_task_assignment_webots_guidance-47] [INFO] [1745223781.303820553] [agent_8.guidance]: AGENT 8 received message from 2
[crazychoir_task_assignment_webots_guidance-47] [INFO] [1745223781.304088460] [agent_8.guidance]: AGENT 8 received message from 3
[crazychoir_task_assignment_webots_guidance-47] [INFO] [1745223781.304359284] [agent_8.guidance]: AGENT 8 received message from 4
[crazychoir_task_assignment_webots_guidance-47] [INFO] [1745223781.304631571] [agent_8.guidance]: AGENT 8 received message from 5
[crazychoir_task_assignment_webots_guidance-47] [INFO] [1745223781.305854716] [agent_8.guidance]: AGENT 8 received message from 6
[crazychoir_task_assignment_webots_guidance-47] [INFO] [1745223781.306162246] [agent_8.guidance]: AGENT 8 received message from 7
[crazychoir_task_assignment_webots_guidance-47] [INFO] [1745223781.306433148] [agent_8.guidance]: AGENT 8 received message from 9
[crazychoir_task_assignment_webots_guidance-47] [INFO] [1745223781.307318933] [agent_8.guidance]: AGENT 8 Message processing completed. Any updates: False
[crazychoir_task_assignment_webots_guidance-47] [INFO] [1745223781.307581682] [agent_8.guidance]: --NO UPDATE-- AGENT 8 No updates.
[crazychoir_task_assignment_webots_guidance-47] [INFO] [1745223781.307829429] [agent_8.guidance]: AGENT 8 --- Iteration 6
[crazychoir_task_assignment_webots_guidance-47] [INFO] [1745223781.308298453] [agent_8.guidance]: AGENT 8 Exchanging messages...
[crazychoir_task_assignment_webots_guidance-52] [INFO] [1745223781.305979217] [agent_9.guidance]: AGENT 9 Message exchange completed. Received 9 responses.
[crazychoir_task_assignment_webots_guidance-52] [INFO] [1745223781.306261061] [agent_9.guidance]: AGENT 9 Processing messages...
[crazychoir_task_assignment_webots_guidance-52] [INFO] [1745223781.306518465] [agent_9.guidance]: AGENT 9 received message from 0
[crazychoir_task_assignment_webots_guidance-37] [INFO] [1745223781.308747365] [agent_6.guidance]: AGENT 6 Converged after 5 iterations.
[crazychoir_task_assignment_webots_guidance-37] [INFO] [1745223781.309028737] [agent_6.guidance]: AGENT 6 Running final consensus...
[crazychoir_task_assignment_webots_guidance-52] [INFO] [1745223781.314955935] [agent_9.guidance]: AGENT 9 received message from 5
[crazychoir_task_assignment_webots_guidance-52] [INFO] [1745223781.315270770] [agent_9.guidance]: AGENT 9 received message from 1
[crazychoir_task_assignment_webots_guidance-52] [INFO] [1745223781.315620682] [agent_9.guidance]: AGENT 9 received message from 2
[crazychoir_task_assignment_webots_guidance-52] [INFO] [1745223781.315902514] [agent_9.guidance]: AGENT 9 received message from 3
[crazychoir_task_assignment_webots_guidance-52] [INFO] [1745223781.316171446] [agent_9.guidance]: AGENT 9 received message from 4
[crazychoir_task_assignment_webots_guidance-52] [INFO] [1745223781.316437563] [agent_9.guidance]: AGENT 9 received message from 7
[crazychoir_task_assignment_webots_guidance-52] [INFO] [1745223781.316709278] [agent_9.guidance]: AGENT 9 received message from 6
[crazychoir_task_assignment_webots_guidance-52] [INFO] [1745223781.316972003] [agent_9.guidance]: AGENT 9 received message from 8
[crazychoir_task_assignment_webots_guidance-52] [INFO] [1745223781.317235107] [agent_9.guidance]: AGENT 9 Message processing completed. Any updates: False
[crazychoir_task_assignment_webots_guidance-52] [INFO] [1745223781.317475313] [agent_9.guidance]: --NO UPDATE-- AGENT 9 No updates.
[crazychoir_task_assignment_webots_guidance-52] [INFO] [1745223781.317719555] [agent_9.guidance]: AGENT 9 --- Iteration 6
[crazychoir_task_assignment_webots_guidance-52] [INFO] [1745223781.318191537] [agent_9.guidance]: AGENT 9 Exchanging messages...
[crazychoir_task_assignment_webots_guidance-27] [INFO] [1745223781.329114518] [agent_4.guidance]: AGENT 4 Message exchange completed. Received 9 responses.
[crazychoir_task_assignment_webots_guidance-27] [INFO] [1745223781.329391815] [agent_4.guidance]: AGENT 4 Processing messages...
[crazychoir_task_assignment_webots_guidance-27] [INFO] [1745223781.329644420] [agent_4.guidance]: AGENT 4 received message from 0
[crazychoir_task_assignment_webots_guidance-27] [INFO] [1745223781.329919415] [agent_4.guidance]: AGENT 4 received message from 2
[crazychoir_task_assignment_webots_guidance-27] [INFO] [1745223781.330188655] [agent_4.guidance]: AGENT 4 received message from 3
[crazychoir_task_assignment_webots_guidance-27] [INFO] [1745223781.330455157] [agent_4.guidance]: AGENT 4 received message from 5
[crazychoir_task_assignment_webots_guidance-27] [INFO] [1745223781.330718697] [agent_4.guidance]: AGENT 4 received message from 7
[crazychoir_task_assignment_webots_guidance-27] [INFO] [1745223781.330982035] [agent_4.guidance]: AGENT 4 received message from 1
[crazychoir_task_assignment_webots_guidance-27] [INFO] [1745223781.331245131] [agent_4.guidance]: AGENT 4 received message from 8
[crazychoir_task_assignment_webots_guidance-27] [INFO] [1745223781.331510276] [agent_4.guidance]: AGENT 4 received message from 6
[crazychoir_task_assignment_webots_guidance-27] [INFO] [1745223781.331773965] [agent_4.guidance]: AGENT 4 received message from 9
[crazychoir_task_assignment_webots_guidance-27] [INFO] [1745223781.332038184] [agent_4.guidance]: AGENT 4 Message processing completed. Any updates: False
[crazychoir_task_assignment_webots_guidance-27] [INFO] [1745223781.332279342] [agent_4.guidance]: --NO UPDATE-- AGENT 4 No updates.
[crazychoir_task_assignment_webots_guidance-27] [INFO] [1745223781.333459251] [agent_4.guidance]: AGENT 4 Converged after 6 iterations.
[crazychoir_task_assignment_webots_guidance-27] [INFO] [1745223781.333731761] [agent_4.guidance]: AGENT 4 Running final consensus...
[crazychoir_task_assignment_webots_guidance-32] [INFO] [1745223781.329129274] [agent_5.guidance]: AGENT 5 Message exchange completed. Received 9 responses.
[crazychoir_task_assignment_webots_guidance-32] [INFO] [1745223781.329474985] [agent_5.guidance]: AGENT 5 Processing messages...
[crazychoir_task_assignment_webots_guidance-32] [INFO] [1745223781.329735150] [agent_5.guidance]: AGENT 5 received message from 2
[crazychoir_task_assignment_webots_guidance-32] [INFO] [1745223781.330011639] [agent_5.guidance]: AGENT 5 received message from 0
[crazychoir_task_assignment_webots_guidance-32] [INFO] [1745223781.330335651] [agent_5.guidance]: AGENT 5 received message from 3
[crazychoir_task_assignment_webots_guidance-32] [INFO] [1745223781.330619229] [agent_5.guidance]: AGENT 5 received message from 4
[crazychoir_task_assignment_webots_guidance-32] [INFO] [1745223781.330885215] [agent_5.guidance]: AGENT 5 received message from 7
[crazychoir_task_assignment_webots_guidance-32] [INFO] [1745223781.331213271] [agent_5.guidance]: AGENT 5 received message from 1
[crazychoir_task_assignment_webots_guidance-32] [INFO] [1745223781.331559847] [agent_5.guidance]: AGENT 5 received message from 8
[crazychoir_task_assignment_webots_guidance-32] [INFO] [1745223781.331860851] [agent_5.guidance]: AGENT 5 received message from 6
[crazychoir_task_assignment_webots_guidance-32] [INFO] [1745223781.332127990] [agent_5.guidance]: AGENT 5 received message from 9
[crazychoir_task_assignment_webots_guidance-32] [INFO] [1745223781.333634092] [agent_5.guidance]: AGENT 5 Message processing completed. Any updates: False
[crazychoir_task_assignment_webots_guidance-32] [INFO] [1745223781.334695515] [agent_5.guidance]: --NO UPDATE-- AGENT 5 No updates.
[crazychoir_task_assignment_webots_guidance-32] [INFO] [1745223781.335676209] [agent_5.guidance]: AGENT 5 --- Iteration 7
[crazychoir_task_assignment_webots_guidance-32] [INFO] [1745223781.337430712] [agent_5.guidance]: AGENT 5 Exchanging messages...
[crazychoir_task_assignment_webots_guidance-7] [INFO] [1745223781.329242640] [agent_0.guidance]: AGENT 0 Message exchange completed. Received 9 responses.
[crazychoir_task_assignment_webots_guidance-7] [INFO] [1745223781.329514004] [agent_0.guidance]: AGENT 0 Processing messages...
[crazychoir_task_assignment_webots_guidance-7] [INFO] [1745223781.329772986] [agent_0.guidance]: AGENT 0 received message from 2
[crazychoir_task_assignment_webots_guidance-7] [INFO] [1745223781.330048883] [agent_0.guidance]: AGENT 0 received message from 5
[crazychoir_task_assignment_webots_guidance-7] [INFO] [1745223781.330317143] [agent_0.guidance]: AGENT 0 received message from 3
[crazychoir_task_assignment_webots_guidance-7] [INFO] [1745223781.330585448] [agent_0.guidance]: AGENT 0 received message from 4
[crazychoir_task_assignment_webots_guidance-7] [INFO] [1745223781.330853142] [agent_0.guidance]: AGENT 0 received message from 7
[crazychoir_task_assignment_webots_guidance-7] [INFO] [1745223781.331124701] [agent_0.guidance]: AGENT 0 received message from 1
[crazychoir_task_assignment_webots_guidance-7] [INFO] [1745223781.331393151] [agent_0.guidance]: AGENT 0 received message from 8
[crazychoir_task_assignment_webots_guidance-7] [INFO] [1745223781.331663970] [agent_0.guidance]: AGENT 0 received message from 6
[crazychoir_task_assignment_webots_guidance-7] [INFO] [1745223781.331929546] [agent_0.guidance]: AGENT 0 received message from 9
[crazychoir_task_assignment_webots_guidance-7] [INFO] [1745223781.332194925] [agent_0.guidance]: AGENT 0 Message processing completed. Any updates: False
[crazychoir_task_assignment_webots_guidance-7] [INFO] [1745223781.333591887] [agent_0.guidance]: --NO UPDATE-- AGENT 0 No updates.
[crazychoir_task_assignment_webots_guidance-7] [INFO] [1745223781.336800385] [agent_0.guidance]: AGENT 0 --- Iteration 7
[crazychoir_task_assignment_webots_guidance-7] [INFO] [1745223781.337546984] [agent_0.guidance]: AGENT 0 Exchanging messages...
[crazychoir_task_assignment_webots_guidance-22] [INFO] [1745223781.329243640] [agent_3.guidance]: AGENT 3 Message exchange completed. Received 9 responses.
[crazychoir_task_assignment_webots_guidance-22] [INFO] [1745223781.329627688] [agent_3.guidance]: AGENT 3 Processing messages...
[crazychoir_task_assignment_webots_guidance-22] [INFO] [1745223781.329892719] [agent_3.guidance]: AGENT 3 received message from 0
[crazychoir_task_assignment_webots_guidance-22] [INFO] [1745223781.330168050] [agent_3.guidance]: AGENT 3 received message from 2
[crazychoir_task_assignment_webots_guidance-22] [INFO] [1745223781.330521925] [agent_3.guidance]: AGENT 3 received message from 4
[crazychoir_task_assignment_webots_guidance-22] [INFO] [1745223781.330799590] [agent_3.guidance]: AGENT 3 received message from 5
[crazychoir_task_assignment_webots_guidance-22] [INFO] [1745223781.331070533] [agent_3.guidance]: AGENT 3 received message from 7
[crazychoir_task_assignment_webots_guidance-22] [INFO] [1745223781.331426794] [agent_3.guidance]: AGENT 3 received message from 1
[crazychoir_task_assignment_webots_guidance-22] [INFO] [1745223781.331768102] [agent_3.guidance]: AGENT 3 received message from 8
[crazychoir_task_assignment_webots_guidance-22] [INFO] [1745223781.332046268] [agent_3.guidance]: AGENT 3 received message from 6
[crazychoir_task_assignment_webots_guidance-22] [INFO] [1745223781.333605308] [agent_3.guidance]: AGENT 3 received message from 9
[crazychoir_task_assignment_webots_guidance-22] [INFO] [1745223781.337345969] [agent_3.guidance]: AGENT 3 Message processing completed. Any updates: False
[crazychoir_task_assignment_webots_guidance-22] [INFO] [1745223781.337717972] [agent_3.guidance]: --NO UPDATE-- AGENT 3 No updates.
[crazychoir_task_assignment_webots_guidance-22] [INFO] [1745223781.337986239] [agent_3.guidance]: AGENT 3 Converged after 6 iterations.
[crazychoir_task_assignment_webots_guidance-22] [INFO] [1745223781.338231975] [agent_3.guidance]: AGENT 3 Running final consensus...
[crazychoir_task_assignment_webots_guidance-42] [INFO] [1745223781.329765178] [agent_7.guidance]: AGENT 7 Message exchange completed. Received 9 responses.
[crazychoir_task_assignment_webots_guidance-42] [INFO] [1745223781.330049677] [agent_7.guidance]: AGENT 7 Processing messages...
[crazychoir_task_assignment_webots_guidance-42] [INFO] [1745223781.330774907] [agent_7.guidance]: AGENT 7 received message from 0
[crazychoir_task_assignment_webots_guidance-42] [INFO] [1745223781.331065826] [agent_7.guidance]: AGENT 7 received message from 2
[crazychoir_task_assignment_webots_guidance-42] [INFO] [1745223781.334592558] [agent_7.guidance]: AGENT 7 received message from 1
[crazychoir_task_assignment_webots_guidance-42] [INFO] [1745223781.336566908] [agent_7.guidance]: AGENT 7 received message from 3
[crazychoir_task_assignment_webots_guidance-42] [INFO] [1745223781.337001043] [agent_7.guidance]: AGENT 7 received message from 4
[crazychoir_task_assignment_webots_guidance-42] [INFO] [1745223781.337374184] [agent_7.guidance]: AGENT 7 received message from 5
[crazychoir_task_assignment_webots_guidance-42] [INFO] [1745223781.337743529] [agent_7.guidance]: AGENT 7 received message from 8
[crazychoir_task_assignment_webots_guidance-42] [INFO] [1745223781.339889070] [agent_7.guidance]: AGENT 7 received message from 6
[crazychoir_task_assignment_webots_guidance-42] [INFO] [1745223781.340213270] [agent_7.guidance]: AGENT 7 received message from 9
[crazychoir_task_assignment_webots_guidance-42] [INFO] [1745223781.340672284] [agent_7.guidance]: AGENT 7 Message processing completed. Any updates: False
[crazychoir_task_assignment_webots_guidance-42] [INFO] [1745223781.341521403] [agent_7.guidance]: --NO UPDATE-- AGENT 7 No updates.
[crazychoir_task_assignment_webots_guidance-42] [INFO] [1745223781.341802146] [agent_7.guidance]: AGENT 7 --- Iteration 7
[crazychoir_task_assignment_webots_guidance-42] [INFO] [1745223781.343489877] [agent_7.guidance]: AGENT 7 Exchanging messages...
[crazychoir_task_assignment_webots_guidance-17] [INFO] [1745223781.329863441] [agent_2.guidance]: AGENT 2 Message exchange completed. Received 9 responses.
[crazychoir_task_assignment_webots_guidance-17] [INFO] [1745223781.330650015] [agent_2.guidance]: AGENT 2 Processing messages...
[crazychoir_task_assignment_webots_guidance-17] [INFO] [1745223781.330916594] [agent_2.guidance]: AGENT 2 received message from 5
[crazychoir_task_assignment_webots_guidance-17] [INFO] [1745223781.331190349] [agent_2.guidance]: AGENT 2 received message from 0
[crazychoir_task_assignment_webots_guidance-17] [INFO] [1745223781.331604658] [agent_2.guidance]: AGENT 2 received message from 3
[crazychoir_task_assignment_webots_guidance-17] [INFO] [1745223781.331884205] [agent_2.guidance]: AGENT 2 received message from 4
[crazychoir_task_assignment_webots_guidance-17] [INFO] [1745223781.332252081] [agent_2.guidance]: AGENT 2 received message from 1
[crazychoir_task_assignment_webots_guidance-17] [INFO] [1745223781.337837953] [agent_2.guidance]: AGENT 2 received message from 7
[crazychoir_task_assignment_webots_guidance-17] [INFO] [1745223781.338142867] [agent_2.guidance]: AGENT 2 received message from 8
[crazychoir_task_assignment_webots_guidance-17] [INFO] [1745223781.338509568] [agent_2.guidance]: AGENT 2 received message from 6
[crazychoir_task_assignment_webots_guidance-17] [INFO] [1745223781.338787003] [agent_2.guidance]: AGENT 2 received message from 9
[crazychoir_task_assignment_webots_guidance-17] [INFO] [1745223781.339058161] [agent_2.guidance]: AGENT 2 Message processing completed. Any updates: False
[crazychoir_task_assignment_webots_guidance-17] [INFO] [1745223781.339302863] [agent_2.guidance]: --NO UPDATE-- AGENT 2 No updates.
[crazychoir_task_assignment_webots_guidance-17] [INFO] [1745223781.339658219] [agent_2.guidance]: AGENT 2 --- Iteration 7
[crazychoir_task_assignment_webots_guidance-17] [INFO] [1745223781.340161390] [agent_2.guidance]: AGENT 2 Exchanging messages...
[crazychoir_task_assignment_webots_guidance-12] [INFO] [1745223781.330596432] [agent_1.guidance]: AGENT 1 Message exchange completed. Received 9 responses.
[crazychoir_task_assignment_webots_guidance-12] [INFO] [1745223781.331453576] [agent_1.guidance]: AGENT 1 Processing messages...
[crazychoir_task_assignment_webots_guidance-12] [INFO] [1745223781.331721573] [agent_1.guidance]: AGENT 1 received message from 0
[crazychoir_task_assignment_webots_guidance-12] [INFO] [1745223781.332015149] [agent_1.guidance]: AGENT 1 received message from 2
[crazychoir_task_assignment_webots_guidance-12] [INFO] [1745223781.334754597] [agent_1.guidance]: AGENT 1 received message from 3
[crazychoir_task_assignment_webots_guidance-12] [INFO] [1745223781.338169056] [agent_1.guidance]: AGENT 1 received message from 4
[crazychoir_task_assignment_webots_guidance-12] [INFO] [1745223781.338509053] [agent_1.guidance]: AGENT 1 received message from 5
[crazychoir_task_assignment_webots_guidance-12] [INFO] [1745223781.338815675] [agent_1.guidance]: AGENT 1 received message from 7
[crazychoir_task_assignment_webots_guidance-12] [INFO] [1745223781.339087837] [agent_1.guidance]: AGENT 1 received message from 8
[crazychoir_task_assignment_webots_guidance-12] [INFO] [1745223781.339356924] [agent_1.guidance]: AGENT 1 received message from 6
[crazychoir_task_assignment_webots_guidance-12] [INFO] [1745223781.339627630] [agent_1.guidance]: AGENT 1 received message from 9
[crazychoir_task_assignment_webots_guidance-12] [INFO] [1745223781.341050187] [agent_1.guidance]: AGENT 1 Message processing completed. Any updates: False
[crazychoir_task_assignment_webots_guidance-12] [INFO] [1745223781.341941719] [agent_1.guidance]: --NO UPDATE-- AGENT 1 No updates.
[crazychoir_task_assignment_webots_guidance-12] [INFO] [1745223781.342220837] [agent_1.guidance]: AGENT 1 --- Iteration 7
[crazychoir_task_assignment_webots_guidance-12] [INFO] [1745223781.343338822] [agent_1.guidance]: AGENT 1 Exchanging messages...
[crazychoir_task_assignment_webots_guidance-47] [INFO] [1745223781.336541851] [agent_8.guidance]: AGENT 8 Message exchange completed. Received 9 responses.
[crazychoir_task_assignment_webots_guidance-47] [INFO] [1745223781.336824322] [agent_8.guidance]: AGENT 8 Processing messages...
[crazychoir_task_assignment_webots_guidance-47] [INFO] [1745223781.338886266] [agent_8.guidance]: AGENT 8 received message from 0
[crazychoir_task_assignment_webots_guidance-47] [INFO] [1745223781.339196497] [agent_8.guidance]: AGENT 8 received message from 1
[crazychoir_task_assignment_webots_guidance-47] [INFO] [1745223781.339472097] [agent_8.guidance]: AGENT 8 received message from 2
[crazychoir_task_assignment_webots_guidance-47] [INFO] [1745223781.339748854] [agent_8.guidance]: AGENT 8 received message from 3
[crazychoir_task_assignment_webots_guidance-47] [INFO] [1745223781.340023349] [agent_8.guidance]: AGENT 8 received message from 4
[crazychoir_task_assignment_webots_guidance-47] [INFO] [1745223781.340296435] [agent_8.guidance]: AGENT 8 received message from 5
[crazychoir_task_assignment_webots_guidance-47] [INFO] [1745223781.341574875] [agent_8.guidance]: AGENT 8 received message from 6
[crazychoir_task_assignment_webots_guidance-47] [INFO] [1745223781.341947798] [agent_8.guidance]: AGENT 8 received message from 7
[crazychoir_task_assignment_webots_guidance-47] [INFO] [1745223781.342232389] [agent_8.guidance]: AGENT 8 received message from 9
[crazychoir_task_assignment_webots_guidance-47] [INFO] [1745223781.342505162] [agent_8.guidance]: AGENT 8 Message processing completed. Any updates: False
[crazychoir_task_assignment_webots_guidance-47] [INFO] [1745223781.342753741] [agent_8.guidance]: --NO UPDATE-- AGENT 8 No updates.
[crazychoir_task_assignment_webots_guidance-47] [INFO] [1745223781.343078743] [agent_8.guidance]: AGENT 8 Converged after 6 iterations.
[crazychoir_task_assignment_webots_guidance-47] [INFO] [1745223781.343329605] [agent_8.guidance]: AGENT 8 Running final consensus...
[crazychoir_task_assignment_webots_guidance-52] [INFO] [1745223781.340806676] [agent_9.guidance]: AGENT 9 Message exchange completed. Received 9 responses.
[crazychoir_task_assignment_webots_guidance-52] [INFO] [1745223781.341107213] [agent_9.guidance]: AGENT 9 Processing messages...
[crazychoir_task_assignment_webots_guidance-52] [INFO] [1745223781.341372278] [agent_9.guidance]: AGENT 9 received message from 0
[crazychoir_task_assignment_webots_guidance-52] [INFO] [1745223781.341660034] [agent_9.guidance]: AGENT 9 received message from 1
[crazychoir_task_assignment_webots_guidance-52] [INFO] [1745223781.341938427] [agent_9.guidance]: AGENT 9 received message from 2
[crazychoir_task_assignment_webots_guidance-52] [INFO] [1745223781.342212028] [agent_9.guidance]: AGENT 9 received message from 3
[crazychoir_task_assignment_webots_guidance-52] [INFO] [1745223781.342482950] [agent_9.guidance]: AGENT 9 received message from 4
[crazychoir_task_assignment_webots_guidance-52] [INFO] [1745223781.342754348] [agent_9.guidance]: AGENT 9 received message from 5
[crazychoir_task_assignment_webots_guidance-52] [INFO] [1745223781.343026780] [agent_9.guidance]: AGENT 9 received message from 6
[crazychoir_task_assignment_webots_guidance-52] [INFO] [1745223781.343297708] [agent_9.guidance]: AGENT 9 received message from 7
[crazychoir_task_assignment_webots_guidance-52] [INFO] [1745223781.343570884] [agent_9.guidance]: AGENT 9 received message from 8
[crazychoir_task_assignment_webots_guidance-52] [INFO] [1745223781.343847967] [agent_9.guidance]: AGENT 9 Message processing completed. Any updates: False
[crazychoir_task_assignment_webots_guidance-52] [INFO] [1745223781.344096964] [agent_9.guidance]: --NO UPDATE-- AGENT 9 No updates.
[crazychoir_task_assignment_webots_guidance-52] [INFO] [1745223781.344344862] [agent_9.guidance]: AGENT 9 Converged after 6 iterations.
[crazychoir_task_assignment_webots_guidance-52] [INFO] [1745223781.344598083] [agent_9.guidance]: AGENT 9 Running final consensus...
[crazychoir_task_assignment_webots_guidance-7] [INFO] [1745223781.364517545] [agent_0.guidance]: AGENT 0 Message exchange completed. Received 9 responses.
[crazychoir_task_assignment_webots_guidance-7] [INFO] [1745223781.364794126] [agent_0.guidance]: AGENT 0 Processing messages...
[crazychoir_task_assignment_webots_guidance-7] [INFO] [1745223781.365045771] [agent_0.guidance]: AGENT 0 received message from 4
[crazychoir_task_assignment_webots_guidance-7] [INFO] [1745223781.365317944] [agent_0.guidance]: AGENT 0 received message from 5
[crazychoir_task_assignment_webots_guidance-7] [INFO] [1745223781.365587546] [agent_0.guidance]: AGENT 0 received message from 2
[crazychoir_task_assignment_webots_guidance-7] [INFO] [1745223781.365856429] [agent_0.guidance]: AGENT 0 received message from 3
[crazychoir_task_assignment_webots_guidance-32] [INFO] [1745223781.364907089] [agent_5.guidance]: AGENT 5 Message exchange completed. Received 9 responses.
[crazychoir_task_assignment_webots_guidance-32] [INFO] [1745223781.365190091] [agent_5.guidance]: AGENT 5 Processing messages...
[crazychoir_task_assignment_webots_guidance-32] [INFO] [1745223781.365523140] [agent_5.guidance]: AGENT 5 received message from 0
[crazychoir_task_assignment_webots_guidance-32] [INFO] [1745223781.365803583] [agent_5.guidance]: AGENT 5 received message from 2
[crazychoir_task_assignment_webots_guidance-17] [INFO] [1745223781.365157228] [agent_2.guidance]: AGENT 2 Message exchange completed. Received 9 responses.
[crazychoir_task_assignment_webots_guidance-17] [INFO] [1745223781.365642603] [agent_2.guidance]: AGENT 2 Processing messages...
[crazychoir_task_assignment_webots_guidance-37] [INFO] [1745223781.365516574] [agent_6.guidance]: AGENT 6 Final Winners: {0: 0, 1: 3, 2: 4, 3: 8, 4: 3, 5: 0, 6: 0, 7: 3, 8: 0, 9: 2, 10: 0, 11: 3, 12: 0, 13: 4, 14: 0, 15: 0, 16: 4, 17: 3, 18: 0, 19: 0, 20: 1, 21: 8, 22: 0, 23: 4, 24: 1, 25: 5, 26: 0, 27: 4, 28: 0, 29: 6, 30: 0, 31: 3, 32: 0, 33: 4, 34: 4, 35: 3, 36: 0, 37: 3, 38: 0, 39: 1, 40: 4, 41: 8, 42: 1, 43: 1, 44: 0, 45: 0, 46: 1, 47: 0, 48: 3, 49: 0, 50: 0, 51: 1, 52: 3, 53: 2, 54: 3, 55: 4, 56: 0, 57: 0, 58: 1, 59: 0}
[crazychoir_task_assignment_webots_guidance-37] [INFO] [1745223781.365801976] [agent_6.guidance]: AGENT 6 Entering post-optimization phase
[crazychoir_task_assignment_webots_guidance-32] [INFO] [1745223781.366076624] [agent_5.guidance]: AGENT 5 received message from 4
[crazychoir_task_assignment_webots_guidance-37] [INFO] [1745223781.366084623] [agent_6.guidance]: AGENT 6 Waiting for neighbor 0 to complete optimization
[crazychoir_task_assignment_webots_guidance-7] [INFO] [1745223781.366130087] [agent_0.guidance]: AGENT 0 received message from 8
[crazychoir_task_assignment_webots_guidance-7] [INFO] [1745223781.366400748] [agent_0.guidance]: AGENT 0 received message from 7
[crazychoir_task_assignment_webots_guidance-7] [INFO] [1745223781.366676744] [agent_0.guidance]: AGENT 0 received message from 6
[crazychoir_task_assignment_webots_guidance-7] [INFO] [1745223781.366949715] [agent_0.guidance]: AGENT 0 received message from 1
[crazychoir_task_assignment_webots_guidance-7] [INFO] [1745223781.367221004] [agent_0.guidance]: AGENT 0 received message from 9
[crazychoir_task_assignment_webots_guidance-32] [INFO] [1745223781.369075633] [agent_5.guidance]: AGENT 5 received message from 3
[crazychoir_task_assignment_webots_guidance-32] [INFO] [1745223781.370794316] [agent_5.guidance]: AGENT 5 received message from 8
[crazychoir_task_assignment_webots_guidance-42] [INFO] [1745223781.371602448] [agent_7.guidance]: AGENT 7 Message exchange completed. Received 9 responses.
[crazychoir_task_assignment_webots_guidance-32] [INFO] [1745223781.371750848] [agent_5.guidance]: AGENT 5 received message from 6
[crazychoir_task_assignment_webots_guidance-17] [INFO] [1745223781.371826527] [agent_2.guidance]: AGENT 2 received message from 0
[crazychoir_task_assignment_webots_guidance-42] [INFO] [1745223781.371898836] [agent_7.guidance]: AGENT 7 Processing messages...
[crazychoir_task_assignment_webots_guidance-7] [INFO] [1745223781.371957995] [agent_0.guidance]: AGENT 0 Message processing completed. Any updates: False
[crazychoir_task_assignment_webots_guidance-7] [INFO] [1745223781.372251423] [agent_0.guidance]: --NO UPDATE-- AGENT 0 No updates.
[crazychoir_task_assignment_webots_guidance-7] [INFO] [1745223781.372515072] [agent_0.guidance]: AGENT 0 Converged after 7 iterations.
[crazychoir_task_assignment_webots_guidance-7] [INFO] [1745223781.372820366] [agent_0.guidance]: AGENT 0 Running final consensus...
[crazychoir_task_assignment_webots_guidance-32] [INFO] [1745223781.372070541] [agent_5.guidance]: AGENT 5 received message from 1
[crazychoir_task_assignment_webots_guidance-32] [INFO] [1745223781.372350361] [agent_5.guidance]: AGENT 5 received message from 7
[crazychoir_task_assignment_webots_guidance-32] [INFO] [1745223781.372648454] [agent_5.guidance]: AGENT 5 received message from 9
[crazychoir_task_assignment_webots_guidance-32] [INFO] [1745223781.372969394] [agent_5.guidance]: AGENT 5 Message processing completed. Any updates: False
[crazychoir_task_assignment_webots_guidance-32] [INFO] [1745223781.373347087] [agent_5.guidance]: --NO UPDATE-- AGENT 5 No updates.
[crazychoir_task_assignment_webots_guidance-17] [INFO] [1745223781.372142524] [agent_2.guidance]: AGENT 2 received message from 4
[crazychoir_task_assignment_webots_guidance-17] [INFO] [1745223781.372442978] [agent_2.guidance]: AGENT 2 received message from 5
[crazychoir_task_assignment_webots_guidance-17] [INFO] [1745223781.372905943] [agent_2.guidance]: AGENT 2 received message from 3
[crazychoir_task_assignment_webots_guidance-17] [INFO] [1745223781.373251130] [agent_2.guidance]: AGENT 2 received message from 8
[crazychoir_task_assignment_webots_guidance-17] [INFO] [1745223781.373698564] [agent_2.guidance]: AGENT 2 received message from 6
[crazychoir_task_assignment_webots_guidance-42] [INFO] [1745223781.372163554] [agent_7.guidance]: AGENT 7 received message from 0
[crazychoir_task_assignment_webots_guidance-42] [INFO] [1745223781.374017659] [agent_7.guidance]: AGENT 7 received message from 2
[crazychoir_task_assignment_webots_guidance-42] [INFO] [1745223781.374445386] [agent_7.guidance]: AGENT 7 received message from 1
[crazychoir_task_assignment_webots_guidance-12] [INFO] [1745223781.372701449] [agent_1.guidance]: AGENT 1 Message exchange completed. Received 9 responses.
[crazychoir_task_assignment_webots_guidance-12] [INFO] [1745223781.373779130] [agent_1.guidance]: AGENT 1 Processing messages...
[crazychoir_task_assignment_webots_guidance-12] [INFO] [1745223781.374061831] [agent_1.guidance]: AGENT 1 received message from 0
[crazychoir_task_assignment_webots_guidance-12] [INFO] [1745223781.374346546] [agent_1.guidance]: AGENT 1 received message from 2
[crazychoir_task_assignment_webots_guidance-32] [INFO] [1745223781.373637388] [agent_5.guidance]: AGENT 5 Converged after 7 iterations.
[crazychoir_task_assignment_webots_guidance-32] [INFO] [1745223781.373943188] [agent_5.guidance]: AGENT 5 Running final consensus...
[crazychoir_task_assignment_webots_guidance-17] [INFO] [1745223781.374543746] [agent_2.guidance]: AGENT 2 received message from 7
[crazychoir_task_assignment_webots_guidance-17] [INFO] [1745223781.374825418] [agent_2.guidance]: AGENT 2 received message from 1
[crazychoir_task_assignment_webots_guidance-17] [INFO] [1745223781.375143227] [agent_2.guidance]: AGENT 2 received message from 9
[crazychoir_task_assignment_webots_guidance-42] [INFO] [1745223781.374730415] [agent_7.guidance]: AGENT 7 received message from 3
[crazychoir_task_assignment_webots_guidance-42] [INFO] [1745223781.375086820] [agent_7.guidance]: AGENT 7 received message from 4
[crazychoir_task_assignment_webots_guidance-42] [INFO] [1745223781.375367788] [agent_7.guidance]: AGENT 7 received message from 5
[crazychoir_task_assignment_webots_guidance-42] [INFO] [1745223781.375669373] [agent_7.guidance]: AGENT 7 received message from 6
[crazychoir_task_assignment_webots_guidance-42] [INFO] [1745223781.375945926] [agent_7.guidance]: AGENT 7 received message from 8
[crazychoir_task_assignment_webots_guidance-42] [INFO] [1745223781.376268515] [agent_7.guidance]: AGENT 7 received message from 9
[crazychoir_task_assignment_webots_guidance-17] [INFO] [1745223781.375585217] [agent_2.guidance]: AGENT 2 Message processing completed. Any updates: False
[crazychoir_task_assignment_webots_guidance-17] [INFO] [1745223781.375841939] [agent_2.guidance]: --NO UPDATE-- AGENT 2 No updates.
[crazychoir_task_assignment_webots_guidance-17] [INFO] [1745223781.376089432] [agent_2.guidance]: AGENT 2 Converged after 7 iterations.
[crazychoir_task_assignment_webots_guidance-17] [INFO] [1745223781.376386163] [agent_2.guidance]: AGENT 2 Running final consensus...
[crazychoir_task_assignment_webots_guidance-12] [INFO] [1745223781.376504277] [agent_1.guidance]: AGENT 1 received message from 3
[crazychoir_task_assignment_webots_guidance-12] [INFO] [1745223781.376847396] [agent_1.guidance]: AGENT 1 received message from 4
[crazychoir_task_assignment_webots_guidance-42] [INFO] [1745223781.376555853] [agent_7.guidance]: AGENT 7 Message processing completed. Any updates: False
[crazychoir_task_assignment_webots_guidance-42] [INFO] [1745223781.376805983] [agent_7.guidance]: --NO UPDATE-- AGENT 7 No updates.
[crazychoir_task_assignment_webots_guidance-42] [INFO] [1745223781.377053240] [agent_7.guidance]: AGENT 7 Converged after 7 iterations.
[crazychoir_task_assignment_webots_guidance-12] [INFO] [1745223781.377133278] [agent_1.guidance]: AGENT 1 received message from 5
[crazychoir_task_assignment_webots_guidance-12] [INFO] [1745223781.380620268] [agent_1.guidance]: AGENT 1 received message from 6
[crazychoir_task_assignment_webots_guidance-12] [INFO] [1745223781.381056598] [agent_1.guidance]: AGENT 1 received message from 7
[crazychoir_task_assignment_webots_guidance-12] [INFO] [1745223781.381507840] [agent_1.guidance]: AGENT 1 received message from 8
[crazychoir_task_assignment_webots_guidance-42] [INFO] [1745223781.382935597] [agent_7.guidance]: AGENT 7 Running final consensus...
[crazychoir_task_assignment_webots_guidance-12] [INFO] [1745223781.383127923] [agent_1.guidance]: AGENT 1 received message from 9
[crazychoir_task_assignment_webots_guidance-12] [INFO] [1745223781.384267509] [agent_1.guidance]: AGENT 1 Message processing completed. Any updates: False
[crazychoir_task_assignment_webots_guidance-12] [INFO] [1745223781.384765060] [agent_1.guidance]: --NO UPDATE-- AGENT 1 No updates.
[crazychoir_task_assignment_webots_guidance-12] [INFO] [1745223781.385054130] [agent_1.guidance]: AGENT 1 Converged after 7 iterations.
[crazychoir_task_assignment_webots_guidance-12] [INFO] [1745223781.385313347] [agent_1.guidance]: AGENT 1 Running final consensus...
[crazychoir_task_assignment_webots_guidance-27] [INFO] [1745223781.394613901] [agent_4.guidance]: AGENT 4 Final Winners: {0: 0, 1: 3, 2: 4, 3: 8, 4: 3, 5: 0, 6: 0, 7: 3, 8: 0, 9: 2, 10: 0, 11: 3, 12: 0, 13: 4, 14: 0, 15: 0, 16: 4, 17: 3, 18: 0, 19: 0, 20: 1, 21: 8, 22: 0, 23: 4, 24: 1, 25: 5, 26: 0, 27: 4, 28: 0, 29: 6, 30: 0, 31: 3, 32: 0, 33: 4, 34: 4, 35: 3, 36: 0, 37: 3, 38: 0, 39: 1, 40: 4, 41: 8, 42: 1, 43: 1, 44: 0, 45: 0, 46: 1, 47: 0, 48: 3, 49: 0, 50: 0, 51: 1, 52: 3, 53: 2, 54: 3, 55: 4, 56: 0, 57: 0, 58: 1, 59: 0}
[crazychoir_task_assignment_webots_guidance-27] [INFO] [1745223781.394911968] [agent_4.guidance]: AGENT 4 Entering post-optimization phase
[crazychoir_task_assignment_webots_guidance-22] [INFO] [1745223781.394943811] [agent_3.guidance]: AGENT 3 Final Winners: {0: 0, 1: 3, 2: 4, 3: 8, 4: 3, 5: 0, 6: 0, 7: 3, 8: 0, 9: 2, 10: 0, 11: 3, 12: 0, 13: 4, 14: 0, 15: 0, 16: 4, 17: 3, 18: 0, 19: 0, 20: 1, 21: 8, 22: 0, 23: 4, 24: 1, 25: 5, 26: 0, 27: 4, 28: 0, 29: 6, 30: 0, 31: 3, 32: 0, 33: 4, 34: 4, 35: 3, 36: 0, 37: 3, 38: 0, 39: 1, 40: 4, 41: 8, 42: 1, 43: 1, 44: 0, 45: 0, 46: 1, 47: 0, 48: 3, 49: 0, 50: 0, 51: 1, 52: 3, 53: 2, 54: 3, 55: 4, 56: 0, 57: 0, 58: 1, 59: 0}
[crazychoir_task_assignment_webots_guidance-22] [INFO] [1745223781.395309268] [agent_3.guidance]: AGENT 3 Entering post-optimization phase
[crazychoir_task_assignment_webots_guidance-22] [INFO] [1745223781.395610525] [agent_3.guidance]: AGENT 3 Waiting for neighbor 0 to complete optimization
[crazychoir_task_assignment_webots_guidance-27] [INFO] [1745223781.396050101] [agent_4.guidance]: AGENT 4 Waiting for neighbor 0 to complete optimization
[crazychoir_task_assignment_webots_guidance-47] [INFO] [1745223781.397642852] [agent_8.guidance]: AGENT 8 Final Winners: {0: 0, 1: 3, 2: 4, 3: 8, 4: 3, 5: 0, 6: 0, 7: 3, 8: 0, 9: 2, 10: 0, 11: 3, 12: 0, 13: 4, 14: 0, 15: 0, 16: 4, 17: 3, 18: 0, 19: 0, 20: 1, 21: 8, 22: 0, 23: 4, 24: 1, 25: 5, 26: 0, 27: 4, 28: 0, 29: 6, 30: 0, 31: 3, 32: 0, 33: 4, 34: 4, 35: 3, 36: 0, 37: 3, 38: 0, 39: 1, 40: 4, 41: 8, 42: 1, 43: 1, 44: 0, 45: 0, 46: 1, 47: 0, 48: 3, 49: 0, 50: 0, 51: 1, 52: 3, 53: 2, 54: 3, 55: 4, 56: 0, 57: 0, 58: 1, 59: 0}
[crazychoir_task_assignment_webots_guidance-52] [INFO] [1745223781.397748865] [agent_9.guidance]: AGENT 9 Final Winners: {0: 0, 1: 3, 2: 4, 3: 8, 4: 3, 5: 0, 6: 0, 7: 3, 8: 0, 9: 2, 10: 0, 11: 3, 12: 0, 13: 4, 14: 0, 15: 0, 16: 4, 17: 3, 18: 0, 19: 0, 20: 1, 21: 8, 22: 0, 23: 4, 24: 1, 25: 5, 26: 0, 27: 4, 28: 0, 29: 6, 30: 0, 31: 3, 32: 0, 33: 4, 34: 4, 35: 3, 36: 0, 37: 3, 38: 0, 39: 1, 40: 4, 41: 8, 42: 1, 43: 1, 44: 0, 45: 0, 46: 1, 47: 0, 48: 3, 49: 0, 50: 0, 51: 1, 52: 3, 53: 2, 54: 3, 55: 4, 56: 0, 57: 0, 58: 1, 59: 0}
[crazychoir_task_assignment_webots_guidance-47] [INFO] [1745223781.397933087] [agent_8.guidance]: AGENT 8 Entering post-optimization phase
[crazychoir_task_assignment_webots_guidance-47] [INFO] [1745223781.402538397] [agent_8.guidance]: AGENT 8 Waiting for neighbor 0 to complete optimization
[crazychoir_task_assignment_webots_guidance-52] [INFO] [1745223781.406771578] [agent_9.guidance]: AGENT 9 Entering post-optimization phase
[crazychoir_task_assignment_webots_guidance-52] [INFO] [1745223781.409121625] [agent_9.guidance]: AGENT 9 Waiting for neighbor 0 to complete optimization
[crazychoir_task_assignment_webots_guidance-37] [INFO] [1745223781.896128527] [agent_6.guidance]: AGENT 6 Waiting for neighbor 0 to complete optimization
[crazychoir_task_assignment_webots_guidance-37] [INFO] [1745223781.899192242] [agent_6.guidance]: AGENT 6 Neighbor 3 completed optimization
[crazychoir_task_assignment_webots_guidance-37] [INFO] [1745223781.899449256] [agent_6.guidance]: AGENT 6 Neighbor 4 completed optimization
[crazychoir_task_assignment_webots_guidance-37] [INFO] [1745223781.899696222] [agent_6.guidance]: AGENT 6 Neighbor 8 completed optimization
[crazychoir_task_assignment_webots_guidance-27] [INFO] [1745223781.900519453] [agent_4.guidance]: AGENT 4 Neighbor 3 completed optimization
[crazychoir_task_assignment_webots_guidance-27] [INFO] [1745223781.900797623] [agent_4.guidance]: AGENT 4 Neighbor 8 completed optimization
[crazychoir_task_assignment_webots_guidance-27] [INFO] [1745223781.901052659] [agent_4.guidance]: AGENT 4 Neighbor 9 completed optimization
[crazychoir_task_assignment_webots_guidance-27] [INFO] [1745223781.901306397] [agent_4.guidance]: AGENT 4 Neighbor 6 completed optimization
[crazychoir_task_assignment_webots_guidance-52] [INFO] [1745223781.900555237] [agent_9.guidance]: AGENT 9 Neighbor 3 completed optimization
[crazychoir_task_assignment_webots_guidance-52] [INFO] [1745223781.900830280] [agent_9.guidance]: AGENT 9 Neighbor 4 completed optimization
[crazychoir_task_assignment_webots_guidance-52] [INFO] [1745223781.901087272] [agent_9.guidance]: AGENT 9 Neighbor 8 completed optimization
[crazychoir_task_assignment_webots_guidance-52] [INFO] [1745223781.901343224] [agent_9.guidance]: AGENT 9 Neighbor 6 completed optimization
[crazychoir_task_assignment_webots_guidance-32] [INFO] [1745223781.900675462] [agent_5.guidance]: AGENT 5 Final Winners: {0: 0, 1: 3, 2: 4, 3: 8, 4: 3, 5: 0, 6: 0, 7: 3, 8: 0, 9: 2, 10: 0, 11: 3, 12: 0, 13: 4, 14: 0, 15: 0, 16: 4, 17: 3, 18: 0, 19: 0, 20: 1, 21: 8, 22: 0, 23: 4, 24: 1, 25: 5, 26: 0, 27: 4, 28: 0, 29: 6, 30: 0, 31: 3, 32: 0, 33: 4, 34: 4, 35: 3, 36: 0, 37: 3, 38: 0, 39: 1, 40: 4, 41: 8, 42: 1, 43: 1, 44: 0, 45: 0, 46: 1, 47: 0, 48: 3, 49: 0, 50: 0, 51: 1, 52: 3, 53: 2, 54: 3, 55: 4, 56: 0, 57: 0, 58: 1, 59: 0}
[crazychoir_task_assignment_webots_guidance-32] [INFO] [1745223781.900963385] [agent_5.guidance]: AGENT 5 Entering post-optimization phase
[crazychoir_task_assignment_webots_guidance-32] [INFO] [1745223781.901243208] [agent_5.guidance]: AGENT 5 Waiting for neighbor 0 to complete optimization
[crazychoir_task_assignment_webots_guidance-7] [INFO] [1745223781.900704140] [agent_0.guidance]: AGENT 0 Final Winners: {0: 0, 1: 3, 2: 4, 3: 8, 4: 3, 5: 0, 6: 0, 7: 3, 8: 0, 9: 2, 10: 0, 11: 3, 12: 0, 13: 4, 14: 0, 15: 0, 16: 4, 17: 3, 18: 0, 19: 0, 20: 1, 21: 8, 22: 0, 23: 4, 24: 1, 25: 5, 26: 0, 27: 4, 28: 0, 29: 6, 30: 0, 31: 3, 32: 0, 33: 4, 34: 4, 35: 3, 36: 0, 37: 3, 38: 0, 39: 1, 40: 4, 41: 8, 42: 1, 43: 1, 44: 0, 45: 0, 46: 1, 47: 0, 48: 3, 49: 0, 50: 0, 51: 1, 52: 3, 53: 2, 54: 3, 55: 4, 56: 0, 57: 0, 58: 1, 59: 0}
[crazychoir_task_assignment_webots_guidance-7] [WARN] [1745223781.901087743] [agent_0.guidance]: AGENT 0 FINAL CHECK - WINNING TASKS: [Task(id=0, coordinates=array('d', [2.8021790340820605, 0.28339349505433375]), value=1, seq_num=0), Task(id=5, coordinates=array('d', [1.6762975307625148, -1.8138895523984815]), value=1, seq_num=5), Task(id=6, coordinates=array('d', [2.1779594135953335, 2.9004040630518766]), value=1, seq_num=6), Task(id=8, coordinates=array('d', [-2.9460834139946703, -0.6805723041382237]), value=1, seq_num=8), Task(id=10, coordinates=array('d', [-0.3831201187212141, 2.6938638406893762]), value=1, seq_num=10), Task(id=12, coordinates=array('d', [-1.961007471024311, -2.550308477921358]), value=1, seq_num=12), Task(id=14, coordinates=array('d', [1.4002810050634196, -0.5493368390879114]), value=1, seq_num=14), Task(id=15, coordinates=array('d', [0.16745294050752202, 2.625429503705652]), value=1, seq_num=15), Task(id=18, coordinates=array('d', [0.14642448041084055, 0.8256614647559619]), value=1, seq_num=18), Task(id=19, coordinates=array('d', [-0.5910273384583626, 0.898830654116054]), value=1, seq_num=19), Task(id=22, coordinates=array('d', [-0.7465453884747459, 0.015198355961606236]), value=1, seq_num=22), Task(id=26, coordinates=array('d', [0.8253424381124201, -1.8513215872862199]), value=1, seq_num=26), Task(id=28, coordinates=array('d', [2.510298234838576, -0.409067571952634]), value=1, seq_num=28), Task(id=30, coordinates=array('d', [2.428005532460202, -0.5710486961345635]), value=1, seq_num=30), Task(id=32, coordinates=array('d', [2.07266189456468, 2.1660858705184314]), value=1, seq_num=32), Task(id=36, coordinates=array('d', [0.0884038254788706, 0.6213810621612383]), value=1, seq_num=36), Task(id=38, coordinates=array('d', [-2.224879297977374, 0.6873770781019921]), value=1, seq_num=38), Task(id=44, coordinates=array('d', [0.06146177576964007, 2.5603241594415067]), value=1, seq_num=44), Task(id=45, coordinates=array('d', [1.0015666292377556, -2.107638963395658]), value=1, seq_num=45), Task(id=47, coordinates=array('d', [-0.898288734866906, -1.865845443263071]), value=1, seq_num=47), Task(id=49, coordinates=array('d', [0.713579559864562, -0.3794022483629207]), value=1, seq_num=49), Task(id=50, coordinates=array('d', [-1.4344670562330268, -0.525166730023459]), value=1, seq_num=50), Task(id=56, coordinates=array('d', [0.6709308987317524, -2.255912290120368]), value=1, seq_num=56), Task(id=57, coordinates=array('d', [1.557177174979988, 1.7665399054598527]), value=1, seq_num=57), Task(id=59, coordinates=array('d', [-1.9573212374683449, 2.6555150983618816]), value=1, seq_num=59)]
[crazychoir_task_assignment_webots_guidance-7] [WARN] [1745223781.901411688] [agent_0.guidance]: AGENT 0 FINAL CHECK - FINAL BUNDLE: []
[crazychoir_task_assignment_webots_guidance-7] [WARN] [1745223781.901699469] [agent_0.guidance]: AGENT 0 FINAL CHECK - FINAL PATH: []
[crazychoir_task_assignment_webots_guidance-7] [INFO] [1745223781.901956552] [agent_0.guidance]: AGENT 0 Entering post-optimization phase
[crazychoir_task_assignment_webots_guidance-42] [INFO] [1745223781.900963198] [agent_7.guidance]: AGENT 7 Final Winners: {0: 0, 1: 3, 2: 4, 3: 8, 4: 3, 5: 0, 6: 0, 7: 3, 8: 0, 9: 2, 10: 0, 11: 3, 12: 0, 13: 4, 14: 0, 15: 0, 16: 4, 17: 3, 18: 0, 19: 0, 20: 1, 21: 8, 22: 0, 23: 4, 24: 1, 25: 5, 26: 0, 27: 4, 28: 0, 29: 6, 30: 0, 31: 3, 32: 0, 33: 4, 34: 4, 35: 3, 36: 0, 37: 3, 38: 0, 39: 1, 40: 4, 41: 8, 42: 1, 43: 1, 44: 0, 45: 0, 46: 1, 47: 0, 48: 3, 49: 0, 50: 0, 51: 1, 52: 3, 53: 2, 54: 3, 55: 4, 56: 0, 57: 0, 58: 1, 59: 0}
[crazychoir_task_assignment_webots_guidance-42] [INFO] [1745223781.901243409] [agent_7.guidance]: AGENT 7 Entering post-optimization phase
[crazychoir_task_assignment_webots_guidance-42] [INFO] [1745223781.901520721] [agent_7.guidance]: AGENT 7 Waiting for neighbor 0 to complete optimization
[crazychoir_task_assignment_webots_guidance-47] [INFO] [1745223781.901032881] [agent_8.guidance]: AGENT 8 Neighbor 3 completed optimization
[crazychoir_task_assignment_webots_guidance-47] [INFO] [1745223781.901310316] [agent_8.guidance]: AGENT 8 Neighbor 4 completed optimization
[crazychoir_task_assignment_webots_guidance-47] [INFO] [1745223781.901567759] [agent_8.guidance]: AGENT 8 Neighbor 9 completed optimization
[crazychoir_task_assignment_webots_guidance-47] [INFO] [1745223781.901826639] [agent_8.guidance]: AGENT 8 Neighbor 6 completed optimization
[crazychoir_task_assignment_webots_guidance-17] [INFO] [1745223781.901209087] [agent_2.guidance]: AGENT 2 Final Winners: {0: 0, 1: 3, 2: 4, 3: 8, 4: 3, 5: 0, 6: 0, 7: 3, 8: 0, 9: 2, 10: 0, 11: 3, 12: 0, 13: 4, 14: 0, 15: 0, 16: 4, 17: 3, 18: 0, 19: 0, 20: 1, 21: 8, 22: 0, 23: 4, 24: 1, 25: 5, 26: 0, 27: 4, 28: 0, 29: 6, 30: 0, 31: 3, 32: 0, 33: 4, 34: 4, 35: 3, 36: 0, 37: 3, 38: 0, 39: 1, 40: 4, 41: 8, 42: 1, 43: 1, 44: 0, 45: 0, 46: 1, 47: 0, 48: 3, 49: 0, 50: 0, 51: 1, 52: 3, 53: 2, 54: 3, 55: 4, 56: 0, 57: 0, 58: 1, 59: 0}
[crazychoir_task_assignment_webots_guidance-17] [INFO] [1745223781.901487677] [agent_2.guidance]: AGENT 2 Entering post-optimization phase
[crazychoir_task_assignment_webots_guidance-17] [INFO] [1745223781.901798583] [agent_2.guidance]: AGENT 2 Waiting for neighbor 0 to complete optimization
[crazychoir_task_assignment_webots_guidance-7] [INFO] [1745223781.902235890] [agent_0.guidance]: AGENT 0 Waiting for neighbor 1 to complete optimization
[crazychoir_task_assignment_webots_guidance-12] [INFO] [1745223781.902286002] [agent_1.guidance]: AGENT 1 Final Winners: {0: 0, 1: 3, 2: 4, 3: 8, 4: 3, 5: 0, 6: 0, 7: 3, 8: 0, 9: 2, 10: 0, 11: 3, 12: 0, 13: 4, 14: 0, 15: 0, 16: 4, 17: 3, 18: 0, 19: 0, 20: 1, 21: 8, 22: 0, 23: 4, 24: 1, 25: 5, 26: 0, 27: 4, 28: 0, 29: 6, 30: 0, 31: 3, 32: 0, 33: 4, 34: 4, 35: 3, 36: 0, 37: 3, 38: 0, 39: 1, 40: 4, 41: 8, 42: 1, 43: 1, 44: 0, 45: 0, 46: 1, 47: 0, 48: 3, 49: 0, 50: 0, 51: 1, 52: 3, 53: 2, 54: 3, 55: 4, 56: 0, 57: 0, 58: 1, 59: 0}
[crazychoir_task_assignment_webots_guidance-12] [INFO] [1745223781.902590294] [agent_1.guidance]: AGENT 1 Entering post-optimization phase
[crazychoir_task_assignment_webots_guidance-12] [INFO] [1745223781.902889466] [agent_1.guidance]: AGENT 1 Waiting for neighbor 0 to complete optimization
[crazychoir_task_assignment_webots_guidance-22] [INFO] [1745223781.903184409] [agent_3.guidance]: AGENT 3 Neighbor 4 completed optimization
[crazychoir_task_assignment_webots_guidance-22] [INFO] [1745223781.903462751] [agent_3.guidance]: AGENT 3 Neighbor 8 completed optimization
[crazychoir_task_assignment_webots_guidance-22] [INFO] [1745223781.903722406] [agent_3.guidance]: AGENT 3 Neighbor 9 completed optimization
[crazychoir_task_assignment_webots_guidance-22] [INFO] [1745223781.903982602] [agent_3.guidance]: AGENT 3 Neighbor 6 completed optimization
[crazychoir_task_assignment_webots_guidance-37] [INFO] [1745223781.903825498] [agent_6.guidance]: AGENT 6 Neighbor 9 completed optimization
[crazychoir_task_assignment_webots_guidance-27] [INFO] [1745223782.402197701] [agent_4.guidance]: AGENT 4 Waiting for neighbor 0 to complete optimization
[crazychoir_task_assignment_webots_guidance-52] [INFO] [1745223782.402220115] [agent_9.guidance]: AGENT 9 Waiting for neighbor 0 to complete optimization
[crazychoir_task_assignment_webots_guidance-47] [INFO] [1745223782.402708839] [agent_8.guidance]: AGENT 8 Waiting for neighbor 0 to complete optimization
[crazychoir_task_assignment_webots_guidance-22] [INFO] [1745223782.404865678] [agent_3.guidance]: AGENT 3 Waiting for neighbor 0 to complete optimization
[crazychoir_task_assignment_webots_guidance-37] [INFO] [1745223782.405045607] [agent_6.guidance]: AGENT 6 Waiting for neighbor 0 to complete optimization
[crazychoir_task_assignment_webots_guidance-37] [INFO] [1745223782.407066129] [agent_6.guidance]: AGENT 6 Neighbor 0 completed optimization
[crazychoir_task_assignment_webots_guidance-37] [INFO] [1745223782.407335864] [agent_6.guidance]: AGENT 6 Neighbor 1 completed optimization
[crazychoir_task_assignment_webots_guidance-37] [INFO] [1745223782.407586292] [agent_6.guidance]: AGENT 6 Neighbor 2 completed optimization
[crazychoir_task_assignment_webots_guidance-37] [INFO] [1745223782.407836605] [agent_6.guidance]: AGENT 6 Neighbor 5 completed optimization
[crazychoir_task_assignment_webots_guidance-37] [INFO] [1745223782.408082996] [agent_6.guidance]: AGENT 6 Neighbor 7 completed optimization
[crazychoir_task_assignment_webots_guidance-32] [INFO] [1745223782.408705909] [agent_5.guidance]: AGENT 5 Neighbor 7 completed optimization
[crazychoir_task_assignment_webots_guidance-12] [INFO] [1745223782.408755756] [agent_1.guidance]: AGENT 1 Neighbor 0 completed optimization
[crazychoir_task_assignment_webots_guidance-42] [INFO] [1745223782.408758045] [agent_7.guidance]: AGENT 7 Neighbor 5 completed optimization
[crazychoir_task_assignment_webots_guidance-7] [INFO] [1745223782.408762733] [agent_0.guidance]: AGENT 0 Neighbor 1 completed optimization
[crazychoir_task_assignment_webots_guidance-47] [INFO] [1745223782.408969136] [agent_8.guidance]: AGENT 8 Neighbor 0 completed optimization
[crazychoir_task_assignment_webots_guidance-32] [INFO] [1745223782.408976639] [agent_5.guidance]: AGENT 5 Neighbor 2 completed optimization
[crazychoir_task_assignment_webots_guidance-12] [INFO] [1745223782.409031298] [agent_1.guidance]: AGENT 1 Neighbor 2 completed optimization
[crazychoir_task_assignment_webots_guidance-42] [INFO] [1745223782.409037685] [agent_7.guidance]: AGENT 7 Neighbor 0 completed optimization
[crazychoir_task_assignment_webots_guidance-7] [INFO] [1745223782.409038719] [agent_0.guidance]: AGENT 0 Neighbor 2 completed optimization
[crazychoir_task_assignment_webots_guidance-27] [INFO] [1745223782.409045588] [agent_4.guidance]: AGENT 4 Neighbor 0 completed optimization
[crazychoir_task_assignment_webots_guidance-32] [INFO] [1745223782.409229815] [agent_5.guidance]: AGENT 5 Neighbor 0 completed optimization
[crazychoir_task_assignment_webots_guidance-47] [INFO] [1745223782.409246184] [agent_8.guidance]: AGENT 8 Neighbor 1 completed optimization
[crazychoir_task_assignment_webots_guidance-12] [INFO] [1745223782.409283176] [agent_1.guidance]: AGENT 1 Neighbor 5 completed optimization
[crazychoir_task_assignment_webots_guidance-42] [INFO] [1745223782.409291235] [agent_7.guidance]: AGENT 7 Neighbor 2 completed optimization
[crazychoir_task_assignment_webots_guidance-7] [INFO] [1745223782.409294350] [agent_0.guidance]: AGENT 0 Neighbor 5 completed optimization
[crazychoir_task_assignment_webots_guidance-27] [INFO] [1745223782.409313464] [agent_4.guidance]: AGENT 4 Neighbor 1 completed optimization
[crazychoir_task_assignment_webots_guidance-32] [INFO] [1745223782.409475681] [agent_5.guidance]: AGENT 5 Neighbor 1 completed optimization
[crazychoir_task_assignment_webots_guidance-47] [INFO] [1745223782.409498035] [agent_8.guidance]: AGENT 8 Neighbor 2 completed optimization
[crazychoir_task_assignment_webots_guidance-12] [INFO] [1745223782.409532438] [agent_1.guidance]: AGENT 1 Neighbor 7 completed optimization
[crazychoir_task_assignment_webots_guidance-42] [INFO] [1745223782.409540421] [agent_7.guidance]: AGENT 7 Neighbor 1 completed optimization
[crazychoir_task_assignment_webots_guidance-7] [INFO] [1745223782.409546660] [agent_0.guidance]: AGENT 0 Neighbor 7 completed optimization
[crazychoir_task_assignment_webots_guidance-27] [INFO] [1745223782.409562793] [agent_4.guidance]: AGENT 4 Neighbor 2 completed optimization
[crazychoir_task_assignment_webots_guidance-32] [INFO] [1745223782.409718792] [agent_5.guidance]: AGENT 5 Neighbor 4 completed optimization
[crazychoir_task_assignment_webots_guidance-32] [INFO] [1745223782.409961744] [agent_5.guidance]: AGENT 5 Neighbor 9 completed optimization
[crazychoir_task_assignment_webots_guidance-47] [INFO] [1745223782.409751199] [agent_8.guidance]: AGENT 8 Neighbor 5 completed optimization
[crazychoir_task_assignment_webots_guidance-12] [INFO] [1745223782.409779748] [agent_1.guidance]: AGENT 1 Neighbor 4 completed optimization
[crazychoir_task_assignment_webots_guidance-42] [INFO] [1745223782.409789074] [agent_7.guidance]: AGENT 7 Neighbor 4 completed optimization
[crazychoir_task_assignment_webots_guidance-7] [INFO] [1745223782.409795090] [agent_0.guidance]: AGENT 0 Neighbor 4 completed optimization
[crazychoir_task_assignment_webots_guidance-27] [INFO] [1745223782.409809897] [agent_4.guidance]: AGENT 4 Neighbor 5 completed optimization
[crazychoir_task_assignment_webots_guidance-47] [INFO] [1745223782.410001578] [agent_8.guidance]: AGENT 8 Neighbor 7 completed optimization
[crazychoir_task_assignment_webots_guidance-12] [INFO] [1745223782.410025710] [agent_1.guidance]: AGENT 1 Neighbor 8 completed optimization
[crazychoir_task_assignment_webots_guidance-12] [INFO] [1745223782.410272493] [agent_1.guidance]: AGENT 1 Neighbor 9 completed optimization
[crazychoir_task_assignment_webots_guidance-42] [INFO] [1745223782.410036534] [agent_7.guidance]: AGENT 7 Neighbor 8 completed optimization
[crazychoir_task_assignment_webots_guidance-42] [INFO] [1745223782.410281480] [agent_7.guidance]: AGENT 7 Neighbor 9 completed optimization
[crazychoir_task_assignment_webots_guidance-7] [INFO] [1745223782.410042431] [agent_0.guidance]: AGENT 0 Neighbor 8 completed optimization
[crazychoir_task_assignment_webots_guidance-27] [INFO] [1745223782.410056094] [agent_4.guidance]: AGENT 4 Neighbor 7 completed optimization
[crazychoir_task_assignment_webots_guidance-7] [INFO] [1745223782.410290720] [agent_0.guidance]: AGENT 0 Neighbor 9 completed optimization
[crazychoir_task_assignment_webots_guidance-32] [INFO] [1745223782.410202540] [agent_5.guidance]: AGENT 5 Neighbor 8 completed optimization
[crazychoir_task_assignment_webots_guidance-32] [INFO] [1745223782.410444373] [agent_5.guidance]: AGENT 5 Neighbor 3 completed optimization
[crazychoir_task_assignment_webots_guidance-12] [INFO] [1745223782.410518481] [agent_1.guidance]: AGENT 1 Neighbor 3 completed optimization
[crazychoir_task_assignment_webots_guidance-42] [INFO] [1745223782.410529110] [agent_7.guidance]: AGENT 7 Neighbor 3 completed optimization
[crazychoir_task_assignment_webots_guidance-7] [INFO] [1745223782.410539973] [agent_0.guidance]: AGENT 0 Neighbor 3 completed optimization
[crazychoir_task_assignment_webots_guidance-32] [INFO] [1745223782.410685878] [agent_5.guidance]: AGENT 5 Neighbor 6 completed optimization
[crazychoir_task_assignment_webots_guidance-12] [INFO] [1745223782.410764953] [agent_1.guidance]: AGENT 1 Neighbor 6 completed optimization
[crazychoir_task_assignment_webots_guidance-42] [INFO] [1745223782.410777103] [agent_7.guidance]: AGENT 7 Neighbor 6 completed optimization
[crazychoir_task_assignment_webots_guidance-7] [INFO] [1745223782.410786022] [agent_0.guidance]: AGENT 0 Neighbor 6 completed optimization
[crazychoir_task_assignment_webots_guidance-17] [INFO] [1745223782.411236176] [agent_2.guidance]: AGENT 2 Neighbor 5 completed optimization
[crazychoir_task_assignment_webots_guidance-52] [INFO] [1745223782.411369291] [agent_9.guidance]: AGENT 9 Neighbor 0 completed optimization
[crazychoir_task_assignment_webots_guidance-17] [INFO] [1745223782.411501261] [agent_2.guidance]: AGENT 2 Neighbor 7 completed optimization
[crazychoir_task_assignment_webots_guidance-52] [INFO] [1745223782.411634393] [agent_9.guidance]: AGENT 9 Neighbor 1 completed optimization
[crazychoir_task_assignment_webots_guidance-17] [INFO] [1745223782.411745160] [agent_2.guidance]: AGENT 2 Neighbor 0 completed optimization
[crazychoir_task_assignment_webots_guidance-52] [INFO] [1745223782.411880579] [agent_9.guidance]: AGENT 9 Neighbor 2 completed optimization
[crazychoir_task_assignment_webots_guidance-17] [INFO] [1745223782.411991262] [agent_2.guidance]: AGENT 2 Neighbor 1 completed optimization
[crazychoir_task_assignment_webots_guidance-52] [INFO] [1745223782.412123743] [agent_9.guidance]: AGENT 9 Neighbor 5 completed optimization
[crazychoir_task_assignment_webots_guidance-17] [INFO] [1745223782.412234751] [agent_2.guidance]: AGENT 2 Neighbor 4 completed optimization
[crazychoir_task_assignment_webots_guidance-52] [INFO] [1745223782.412422248] [agent_9.guidance]: AGENT 9 Neighbor 7 completed optimization
[crazychoir_task_assignment_webots_guidance-17] [INFO] [1745223782.412484771] [agent_2.guidance]: AGENT 2 Neighbor 9 completed optimization
[crazychoir_task_assignment_webots_guidance-17] [INFO] [1745223782.412730717] [agent_2.guidance]: AGENT 2 Neighbor 8 completed optimization
[crazychoir_task_assignment_webots_guidance-17] [INFO] [1745223782.412973020] [agent_2.guidance]: AGENT 2 Neighbor 3 completed optimization
[crazychoir_task_assignment_webots_guidance-17] [INFO] [1745223782.413213125] [agent_2.guidance]: AGENT 2 Neighbor 6 completed optimization
[crazychoir_task_assignment_webots_guidance-22] [INFO] [1745223782.417068784] [agent_3.guidance]: AGENT 3 Neighbor 0 completed optimization
[crazychoir_task_assignment_webots_guidance-22] [INFO] [1745223782.417372279] [agent_3.guidance]: AGENT 3 Neighbor 1 completed optimization
[crazychoir_task_assignment_webots_guidance-22] [INFO] [1745223782.417633904] [agent_3.guidance]: AGENT 3 Neighbor 2 completed optimization
[crazychoir_task_assignment_webots_guidance-22] [INFO] [1745223782.417891145] [agent_3.guidance]: AGENT 3 Neighbor 5 completed optimization
[crazychoir_task_assignment_webots_guidance-22] [INFO] [1745223782.418740836] [agent_3.guidance]: AGENT 3 Neighbor 7 completed optimization
[crazychoir_task_assignment_webots_guidance-37] [INFO] [1745223782.908851757] [agent_6.guidance]: AGENT 6 All neighbors completed optimization
[crazychoir_task_assignment_webots_guidance-37] [INFO] [1745223782.909139755] [agent_6.guidance]: AGENT 6 Synchronization successful
[crazychoir_task_assignment_webots_guidance-37] [WARN] [1745223782.909793065] [agent_6.guidance]: ************* AGENT 6 Entered _Optimization ended *************
[crazychoir_task_assignment_webots_guidance-37] [INFO] [1745223782.910063580] [agent_6.guidance]: Optimization ended
[crazychoir_task_assignment_webots_guidance-37] [INFO] [1745223782.910321976] [agent_6.guidance]: *******AGENT 6 ENTERING get_result
[crazychoir_task_assignment_webots_guidance-37] [INFO] [1745223782.910573977] [agent_6.guidance]: AGENT 6 entering locking
[crazychoir_task_assignment_webots_guidance-37] [INFO] [1745223782.910828251] [agent_6.guidance]: AGENT 6 get_result: FINAL BUNDLE: [29]
[crazychoir_task_assignment_webots_guidance-37] [INFO] [1745223782.911077822] [agent_6.guidance]: AGENT 6 get_result: PATH BEFORE UPDATE: [29]
[crazychoir_task_assignment_webots_guidance-47] [INFO] [1745223782.910866337] [agent_8.guidance]: AGENT 8 All neighbors completed optimization
[crazychoir_task_assignment_webots_guidance-47] [INFO] [1745223782.911148894] [agent_8.guidance]: AGENT 8 Synchronization successful
[crazychoir_task_assignment_webots_guidance-12] [INFO] [1745223782.911230280] [agent_1.guidance]: AGENT 1 All neighbors completed optimization
[crazychoir_task_assignment_webots_guidance-37] [INFO] [1745223782.911333917] [agent_6.guidance]: AGENT 6 get_result: FINAL WINNERS: {0: 0, 1: 3, 2: 4, 3: 8, 4: 3, 5: 0, 6: 0, 7: 3, 8: 0, 9: 2, 10: 0, 11: 3, 12: 0, 13: 4, 14: 0, 15: 0, 16: 4, 17: 3, 18: 0, 19: 0, 20: 1, 21: 8, 22: 0, 23: 4, 24: 1, 25: 5, 26: 0, 27: 4, 28: 0, 29: 6, 30: 0, 31: 3, 32: 0, 33: 4, 34: 4, 35: 3, 36: 0, 37: 3, 38: 0, 39: 1, 40: 4, 41: 8, 42: 1, 43: 1, 44: 0, 45: 0, 46: 1, 47: 0, 48: 3, 49: 0, 50: 0, 51: 1, 52: 3, 53: 2, 54: 3, 55: 4, 56: 0, 57: 0, 58: 1, 59: 0}
[crazychoir_task_assignment_webots_guidance-27] [INFO] [1745223782.911349075] [agent_4.guidance]: AGENT 4 All neighbors completed optimization
[crazychoir_task_assignment_webots_guidance-12] [INFO] [1745223782.911510733] [agent_1.guidance]: AGENT 1 Synchronization successful
[crazychoir_task_assignment_webots_guidance-32] [INFO] [1745223782.911536737] [agent_5.guidance]: AGENT 5 All neighbors completed optimization
[crazychoir_task_assignment_webots_guidance-37] [INFO] [1745223782.911582344] [agent_6.guidance]: AGENT 6 get_result: UPDATING PATH
[crazychoir_task_assignment_webots_guidance-27] [INFO] [1745223782.911622984] [agent_4.guidance]: AGENT 4 Synchronization successful
[crazychoir_task_assignment_webots_guidance-42] [INFO] [1745223782.911629104] [agent_7.guidance]: AGENT 7 All neighbors completed optimization
[crazychoir_task_assignment_webots_guidance-32] [INFO] [1745223782.911815843] [agent_5.guidance]: AGENT 5 Synchronization successful
[crazychoir_task_assignment_webots_guidance-37] [INFO] [1745223782.911830350] [agent_6.guidance]: AGENT 6 ENTERING UPDATE
[crazychoir_task_assignment_webots_guidance-42] [INFO] [1745223782.911905340] [agent_7.guidance]: AGENT 7 Synchronization successful
[crazychoir_task_assignment_webots_guidance-37] [INFO] [1745223782.912086185] [agent_6.guidance]: AGENT 6 ASSIGNED TASKS: [29]
[crazychoir_task_assignment_webots_guidance-27] [WARN] [1745223782.912185264] [agent_4.guidance]: ************* AGENT 4 Entered _Optimization ended *************
[crazychoir_task_assignment_webots_guidance-7] [INFO] [1745223782.912196866] [agent_0.guidance]: AGENT 0 All neighbors completed optimization
[crazychoir_task_assignment_webots_guidance-32] [WARN] [1745223782.912271678] [agent_5.guidance]: ************* AGENT 5 Entered _Optimization ended *************
[crazychoir_task_assignment_webots_guidance-42] [WARN] [1745223782.912329153] [agent_7.guidance]: ************* AGENT 7 Entered _Optimization ended *************
[crazychoir_task_assignment_webots_guidance-37] [INFO] [1745223782.912363678] [agent_6.guidance]: AGENT 6 checking task Task(id=29, coordinates=array('d', [1.9811286125900773, -0.49934217192982455]), value=1, seq_num=29)
[crazychoir_task_assignment_webots_guidance-27] [INFO] [1745223782.912453082] [agent_4.guidance]: Optimization ended
[crazychoir_task_assignment_webots_guidance-27] [INFO] [1745223782.912716749] [agent_4.guidance]: *******AGENT 4 ENTERING get_result
[crazychoir_task_assignment_webots_guidance-27] [INFO] [1745223782.912969550] [agent_4.guidance]: AGENT 4 entering locking
[crazychoir_task_assignment_webots_guidance-7] [INFO] [1745223782.912472039] [agent_0.guidance]: AGENT 0 Synchronization successful
[crazychoir_task_assignment_webots_guidance-7] [WARN] [1745223782.912919791] [agent_0.guidance]: ************* AGENT 0 Entered _Optimization ended *************
[crazychoir_task_assignment_webots_guidance-32] [INFO] [1745223782.912536981] [agent_5.guidance]: Optimization ended
[crazychoir_task_assignment_webots_guidance-32] [INFO] [1745223782.912793592] [agent_5.guidance]: *******AGENT 5 ENTERING get_result
[crazychoir_task_assignment_webots_guidance-32] [INFO] [1745223782.913040240] [agent_5.guidance]: AGENT 5 entering locking
[crazychoir_task_assignment_webots_guidance-7] [INFO] [1745223782.913177906] [agent_0.guidance]: Optimization ended
[crazychoir_task_assignment_webots_guidance-7] [INFO] [1745223782.913424236] [agent_0.guidance]: *******AGENT 0 ENTERING get_result
[crazychoir_task_assignment_webots_guidance-27] [INFO] [1745223782.913218971] [agent_4.guidance]: AGENT 4 get_result: FINAL BUNDLE: [34]
[crazychoir_task_assignment_webots_guidance-32] [INFO] [1745223782.913285142] [agent_5.guidance]: AGENT 5 get_result: FINAL BUNDLE: []
[crazychoir_task_assignment_webots_guidance-27] [INFO] [1745223782.913464842] [agent_4.guidance]: AGENT 4 get_result: PATH BEFORE UPDATE: [34]
[crazychoir_task_assignment_webots_guidance-32] [INFO] [1745223782.913525997] [agent_5.guidance]: AGENT 5 get_result: PATH BEFORE UPDATE: []
[crazychoir_task_assignment_webots_guidance-37] [INFO] [1745223782.913527710] [agent_6.guidance]: ***AGENT 6 Score for task 29: 0.9746287731933468
[crazychoir_task_assignment_webots_guidance-7] [INFO] [1745223782.913664821] [agent_0.guidance]: AGENT 0 entering locking
[crazychoir_task_assignment_webots_guidance-27] [INFO] [1745223782.913717130] [agent_4.guidance]: AGENT 4 get_result: FINAL WINNERS: {0: 0, 1: 3, 2: 4, 3: 8, 4: 3, 5: 0, 6: 0, 7: 3, 8: 0, 9: 2, 10: 0, 11: 3, 12: 0, 13: 4, 14: 0, 15: 0, 16: 4, 17: 3, 18: 0, 19: 0, 20: 1, 21: 8, 22: 0, 23: 4, 24: 1, 25: 5, 26: 0, 27: 4, 28: 0, 29: 6, 30: 0, 31: 3, 32: 0, 33: 4, 34: 4, 35: 3, 36: 0, 37: 3, 38: 0, 39: 1, 40: 4, 41: 8, 42: 1, 43: 1, 44: 0, 45: 0, 46: 1, 47: 0, 48: 3, 49: 0, 50: 0, 51: 1, 52: 3, 53: 2, 54: 3, 55: 4, 56: 0, 57: 0, 58: 1, 59: 0}
[crazychoir_task_assignment_webots_guidance-32] [INFO] [1745223782.913773798] [agent_5.guidance]: AGENT 5 get_result: FINAL WINNERS: {0: 0, 1: 3, 2: 4, 3: 8, 4: 3, 5: 0, 6: 0, 7: 3, 8: 0, 9: 2, 10: 0, 11: 3, 12: 0, 13: 4, 14: 0, 15: 0, 16: 4, 17: 3, 18: 0, 19: 0, 20: 1, 21: 8, 22: 0, 23: 4, 24: 1, 25: 5, 26: 0, 27: 4, 28: 0, 29: 6, 30: 0, 31: 3, 32: 0, 33: 4, 34: 4, 35: 3, 36: 0, 37: 3, 38: 0, 39: 1, 40: 4, 41: 8, 42: 1, 43: 1, 44: 0, 45: 0, 46: 1, 47: 0, 48: 3, 49: 0, 50: 0, 51: 1, 52: 3, 53: 2, 54: 3, 55: 4, 56: 0, 57: 0, 58: 1, 59: 0}
[crazychoir_task_assignment_webots_guidance-37] [INFO] [1745223782.913800053] [agent_6.guidance]: AGENT 6 ADDING Best task: 29 with score: 0.9746287731933468
[crazychoir_task_assignment_webots_guidance-37] [INFO] [1745223782.914051218] [agent_6.guidance]: AGENT 6 Removing from remaining tasks: 29
[crazychoir_task_assignment_webots_guidance-7] [INFO] [1745223782.913905710] [agent_0.guidance]: AGENT 0 get_result: FINAL BUNDLE: []
[crazychoir_task_assignment_webots_guidance-27] [INFO] [1745223782.913964040] [agent_4.guidance]: AGENT 4 get_result: UPDATING PATH
[crazychoir_task_assignment_webots_guidance-32] [INFO] [1745223782.914013949] [agent_5.guidance]: AGENT 5 get_result: UPDATING PATH
[crazychoir_task_assignment_webots_guidance-17] [INFO] [1745223782.914058612] [agent_2.guidance]: AGENT 2 All neighbors completed optimization
[crazychoir_task_assignment_webots_guidance-7] [INFO] [1745223782.914144654] [agent_0.guidance]: AGENT 0 get_result: PATH BEFORE UPDATE: []
[crazychoir_task_assignment_webots_guidance-27] [INFO] [1745223782.914209110] [agent_4.guidance]: AGENT 4 ENTERING UPDATE
[crazychoir_task_assignment_webots_guidance-32] [INFO] [1745223782.914269955] [agent_5.guidance]: AGENT 5 ENTERING UPDATE
[crazychoir_task_assignment_webots_guidance-37] [INFO] [1745223782.914300628] [agent_6.guidance]: AGENT 6 Remaining tasks: [29]
[crazychoir_task_assignment_webots_guidance-17] [INFO] [1745223782.914327990] [agent_2.guidance]: AGENT 2 Synchronization successful
[crazychoir_task_assignment_webots_guidance-7] [INFO] [1745223782.914389885] [agent_0.guidance]: AGENT 0 get_result: FINAL WINNERS: {0: 0, 1: 3, 2: 4, 3: 8, 4: 3, 5: 0, 6: 0, 7: 3, 8: 0, 9: 2, 10: 0, 11: 3, 12: 0, 13: 4, 14: 0, 15: 0, 16: 4, 17: 3, 18: 0, 19: 0, 20: 1, 21: 8, 22: 0, 23: 4, 24: 1, 25: 5, 26: 0, 27: 4, 28: 0, 29: 6, 30: 0, 31: 3, 32: 0, 33: 4, 34: 4, 35: 3, 36: 0, 37: 3, 38: 0, 39: 1, 40: 4, 41: 8, 42: 1, 43: 1, 44: 0, 45: 0, 46: 1, 47: 0, 48: 3, 49: 0, 50: 0, 51: 1, 52: 3, 53: 2, 54: 3, 55: 4, 56: 0, 57: 0, 58: 1, 59: 0}
[crazychoir_task_assignment_webots_guidance-7] [INFO] [1745223782.914629828] [agent_0.guidance]: AGENT 0 get_result: UPDATING PATH
[crazychoir_task_assignment_webots_guidance-27] [INFO] [1745223782.914465574] [agent_4.guidance]: AGENT 4 ASSIGNED TASKS: [2, 13, 16, 23, 27, 33, 34, 40, 55]
[crazychoir_task_assignment_webots_guidance-32] [INFO] [1745223782.914517851] [agent_5.guidance]: AGENT 5 ASSIGNED TASKS: [25]
[crazychoir_task_assignment_webots_guidance-37] [INFO] [1745223782.914549552] [agent_6.guidance]: AGENT 6 Remaining tasks AFTER UPDATE: []
[crazychoir_task_assignment_webots_guidance-27] [INFO] [1745223782.914741981] [agent_4.guidance]: AGENT 4 checking task Task(id=2, coordinates=array('d', [1.1863729475836244, -1.7034630265177417]), value=1, seq_num=2)
[crazychoir_task_assignment_webots_guidance-32] [INFO] [1745223782.914784276] [agent_5.guidance]: AGENT 5 checking task Task(id=25, coordinates=array('d', [2.3730069963368763, -0.8228784694012417]), value=1, seq_num=25)
[crazychoir_task_assignment_webots_guidance-17] [WARN] [1745223782.914785117] [agent_2.guidance]: ************* AGENT 2 Entered _Optimization ended *************
[crazychoir_task_assignment_webots_guidance-37] [INFO] [1745223782.914802092] [agent_6.guidance]: AGENT 6 get_result: PATH AFTER UPDATE: [29]
[crazychoir_task_assignment_webots_guidance-7] [INFO] [1745223782.914871099] [agent_0.guidance]: AGENT 0 ENTERING UPDATE
[crazychoir_task_assignment_webots_guidance-27] [INFO] [1745223782.915027982] [agent_4.guidance]: ***AGENT 4 Score for task 2: 0.985946813631796
[crazychoir_task_assignment_webots_guidance-17] [INFO] [1745223782.915049111] [agent_2.guidance]: Optimization ended
[crazychoir_task_assignment_webots_guidance-37] [INFO] [1745223782.915056263] [agent_6.guidance]: AGENT 6 get_result: TASK 29 FOUND IN TASK MAP. NOW ADDING
[crazychoir_task_assignment_webots_guidance-32] [INFO] [1745223782.915060278] [agent_5.guidance]: ***AGENT 5 Score for task 25: 0.988883225925442
[crazychoir_task_assignment_webots_guidance-7] [INFO] [1745223782.915122968] [agent_0.guidance]: AGENT 0 ASSIGNED TASKS: [0, 5, 6, 8, 10, 12, 14, 15, 18, 19, 22, 26, 28, 30, 32, 36, 38, 44, 45, 47, 49, 50, 56, 57, 59]
[crazychoir_task_assignment_webots_guidance-27] [INFO] [1745223782.915287582] [agent_4.guidance]: AGENT 4 checking task Task(id=13, coordinates=array('d', [0.6044563282666156, -1.992166897689577]), value=1, seq_num=13)
[crazychoir_task_assignment_webots_guidance-17] [INFO] [1745223782.915300226] [agent_2.guidance]: *******AGENT 2 ENTERING get_result
[crazychoir_task_assignment_webots_guidance-32] [INFO] [1745223782.915307791] [agent_5.guidance]: AGENT 5 ADDING Best task: 25 with score: 0.988883225925442
[crazychoir_task_assignment_webots_guidance-37] [WARN] [1745223782.915348798] [agent_6.guidance]: AGENT 6 get_result: FINAL ASSIGNED TASKS: [29] NOW EXITING
[crazychoir_task_assignment_webots_guidance-7] [INFO] [1745223782.915393363] [agent_0.guidance]: AGENT 0 checking task Task(id=0, coordinates=array('d', [2.8021790340820605, 0.28339349505433375]), value=1, seq_num=0)
[crazychoir_task_assignment_webots_guidance-32] [INFO] [1745223782.915548179] [agent_5.guidance]: AGENT 5 Removing from remaining tasks: 25
[crazychoir_task_assignment_webots_guidance-32] [INFO] [1745223782.915786834] [agent_5.guidance]: AGENT 5 Remaining tasks: [25]
[crazychoir_task_assignment_webots_guidance-17] [INFO] [1745223782.915548428] [agent_2.guidance]: AGENT 2 entering locking
[crazychoir_task_assignment_webots_guidance-17] [INFO] [1745223782.915797864] [agent_2.guidance]: AGENT 2 get_result: FINAL BUNDLE: []
[crazychoir_task_assignment_webots_guidance-27] [INFO] [1745223782.915557159] [agent_4.guidance]: ***AGENT 4 Score for task 13: 0.9681315711808929
[crazychoir_task_assignment_webots_guidance-37] [INFO] [1745223782.915604733] [agent_6.guidance]: AGENT 6 Optimization result: [29]
[crazychoir_task_assignment_webots_guidance-7] [INFO] [1745223782.915671503] [agent_0.guidance]: ***AGENT 0 Score for task 0: 0.9053084530537778
[crazychoir_task_assignment_webots_guidance-7] [INFO] [1745223782.915925196] [agent_0.guidance]: AGENT 0 checking task Task(id=5, coordinates=array('d', [1.6762975307625148, -1.8138895523984815]), value=1, seq_num=5)
[crazychoir_task_assignment_webots_guidance-32] [INFO] [1745223782.916028383] [agent_5.guidance]: AGENT 5 Remaining tasks AFTER UPDATE: []
[crazychoir_task_assignment_webots_guidance-17] [INFO] [1745223782.916047128] [agent_2.guidance]: AGENT 2 get_result: PATH BEFORE UPDATE: []
[crazychoir_task_assignment_webots_guidance-7] [INFO] [1745223782.916196328] [agent_0.guidance]: ***AGENT 0 Score for task 5: 0.8620484281825187
[crazychoir_task_assignment_webots_guidance-27] [INFO] [1745223782.916204539] [agent_4.guidance]: AGENT 4 checking task Task(id=16, coordinates=array('d', [0.13017673466974777, -2.350839702676616]), value=1, seq_num=16)
[crazychoir_task_assignment_webots_guidance-37] [INFO] [1745223782.916252513] [agent_6.guidance]: AGENT 6 task queue: [29]
[crazychoir_task_assignment_webots_guidance-32] [INFO] [1745223782.916274760] [agent_5.guidance]: AGENT 5 get_result: PATH AFTER UPDATE: [25]
[crazychoir_task_assignment_webots_guidance-17] [INFO] [1745223782.916301720] [agent_2.guidance]: AGENT 2 get_result: FINAL WINNERS: {0: 0, 1: 3, 2: 4, 3: 8, 4: 3, 5: 0, 6: 0, 7: 3, 8: 0, 9: 2, 10: 0, 11: 3, 12: 0, 13: 4, 14: 0, 15: 0, 16: 4, 17: 3, 18: 0, 19: 0, 20: 1, 21: 8, 22: 0, 23: 4, 24: 1, 25: 5, 26: 0, 27: 4, 28: 0, 29: 6, 30: 0, 31: 3, 32: 0, 33: 4, 34: 4, 35: 3, 36: 0, 37: 3, 38: 0, 39: 1, 40: 4, 41: 8, 42: 1, 43: 1, 44: 0, 45: 0, 46: 1, 47: 0, 48: 3, 49: 0, 50: 0, 51: 1, 52: 3, 53: 2, 54: 3, 55: 4, 56: 0, 57: 0, 58: 1, 59: 0}
[crazychoir_task_assignment_webots_guidance-7] [INFO] [1745223782.916449942] [agent_0.guidance]: AGENT 0 checking task Task(id=6, coordinates=array('d', [2.1779594135953335, 2.9004040630518766]), value=1, seq_num=6)
[crazychoir_task_assignment_webots_guidance-27] [INFO] [1745223782.916494579] [agent_4.guidance]: ***AGENT 4 Score for task 16: 0.9394957702918625
[crazychoir_task_assignment_webots_guidance-7] [INFO] [1745223782.916725138] [agent_0.guidance]: ***AGENT 0 Score for task 6: 0.8916467499297156
[crazychoir_task_assignment_webots_guidance-17] [INFO] [1745223782.916633261] [agent_2.guidance]: AGENT 2 get_result: UPDATING PATH
[crazychoir_task_assignment_webots_guidance-27] [INFO] [1745223782.916757000] [agent_4.guidance]: AGENT 4 checking task Task(id=23, coordinates=array('d', [1.1200024794980745, -1.477922108031701]), value=1, seq_num=23)
[crazychoir_task_assignment_webots_guidance-52] [INFO] [1745223782.916804253] [agent_9.guidance]: AGENT 9 All neighbors completed optimization
[crazychoir_task_assignment_webots_guidance-52] [INFO] [1745223782.917070523] [agent_9.guidance]: AGENT 9 Synchronization successful
[crazychoir_task_assignment_webots_guidance-7] [INFO] [1745223782.916979519] [agent_0.guidance]: AGENT 0 checking task Task(id=8, coordinates=array('d', [-2.9460834139946703, -0.6805723041382237]), value=1, seq_num=8)
[crazychoir_task_assignment_webots_guidance-27] [INFO] [1745223782.917026120] [agent_4.guidance]: ***AGENT 4 Score for task 23: 0.9937609157198425
[crazychoir_task_assignment_webots_guidance-37] [WARN] [1745223782.917061710] [agent_6.guidance]: ********AGENT 6 Entered start_new_task******
[crazychoir_task_assignment_webots_guidance-17] [INFO] [1745223782.917173471] [agent_2.guidance]: AGENT 2 ENTERING UPDATE
[crazychoir_task_assignment_webots_guidance-7] [INFO] [1745223782.917243844] [agent_0.guidance]: ***AGENT 0 Score for task 8: 0.8025194468595105
[crazychoir_task_assignment_webots_guidance-27] [INFO] [1745223782.917296804] [agent_4.guidance]: AGENT 4 checking task Task(id=27, coordinates=array('d', [-0.013235312296165702, -1.905327572572759]), value=1, seq_num=27)
[crazychoir_task_assignment_webots_guidance-37] [INFO] [1745223782.917376321] [agent_6.guidance]: Got new task (seq_num 29) - starting execution
[crazychoir_task_assignment_webots_guidance-17] [INFO] [1745223782.917432968] [agent_2.guidance]: AGENT 2 ASSIGNED TASKS: [9, 53]
[crazychoir_task_assignment_webots_guidance-7] [INFO] [1745223782.917499137] [agent_0.guidance]: AGENT 0 checking task Task(id=10, coordinates=array('d', [-0.3831201187212141, 2.6938638406893762]), value=1, seq_num=10)
[crazychoir_task_assignment_webots_guidance-27] [INFO] [1745223782.917564812] [agent_4.guidance]: ***AGENT 4 Score for task 27: 0.9455614649934
[crazychoir_task_assignment_webots_guidance-7] [INFO] [1745223782.917779871] [agent_0.guidance]: ***AGENT 0 Score for task 10: 0.8938928466858604
[crazychoir_task_assignment_webots_guidance-7] [INFO] [1745223782.918036906] [agent_0.guidance]: AGENT 0 checking task Task(id=12, coordinates=array('d', [-1.961007471024311, -2.550308477921358]), value=1, seq_num=12)
[crazychoir_task_assignment_webots_guidance-27] [INFO] [1745223782.917822766] [agent_4.guidance]: AGENT 4 checking task Task(id=33, coordinates=array('d', [0.5741287024100066, -2.4920303338775387]), value=1, seq_num=33)
[crazychoir_task_assignment_webots_guidance-52] [WARN] [1745223782.917895292] [agent_9.guidance]: ************* AGENT 9 Entered _Optimization ended *************
[crazychoir_task_assignment_webots_guidance-27] [INFO] [1745223782.918092019] [agent_4.guidance]: ***AGENT 4 Score for task 33: 0.9461301340174655
[crazychoir_task_assignment_webots_guidance-27] [INFO] [1745223782.918347675] [agent_4.guidance]: AGENT 4 checking task Task(id=34, coordinates=array('d', [0.5835996439150497, -1.5272777485013873]), value=1, seq_num=34)
[crazychoir_task_assignment_webots_guidance-52] [INFO] [1745223782.918158896] [agent_9.guidance]: Optimization ended
[crazychoir_task_assignment_webots_guidance-7] [INFO] [1745223782.918303763] [agent_0.guidance]: ***AGENT 0 Score for task 12: 0.7888890398709204
[crazychoir_task_assignment_webots_guidance-52] [INFO] [1745223782.918407510] [agent_9.guidance]: *******AGENT 9 ENTERING get_result
[crazychoir_task_assignment_webots_guidance-52] [INFO] [1745223782.918653648] [agent_9.guidance]: AGENT 9 entering locking
[crazychoir_task_assignment_webots_guidance-7] [INFO] [1745223782.918558092] [agent_0.guidance]: AGENT 0 checking task Task(id=14, coordinates=array('d', [1.4002810050634196, -0.5493368390879114]), value=1, seq_num=14)
[crazychoir_task_assignment_webots_guidance-27] [INFO] [1745223782.918614444] [agent_4.guidance]: ***AGENT 4 Score for task 34: 0.9788231213222115
[crazychoir_task_assignment_webots_guidance-7] [INFO] [1745223782.918824013] [agent_0.guidance]: ***AGENT 0 Score for task 14: 0.9211982578410806
[crazychoir_task_assignment_webots_guidance-7] [INFO] [1745223782.919077436] [agent_0.guidance]: AGENT 0 checking task Task(id=15, coordinates=array('d', [0.16745294050752202, 2.625429503705652]), value=1, seq_num=15)
[crazychoir_task_assignment_webots_guidance-7] [INFO] [1745223782.919345492] [agent_0.guidance]: ***AGENT 0 Score for task 15: 0.9105796447117206
[crazychoir_task_assignment_webots_guidance-7] [INFO] [1745223782.919598160] [agent_0.guidance]: AGENT 0 checking task Task(id=18, coordinates=array('d', [0.14642448041084055, 0.8256614647559619]), value=1, seq_num=18)
[crazychoir_task_assignment_webots_guidance-7] [INFO] [1745223782.919862099] [agent_0.guidance]: ***AGENT 0 Score for task 18: 0.9562971478768167
[crazychoir_task_assignment_webots_guidance-7] [INFO] [1745223782.920113920] [agent_0.guidance]: AGENT 0 checking task Task(id=19, coordinates=array('d', [-0.5910273384583626, 0.898830654116054]), value=1, seq_num=19)
[crazychoir_task_assignment_webots_guidance-7] [INFO] [1745223782.920376416] [agent_0.guidance]: ***AGENT 0 Score for task 19: 0.9214803236404557
[crazychoir_task_assignment_webots_guidance-7] [INFO] [1745223782.920681048] [agent_0.guidance]: AGENT 0 checking task Task(id=22, coordinates=array('d', [-0.7465453884747459, 0.015198355961606236]), value=1, seq_num=22)
[crazychoir_task_assignment_webots_guidance-7] [INFO] [1745223782.920952887] [agent_0.guidance]: ***AGENT 0 Score for task 22: 0.9022659134146562
[crazychoir_task_assignment_webots_guidance-7] [INFO] [1745223782.921203847] [agent_0.guidance]: AGENT 0 checking task Task(id=26, coordinates=array('d', [0.8253424381124201, -1.8513215872862199]), value=1, seq_num=26)
[crazychoir_task_assignment_webots_guidance-7] [INFO] [1745223782.921468054] [agent_0.guidance]: ***AGENT 0 Score for task 26: 0.86370171684362
[crazychoir_task_assignment_webots_guidance-7] [INFO] [1745223782.921721373] [agent_0.guidance]: AGENT 0 checking task Task(id=28, coordinates=array('d', [2.510298234838576, -0.409067571952634]), value=1, seq_num=28)
[crazychoir_task_assignment_webots_guidance-7] [INFO] [1745223782.921982304] [agent_0.guidance]: ***AGENT 0 Score for task 28: 0.8994709170140303
[crazychoir_task_assignment_webots_guidance-27] [INFO] [1745223782.918868868] [agent_4.guidance]: AGENT 4 checking task Task(id=40, coordinates=array('d', [-2.708795181482685, -2.341091291292936]), value=1, seq_num=40)
[crazychoir_task_assignment_webots_guidance-27] [INFO] [1745223782.919135766] [agent_4.guidance]: ***AGENT 4 Score for task 40: 0.8227795597113381
[crazychoir_task_assignment_webots_guidance-27] [INFO] [1745223782.919393641] [agent_4.guidance]: AGENT 4 checking task Task(id=55, coordinates=array('d', [-0.915291979733666, -2.6467194350512613]), value=1, seq_num=55)
[crazychoir_task_assignment_webots_guidance-27] [INFO] [1745223782.919660935] [agent_4.guidance]: ***AGENT 4 Score for task 55: 0.8918086448323908
[crazychoir_task_assignment_webots_guidance-27] [INFO] [1745223782.919911195] [agent_4.guidance]: AGENT 4 ADDING Best task: 23 with score: 0.9937609157198425
[crazychoir_task_assignment_webots_guidance-27] [INFO] [1745223782.920156117] [agent_4.guidance]: AGENT 4 Removing from remaining tasks: 23
[crazychoir_task_assignment_webots_guidance-27] [INFO] [1745223782.920401686] [agent_4.guidance]: AGENT 4 Remaining tasks: [2, 13, 16, 23, 27, 33, 34, 40, 55]
[crazychoir_task_assignment_webots_guidance-27] [INFO] [1745223782.920655296] [agent_4.guidance]: AGENT 4 Remaining tasks AFTER UPDATE: [2, 13, 16, 27, 33, 34, 40, 55]
[crazychoir_task_assignment_webots_guidance-27] [INFO] [1745223782.920913382] [agent_4.guidance]: AGENT 4 checking task Task(id=2, coordinates=array('d', [1.1863729475836244, -1.7034630265177417]), value=1, seq_num=2)
[crazychoir_task_assignment_webots_guidance-27] [INFO] [1745223782.921188697] [agent_4.guidance]: ***AGENT 4 Score for task 2: 0.9880131784894174
[crazychoir_task_assignment_webots_guidance-27] [INFO] [1745223782.921445751] [agent_4.guidance]: AGENT 4 checking task Task(id=13, coordinates=array('d', [0.6044563282666156, -1.992166897689577]), value=1, seq_num=13)
[crazychoir_task_assignment_webots_guidance-27] [INFO] [1745223782.921718072] [agent_4.guidance]: ***AGENT 4 Score for task 13: 0.9633385429386534
[crazychoir_task_assignment_webots_guidance-27] [INFO] [1745223782.921971172] [agent_4.guidance]: AGENT 4 checking task Task(id=16, coordinates=array('d', [0.13017673466974777, -2.350839702676616]), value=1, seq_num=16)
[crazychoir_task_assignment_webots_guidance-52] [INFO] [1745223782.918901370] [agent_9.guidance]: AGENT 9 get_result: FINAL BUNDLE: []
[crazychoir_task_assignment_webots_guidance-52] [INFO] [1745223782.919146103] [agent_9.guidance]: AGENT 9 get_result: PATH BEFORE UPDATE: []
[crazychoir_task_assignment_webots_guidance-52] [INFO] [1745223782.919395901] [agent_9.guidance]: AGENT 9 get_result: FINAL WINNERS: {0: 0, 1: 3, 2: 4, 3: 8, 4: 3, 5: 0, 6: 0, 7: 3, 8: 0, 9: 2, 10: 0, 11: 3, 12: 0, 13: 4, 14: 0, 15: 0, 16: 4, 17: 3, 18: 0, 19: 0, 20: 1, 21: 8, 22: 0, 23: 4, 24: 1, 25: 5, 26: 0, 27: 4, 28: 0, 29: 6, 30: 0, 31: 3, 32: 0, 33: 4, 34: 4, 35: 3, 36: 0, 37: 3, 38: 0, 39: 1, 40: 4, 41: 8, 42: 1, 43: 1, 44: 0, 45: 0, 46: 1, 47: 0, 48: 3, 49: 0, 50: 0, 51: 1, 52: 3, 53: 2, 54: 3, 55: 4, 56: 0, 57: 0, 58: 1, 59: 0}
[crazychoir_task_assignment_webots_guidance-52] [INFO] [1745223782.919641223] [agent_9.guidance]: AGENT 9 get_result: UPDATING PATH
[crazychoir_task_assignment_webots_guidance-52] [INFO] [1745223782.919883800] [agent_9.guidance]: AGENT 9 ENTERING UPDATE
[crazychoir_task_assignment_webots_guidance-52] [INFO] [1745223782.920135399] [agent_9.guidance]: AGENT 9 ASSIGNED TASKS: []
[crazychoir_task_assignment_webots_guidance-52] [INFO] [1745223782.920377723] [agent_9.guidance]: AGENT 9 get_result: PATH AFTER UPDATE: []
[crazychoir_task_assignment_webots_guidance-17] [INFO] [1745223782.919071058] [agent_2.guidance]: AGENT 2 checking task Task(id=9, coordinates=array('d', [-2.7350396524110026, 2.7399178062854155]), value=1, seq_num=9)
[crazychoir_task_assignment_webots_guidance-17] [INFO] [1745223782.919396109] [agent_2.guidance]: ***AGENT 2 Score for task 9: 0.881582877953003
[crazychoir_task_assignment_webots_guidance-17] [INFO] [1745223782.919709710] [agent_2.guidance]: AGENT 2 checking task Task(id=53, coordinates=array('d', [-2.500895264574833, 1.3979923055759702]), value=1, seq_num=53)
[crazychoir_task_assignment_webots_planner-39] [INFO] [1745223782.919379634] [agent_6.planner]: Moving robot to position [ 1.98112861 -0.49934217]
[crazychoir_task_assignment_webots_planner-39] [INFO] [1745223782.919808828] [agent_6.planner]: Goal [1.9811286125900773, -0.49934217192982455, 1.4] sent
[crazychoir_task_assignment_webots_guidance-22] [INFO] [1745223782.919599172] [agent_3.guidance]: AGENT 3 All neighbors completed optimization
[crazychoir_task_assignment_webots_guidance-22] [INFO] [1745223782.919874124] [agent_3.guidance]: AGENT 3 Synchronization successful
[crazychoir_task_assignment_webots_guidance-22] [WARN] [1745223782.920509378] [agent_3.guidance]: ************* AGENT 3 Entered _Optimization ended *************
[crazychoir_task_assignment_webots_guidance-22] [INFO] [1745223782.920776079] [agent_3.guidance]: Optimization ended
[crazychoir_task_assignment_webots_guidance-22] [INFO] [1745223782.921031862] [agent_3.guidance]: *******AGENT 3 ENTERING get_result
[crazychoir_task_assignment_webots_guidance-22] [INFO] [1745223782.921280187] [agent_3.guidance]: AGENT 3 entering locking
[crazychoir_task_assignment_webots_guidance-22] [INFO] [1745223782.921529997] [agent_3.guidance]: AGENT 3 get_result: FINAL BUNDLE: [48]
[crazychoir_task_assignment_webots_guidance-22] [INFO] [1745223782.921776699] [agent_3.guidance]: AGENT 3 get_result: PATH BEFORE UPDATE: [48]
[crazychoir_task_assignment_webots_guidance-22] [INFO] [1745223782.922031062] [agent_3.guidance]: AGENT 3 get_result: FINAL WINNERS: {0: 0, 1: 3, 2: 4, 3: 8, 4: 3, 5: 0, 6: 0, 7: 3, 8: 0, 9: 2, 10: 0, 11: 3, 12: 0, 13: 4, 14: 0, 15: 0, 16: 4, 17: 3, 18: 0, 19: 0, 20: 1, 21: 8, 22: 0, 23: 4, 24: 1, 25: 5, 26: 0, 27: 4, 28: 0, 29: 6, 30: 0, 31: 3, 32: 0, 33: 4, 34: 4, 35: 3, 36: 0, 37: 3, 38: 0, 39: 1, 40: 4, 41: 8, 42: 1, 43: 1, 44: 0, 45: 0, 46: 1, 47: 0, 48: 3, 49: 0, 50: 0, 51: 1, 52: 3, 53: 2, 54: 3, 55: 4, 56: 0, 57: 0, 58: 1, 59: 0}
[crazychoir_task_assignment_webots_guidance-12] [WARN] [1745223782.920185610] [agent_1.guidance]: ************* AGENT 1 Entered _Optimization ended *************
[crazychoir_task_assignment_webots_guidance-12] [INFO] [1745223782.920454933] [agent_1.guidance]: Optimization ended
[crazychoir_task_assignment_webots_guidance-12] [INFO] [1745223782.920707838] [agent_1.guidance]: *******AGENT 1 ENTERING get_result
[crazychoir_task_assignment_webots_guidance-12] [INFO] [1745223782.920952094] [agent_1.guidance]: AGENT 1 entering locking
[crazychoir_task_assignment_webots_guidance-12] [INFO] [1745223782.921197278] [agent_1.guidance]: AGENT 1 get_result: FINAL BUNDLE: []
[crazychoir_task_assignment_webots_guidance-12] [INFO] [1745223782.921440350] [agent_1.guidance]: AGENT 1 get_result: PATH BEFORE UPDATE: []
[crazychoir_task_assignment_webots_guidance-12] [INFO] [1745223782.921689967] [agent_1.guidance]: AGENT 1 get_result: FINAL WINNERS: {0: 0, 1: 3, 2: 4, 3: 8, 4: 3, 5: 0, 6: 0, 7: 3, 8: 0, 9: 2, 10: 0, 11: 3, 12: 0, 13: 4, 14: 0, 15: 0, 16: 4, 17: 3, 18: 0, 19: 0, 20: 1, 21: 8, 22: 0, 23: 4, 24: 1, 25: 5, 26: 0, 27: 4, 28: 0, 29: 6, 30: 0, 31: 3, 32: 0, 33: 4, 34: 4, 35: 3, 36: 0, 37: 3, 38: 0, 39: 1, 40: 4, 41: 8, 42: 1, 43: 1, 44: 0, 45: 0, 46: 1, 47: 0, 48: 3, 49: 0, 50: 0, 51: 1, 52: 3, 53: 2, 54: 3, 55: 4, 56: 0, 57: 0, 58: 1, 59: 0}
[crazychoir_task_assignment_webots_guidance-12] [INFO] [1745223782.921931185] [agent_1.guidance]: AGENT 1 get_result: UPDATING PATH
[crazychoir_task_assignment_webots_guidance-32] [INFO] [1745223782.920995656] [agent_5.guidance]: AGENT 5 get_result: TASK 25 FOUND IN TASK MAP. NOW ADDING
[crazychoir_task_assignment_webots_guidance-32] [WARN] [1745223782.921321581] [agent_5.guidance]: AGENT 5 get_result: FINAL ASSIGNED TASKS: [25] NOW EXITING
[crazychoir_task_assignment_webots_guidance-32] [INFO] [1745223782.921575903] [agent_5.guidance]: AGENT 5 Optimization result: [25]
[crazychoir_task_assignment_webots_guidance-32] [INFO] [1745223782.921840315] [agent_5.guidance]: AGENT 5 task queue: [25]
[crazychoir_task_assignment_webots_guidance-7] [INFO] [1745223782.922233375] [agent_0.guidance]: AGENT 0 checking task Task(id=30, coordinates=array('d', [2.428005532460202, -0.5710486961345635]), value=1, seq_num=30)
[crazychoir_task_assignment_webots_guidance-27] [INFO] [1745223782.922238569] [agent_4.guidance]: ***AGENT 4 Score for task 16: 0.9345460957836388
[crazychoir_task_assignment_webots_guidance-22] [INFO] [1745223782.922279670] [agent_3.guidance]: AGENT 3 get_result: UPDATING PATH
[crazychoir_task_assignment_webots_guidance-22] [INFO] [1745223782.922527884] [agent_3.guidance]: AGENT 3 ENTERING UPDATE
[crazychoir_task_assignment_webots_guidance-7] [INFO] [1745223782.922492526] [agent_0.guidance]: ***AGENT 0 Score for task 30: 0.8968211147990948
[crazychoir_task_assignment_webots_guidance-7] [INFO] [1745223782.922743563] [agent_0.guidance]: AGENT 0 checking task Task(id=32, coordinates=array('d', [2.07266189456468, 2.1660858705184314]), value=1, seq_num=32)
[crazychoir_task_assignment_webots_guidance-27] [INFO] [1745223782.922492788] [agent_4.guidance]: AGENT 4 checking task Task(id=27, coordinates=array('d', [-0.013235312296165702, -1.905327572572759]), value=1, seq_num=27)
[crazychoir_task_assignment_webots_guidance-27] [INFO] [1745223782.922760291] [agent_4.guidance]: ***AGENT 4 Score for task 27: 0.939766089295905
[crazychoir_task_assignment_webots_guidance-32] [WARN] [1745223782.922691505] [agent_5.guidance]: ********AGENT 5 Entered start_new_task******
[crazychoir_task_assignment_webots_guidance-22] [INFO] [1745223782.922787974] [agent_3.guidance]: AGENT 3 ASSIGNED TASKS: [1, 4, 7, 11, 17, 31, 35, 37, 48, 52, 54]
[crazychoir_task_assignment_webots_guidance-22] [INFO] [1745223782.923063484] [agent_3.guidance]: AGENT 3 checking task Task(id=1, coordinates=array('d', [2.8361061597893062, 1.2888959620461877]), value=1, seq_num=1)
[crazychoir_task_assignment_webots_guidance-32] [INFO] [1745223782.922974603] [agent_5.guidance]: Got new task (seq_num 25) - starting execution
[crazychoir_task_assignment_webots_guidance-7] [INFO] [1745223782.923009949] [agent_0.guidance]: ***AGENT 0 Score for task 32: 0.921945022767618
[crazychoir_task_assignment_webots_guidance-27] [INFO] [1745223782.923016736] [agent_4.guidance]: AGENT 4 checking task Task(id=33, coordinates=array('d', [0.5741287024100066, -2.4920303338775387]), value=1, seq_num=33)
[crazychoir_task_assignment_webots_guidance-7] [INFO] [1745223782.923265522] [agent_0.guidance]: AGENT 0 checking task Task(id=36, coordinates=array('d', [0.0884038254788706, 0.6213810621612383]), value=1, seq_num=36)
[crazychoir_task_assignment_webots_guidance-7] [INFO] [1745223782.923532383] [agent_0.guidance]: ***AGENT 0 Score for task 36: 0.9506289684849976
[crazychoir_task_assignment_webots_guidance-7] [INFO] [1745223782.923784234] [agent_0.guidance]: AGENT 0 checking task Task(id=38, coordinates=array('d', [-2.224879297977374, 0.6873770781019921]), value=1, seq_num=38)
[crazychoir_task_assignment_webots_guidance-27] [INFO] [1745223782.923287348] [agent_4.guidance]: ***AGENT 4 Score for task 33: 0.9426369555971399
[crazychoir_task_assignment_webots_guidance-27] [INFO] [1745223782.923543607] [agent_4.guidance]: AGENT 4 checking task Task(id=34, coordinates=array('d', [0.5835996439150497, -1.5272777485013873]), value=1, seq_num=34)
[crazychoir_task_assignment_webots_guidance-27] [INFO] [1745223782.923911033] [agent_4.guidance]: ***AGENT 4 Score for task 34: 0.9727481267736757
[crazychoir_task_assignment_webots_guidance-27] [INFO] [1745223782.924180309] [agent_4.guidance]: AGENT 4 checking task Task(id=40, coordinates=array('d', [-2.708795181482685, -2.341091291292936]), value=1, seq_num=40)
[crazychoir_task_assignment_webots_guidance-27] [INFO] [1745223782.924459996] [agent_4.guidance]: ***AGENT 4 Score for task 40: 0.8176503491702846
[crazychoir_task_assignment_webots_guidance-27] [INFO] [1745223782.924727597] [agent_4.guidance]: AGENT 4 checking task Task(id=55, coordinates=array('d', [-0.915291979733666, -2.6467194350512613]), value=1, seq_num=55)
[crazychoir_task_assignment_webots_guidance-27] [INFO] [1745223782.925001216] [agent_4.guidance]: ***AGENT 4 Score for task 55: 0.8865777316633674
[crazychoir_task_assignment_webots_guidance-27] [INFO] [1745223782.925251961] [agent_4.guidance]: AGENT 4 ADDING Best task: 2 with score: 0.9880131784894174
[crazychoir_task_assignment_webots_guidance-27] [INFO] [1745223782.925514391] [agent_4.guidance]: AGENT 4 Removing from remaining tasks: 2
[crazychoir_task_assignment_webots_guidance-27] [INFO] [1745223782.925764149] [agent_4.guidance]: AGENT 4 Remaining tasks: [2, 13, 16, 27, 33, 34, 40, 55]
[crazychoir_task_assignment_webots_guidance-27] [INFO] [1745223782.926011294] [agent_4.guidance]: AGENT 4 Remaining tasks AFTER UPDATE: [13, 16, 27, 33, 34, 40, 55]
[crazychoir_task_assignment_webots_guidance-27] [INFO] [1745223782.926267306] [agent_4.guidance]: AGENT 4 checking task Task(id=13, coordinates=array('d', [0.6044563282666156, -1.992166897689577]), value=1, seq_num=13)
[crazychoir_task_assignment_webots_guidance-27] [INFO] [1745223782.926539260] [agent_4.guidance]: ***AGENT 4 Score for task 13: 0.9672290021783566
[crazychoir_task_assignment_webots_guidance-27] [INFO] [1745223782.926793199] [agent_4.guidance]: AGENT 4 checking task Task(id=16, coordinates=array('d', [0.13017673466974777, -2.350839702676616]), value=1, seq_num=16)
[crazychoir_task_assignment_webots_guidance-27] [INFO] [1745223782.927061214] [agent_4.guidance]: ***AGENT 4 Score for task 16: 0.9384341604308244
[crazychoir_task_assignment_webots_guidance-27] [INFO] [1745223782.927316148] [agent_4.guidance]: AGENT 4 checking task Task(id=27, coordinates=array('d', [-0.013235312296165702, -1.905327572572759]), value=1, seq_num=27)
[crazychoir_task_assignment_webots_guidance-27] [INFO] [1745223782.927582475] [agent_4.guidance]: ***AGENT 4 Score for task 27: 0.9395098603299473
[crazychoir_task_assignment_webots_guidance-27] [INFO] [1745223782.927838009] [agent_4.guidance]: AGENT 4 checking task Task(id=33, coordinates=array('d', [0.5741287024100066, -2.4920303338775387]), value=1, seq_num=33)
[crazychoir_task_assignment_webots_guidance-27] [INFO] [1745223782.928104615] [agent_4.guidance]: ***AGENT 4 Score for task 33: 0.9500809257137757
[crazychoir_task_assignment_webots_guidance-27] [INFO] [1745223782.928361259] [agent_4.guidance]: AGENT 4 checking task Task(id=34, coordinates=array('d', [0.5835996439150497, -1.5272777485013873]), value=1, seq_num=34)
[crazychoir_task_assignment_webots_guidance-27] [INFO] [1745223782.928634617] [agent_4.guidance]: ***AGENT 4 Score for task 34: 0.9683013780138375
[crazychoir_task_assignment_webots_guidance-27] [INFO] [1745223782.928889600] [agent_4.guidance]: AGENT 4 checking task Task(id=40, coordinates=array('d', [-2.708795181482685, -2.341091291292936]), value=1, seq_num=40)
[crazychoir_task_assignment_webots_guidance-27] [INFO] [1745223782.929156219] [agent_4.guidance]: ***AGENT 4 Score for task 40: 0.8167230269853176
[crazychoir_task_assignment_webots_guidance-27] [INFO] [1745223782.929409083] [agent_4.guidance]: AGENT 4 checking task Task(id=55, coordinates=array('d', [-0.915291979733666, -2.6467194350512613]), value=1, seq_num=55)
[crazychoir_task_assignment_webots_guidance-27] [INFO] [1745223782.929674767] [agent_4.guidance]: ***AGENT 4 Score for task 55: 0.8885530192824267
[crazychoir_task_assignment_webots_guidance-27] [INFO] [1745223782.929921207] [agent_4.guidance]: AGENT 4 ADDING Best task: 34 with score: 0.9683013780138375
[crazychoir_task_assignment_webots_guidance-27] [INFO] [1745223782.930164753] [agent_4.guidance]: AGENT 4 Removing from remaining tasks: 34
[crazychoir_task_assignment_webots_guidance-27] [INFO] [1745223782.930408854] [agent_4.guidance]: AGENT 4 Remaining tasks: [13, 16, 27, 33, 34, 40, 55]
[crazychoir_task_assignment_webots_guidance-27] [INFO] [1745223782.930653957] [agent_4.guidance]: AGENT 4 Remaining tasks AFTER UPDATE: [13, 16, 27, 33, 40, 55]
[crazychoir_task_assignment_webots_guidance-27] [INFO] [1745223782.930908154] [agent_4.guidance]: AGENT 4 checking task Task(id=13, coordinates=array('d', [0.6044563282666156, -1.992166897689577]), value=1, seq_num=13)
[crazychoir_task_assignment_webots_guidance-27] [INFO] [1745223782.931174207] [agent_4.guidance]: ***AGENT 4 Score for task 13: 0.9764129459033892
[crazychoir_task_assignment_webots_guidance-27] [INFO] [1745223782.931426704] [agent_4.guidance]: AGENT 4 checking task Task(id=16, coordinates=array('d', [0.13017673466974777, -2.350839702676616]), value=1, seq_num=16)
[crazychoir_task_assignment_webots_guidance-27] [INFO] [1745223782.931692196] [agent_4.guidance]: ***AGENT 4 Score for task 16: 0.9529218097334208
[crazychoir_task_assignment_webots_guidance-27] [INFO] [1745223782.932049690] [agent_4.guidance]: AGENT 4 checking task Task(id=27, coordinates=array('d', [-0.013235312296165702, -1.905327572572759]), value=1, seq_num=27)
[crazychoir_task_assignment_webots_guidance-27] [INFO] [1745223782.932391156] [agent_4.guidance]: ***AGENT 4 Score for task 27: 0.9644103509078409
[crazychoir_task_assignment_webots_guidance-27] [INFO] [1745223782.932657238] [agent_4.guidance]: AGENT 4 checking task Task(id=33, coordinates=array('d', [0.5741287024100066, -2.4920303338775387]), value=1, seq_num=33)
[crazychoir_task_assignment_webots_guidance-22] [INFO] [1745223782.923351238] [agent_3.guidance]: ***AGENT 3 Score for task 1: 0.7952243754663899
[crazychoir_task_assignment_webots_guidance-22] [INFO] [1745223782.925712722] [agent_3.guidance]: AGENT 3 checking task Task(id=4, coordinates=array('d', [-1.4821058256993362, -0.39125080557332526]), value=1, seq_num=4)
[crazychoir_task_assignment_webots_guidance-22] [INFO] [1745223782.926023062] [agent_3.guidance]: ***AGENT 3 Score for task 4: 0.9609519480321572
[crazychoir_task_assignment_webots_guidance-22] [INFO] [1745223782.926317316] [agent_3.guidance]: AGENT 3 checking task Task(id=7, coordinates=array('d', [-2.0169465515718077, 0.584003663597155]), value=1, seq_num=7)
[crazychoir_task_assignment_webots_guidance-22] [INFO] [1745223782.926592378] [agent_3.guidance]: ***AGENT 3 Score for task 7: 0.9079626645937845
[crazychoir_task_assignment_webots_guidance-22] [INFO] [1745223782.926850726] [agent_3.guidance]: AGENT 3 checking task Task(id=11, coordinates=array('d', [1.7178359156103653, 2.1977357914901905]), value=1, seq_num=11)
[crazychoir_task_assignment_webots_guidance-22] [INFO] [1745223782.927119762] [agent_3.guidance]: ***AGENT 3 Score for task 11: 0.8063304082541044
[crazychoir_task_assignment_webots_guidance-22] [INFO] [1745223782.927390438] [agent_3.guidance]: AGENT 3 checking task Task(id=17, coordinates=array('d', [-2.0506595568912034, 0.2712159102192766]), value=1, seq_num=17)
[crazychoir_task_assignment_webots_guidance-22] [INFO] [1745223782.927659570] [agent_3.guidance]: ***AGENT 3 Score for task 17: 0.9188860750205291
[crazychoir_task_assignment_webots_guidance-22] [INFO] [1745223782.927918209] [agent_3.guidance]: AGENT 3 checking task Task(id=31, coordinates=array('d', [-1.0129529814532636, 0.43283262163649194]), value=1, seq_num=31)
[crazychoir_task_assignment_webots_guidance-22] [INFO] [1745223782.928185573] [agent_3.guidance]: ***AGENT 3 Score for task 31: 0.9291382748706611
[crazychoir_task_assignment_webots_guidance-22] [INFO] [1745223782.928442460] [agent_3.guidance]: AGENT 3 checking task Task(id=35, coordinates=array('d', [1.3955606915398064, 2.3679077539004325]), value=1, seq_num=35)
[crazychoir_task_assignment_webots_guidance-22] [INFO] [1745223782.928713611] [agent_3.guidance]: ***AGENT 3 Score for task 35: 0.8089694723389339
[crazychoir_task_assignment_webots_guidance-22] [INFO] [1745223782.928971761] [agent_3.guidance]: AGENT 3 checking task Task(id=37, coordinates=array('d', [-2.6095931257031557, 0.24044837785683804]), value=1, seq_num=37)
[crazychoir_task_assignment_webots_guidance-22] [INFO] [1745223782.929239186] [agent_3.guidance]: ***AGENT 3 Score for task 37: 0.9010144266589158
[crazychoir_task_assignment_webots_guidance-22] [INFO] [1745223782.929498533] [agent_3.guidance]: AGENT 3 checking task Task(id=48, coordinates=array('d', [-0.1642721450053619, -0.6433129510672204]), value=1, seq_num=48)
[crazychoir_task_assignment_webots_guidance-52] [WARN] [1745223782.923493191] [agent_9.guidance]: AGENT 9 get_result: FINAL ASSIGNED TASKS: [] NOW EXITING
[crazychoir_task_assignment_webots_guidance-52] [INFO] [1745223782.923774139] [agent_9.guidance]: AGENT 9 Optimization result: []
[crazychoir_task_assignment_webots_guidance-52] [INFO] [1745223782.924045828] [agent_9.guidance]: AGENT 9 task queue: []
[crazychoir_task_assignment_webots_guidance-52] [WARN] [1745223782.924626966] [agent_9.guidance]: ********AGENT 9 Entered start_new_task******
[crazychoir_task_assignment_webots_guidance-52] [WARN] [1745223782.924922514] [agent_9.guidance]: ********AGENT 9 start_new_task: Queue is EMPTY.******
[crazychoir_task_assignment_webots_guidance-17] [INFO] [1745223782.923586090] [agent_2.guidance]: ***AGENT 2 Score for task 53: 0.9234427070306601
[crazychoir_task_assignment_webots_guidance-17] [INFO] [1745223782.923871256] [agent_2.guidance]: AGENT 2 ADDING Best task: 53 with score: 0.9234427070306601
[crazychoir_task_assignment_webots_guidance-17] [INFO] [1745223782.924121250] [agent_2.guidance]: AGENT 2 Removing from remaining tasks: 53
[crazychoir_task_assignment_webots_guidance-17] [INFO] [1745223782.924369318] [agent_2.guidance]: AGENT 2 Remaining tasks: [9, 53]
[crazychoir_task_assignment_webots_guidance-17] [INFO] [1745223782.924627448] [agent_2.guidance]: AGENT 2 Remaining tasks AFTER UPDATE: [9]
[crazychoir_task_assignment_webots_guidance-17] [INFO] [1745223782.924890536] [agent_2.guidance]: AGENT 2 checking task Task(id=9, coordinates=array('d', [-2.7350396524110026, 2.7399178062854155]), value=1, seq_num=9)
[crazychoir_task_assignment_webots_guidance-17] [INFO] [1745223782.925175901] [agent_2.guidance]: ***AGENT 2 Score for task 9: 0.9325134508225695
[crazychoir_task_assignment_webots_guidance-17] [INFO] [1745223782.929579562] [agent_2.guidance]: AGENT 2 ADDING Best task: 9 with score: 0.9325134508225695
[crazychoir_task_assignment_webots_guidance-17] [INFO] [1745223782.929913123] [agent_2.guidance]: AGENT 2 Removing from remaining tasks: 9
[crazychoir_task_assignment_webots_guidance-17] [INFO] [1745223782.930231032] [agent_2.guidance]: AGENT 2 Remaining tasks: [9]
[crazychoir_task_assignment_webots_guidance-17] [INFO] [1745223782.930485053] [agent_2.guidance]: AGENT 2 Remaining tasks AFTER UPDATE: []
[crazychoir_task_assignment_webots_guidance-17] [INFO] [1745223782.930739058] [agent_2.guidance]: AGENT 2 get_result: PATH AFTER UPDATE: [53, 9]
[crazychoir_task_assignment_webots_guidance-17] [INFO] [1745223782.930987635] [agent_2.guidance]: AGENT 2 get_result: TASK 53 FOUND IN TASK MAP. NOW ADDING
[crazychoir_task_assignment_webots_guidance-17] [INFO] [1745223782.931232579] [agent_2.guidance]: AGENT 2 get_result: TASK 9 FOUND IN TASK MAP. NOW ADDING
[crazychoir_task_assignment_webots_guidance-17] [WARN] [1745223782.931521871] [agent_2.guidance]: AGENT 2 get_result: FINAL ASSIGNED TASKS: [53, 9] NOW EXITING
[crazychoir_task_assignment_webots_guidance-17] [INFO] [1745223782.931772937] [agent_2.guidance]: AGENT 2 Optimization result: [53, 9]
[crazychoir_task_assignment_webots_guidance-17] [INFO] [1745223782.932096769] [agent_2.guidance]: AGENT 2 task queue: [53, 9]
[crazychoir_task_assignment_webots_guidance-12] [INFO] [1745223782.923629809] [agent_1.guidance]: AGENT 1 ENTERING UPDATE
[crazychoir_task_assignment_webots_guidance-12] [INFO] [1745223782.923910375] [agent_1.guidance]: AGENT 1 ASSIGNED TASKS: [20, 24, 39, 42, 43, 46, 51, 58]
[crazychoir_task_assignment_webots_guidance-12] [INFO] [1745223782.924189228] [agent_1.guidance]: AGENT 1 checking task Task(id=20, coordinates=array('d', [-0.618599982589604, 0.7434966812893382]), value=1, seq_num=20)
[crazychoir_task_assignment_webots_guidance-12] [INFO] [1745223782.924479605] [agent_1.guidance]: ***AGENT 1 Score for task 20: 0.951110580088093
[crazychoir_task_assignment_webots_guidance-12] [INFO] [1745223782.924740285] [agent_1.guidance]: AGENT 1 checking task Task(id=24, coordinates=array('d', [0.3284451776553512, 0.7495850643845863]), value=1, seq_num=24)
[crazychoir_task_assignment_webots_guidance-12] [INFO] [1745223782.925008350] [agent_1.guidance]: ***AGENT 1 Score for task 24: 0.9588538113280436
[crazychoir_task_assignment_webots_guidance-12] [INFO] [1745223782.925262728] [agent_1.guidance]: AGENT 1 checking task Task(id=39, coordinates=array('d', [-0.8180979177309728, 1.606548205984474]), value=1, seq_num=39)
[crazychoir_task_assignment_webots_guidance-12] [INFO] [1745223782.925528564] [agent_1.guidance]: ***AGENT 1 Score for task 39: 0.9585655484884357
[crazychoir_task_assignment_webots_guidance-12] [INFO] [1745223782.925784074] [agent_1.guidance]: AGENT 1 checking task Task(id=42, coordinates=array('d', [0.4298482296884947, 2.062241963943933]), value=1, seq_num=42)
[crazychoir_task_assignment_webots_guidance-12] [INFO] [1745223782.926047345] [agent_1.guidance]: ***AGENT 1 Score for task 42: 0.964349073972987
[crazychoir_task_assignment_webots_guidance-12] [INFO] [1745223782.926299657] [agent_1.guidance]: AGENT 1 checking task Task(id=43, coordinates=array('d', [-0.07357416510195414, 1.8608665327568694]), value=1, seq_num=43)
[crazychoir_task_assignment_webots_guidance-12] [INFO] [1745223782.926561614] [agent_1.guidance]: ***AGENT 1 Score for task 43: 0.981286485938432
[crazychoir_task_assignment_webots_guidance-12] [INFO] [1745223782.926813569] [agent_1.guidance]: AGENT 1 checking task Task(id=46, coordinates=array('d', [-0.8126809480454651, 2.1946494956645957]), value=1, seq_num=46)
[crazychoir_task_assignment_webots_guidance-12] [INFO] [1745223782.927078990] [agent_1.guidance]: ***AGENT 1 Score for task 46: 0.9466385067535488
[crazychoir_task_assignment_webots_guidance-12] [INFO] [1745223782.927330454] [agent_1.guidance]: AGENT 1 checking task Task(id=51, coordinates=array('d', [-0.485795792686198, 2.414531135256845]), value=1, seq_num=51)
[crazychoir_task_assignment_webots_guidance-12] [INFO] [1745223782.927593084] [agent_1.guidance]: ***AGENT 1 Score for task 51: 0.9482692534211417
[crazychoir_task_assignment_webots_guidance-12] [INFO] [1745223782.927846422] [agent_1.guidance]: AGENT 1 checking task Task(id=58, coordinates=array('d', [-0.5482392795006126, 2.662785035298273]), value=1, seq_num=58)
[crazychoir_task_assignment_webots_guidance-12] [INFO] [1745223782.928106453] [agent_1.guidance]: ***AGENT 1 Score for task 58: 0.9361870098238386
[crazychoir_task_assignment_webots_guidance-12] [INFO] [1745223782.928353476] [agent_1.guidance]: AGENT 1 ADDING Best task: 43 with score: 0.981286485938432
[crazychoir_task_assignment_webots_guidance-12] [INFO] [1745223782.928601501] [agent_1.guidance]: AGENT 1 Removing from remaining tasks: 43
[crazychoir_task_assignment_webots_guidance-12] [INFO] [1745223782.928844136] [agent_1.guidance]: AGENT 1 Remaining tasks: [20, 24, 39, 42, 43, 46, 51, 58]
[crazychoir_task_assignment_webots_guidance-12] [INFO] [1745223782.929086775] [agent_1.guidance]: AGENT 1 Remaining tasks AFTER UPDATE: [20, 24, 39, 42, 46, 51, 58]
[crazychoir_task_assignment_webots_guidance-12] [INFO] [1745223782.929340541] [agent_1.guidance]: AGENT 1 checking task Task(id=20, coordinates=array('d', [-0.618599982589604, 0.7434966812893382]), value=1, seq_num=20)
[crazychoir_task_assignment_webots_guidance-12] [INFO] [1745223782.929610754] [agent_1.guidance]: ***AGENT 1 Score for task 20: 0.9382223760952247
[crazychoir_task_assignment_webots_guidance-12] [INFO] [1745223782.929862277] [agent_1.guidance]: AGENT 1 checking task Task(id=24, coordinates=array('d', [0.3284451776553512, 0.7495850643845863]), value=1, seq_num=24)
[crazychoir_task_assignment_webots_guidance-12] [INFO] [1745223782.930128194] [agent_1.guidance]: ***AGENT 1 Score for task 24: 0.9411840519742745
[crazychoir_task_assignment_webots_guidance-12] [INFO] [1745223782.930384038] [agent_1.guidance]: AGENT 1 checking task Task(id=39, coordinates=array('d', [-0.8180979177309728, 1.606548205984474]), value=1, seq_num=39)
[crazychoir_task_assignment_webots_guidance-12] [INFO] [1745223782.930649943] [agent_1.guidance]: ***AGENT 1 Score for task 39: 0.9604478606573267
[crazychoir_task_assignment_webots_guidance-12] [INFO] [1745223782.930901425] [agent_1.guidance]: AGENT 1 checking task Task(id=42, coordinates=array('d', [0.4298482296884947, 2.062241963943933]), value=1, seq_num=42)
[crazychoir_task_assignment_webots_guidance-12] [INFO] [1745223782.931167041] [agent_1.guidance]: ***AGENT 1 Score for task 42: 0.9725717022196024
[crazychoir_task_assignment_webots_guidance-12] [INFO] [1745223782.931418187] [agent_1.guidance]: AGENT 1 checking task Task(id=46, coordinates=array('d', [-0.8126809480454651, 2.1946494956645957]), value=1, seq_num=46)
[crazychoir_task_assignment_webots_guidance-12] [INFO] [1745223782.931681879] [agent_1.guidance]: ***AGENT 1 Score for task 46: 0.9592554404175859
[crazychoir_task_assignment_webots_guidance-12] [INFO] [1745223782.931954970] [agent_1.guidance]: AGENT 1 checking task Task(id=51, coordinates=array('d', [-0.485795792686198, 2.414531135256845]), value=1, seq_num=51)
[crazychoir_task_assignment_webots_guidance-12] [INFO] [1745223782.932222946] [agent_1.guidance]: ***AGENT 1 Score for task 51: 0.9652132996207097
[crazychoir_task_assignment_webots_guidance-42] [INFO] [1745223782.924159517] [agent_7.guidance]: Optimization ended
[crazychoir_task_assignment_webots_guidance-42] [INFO] [1745223782.924440636] [agent_7.guidance]: *******AGENT 7 ENTERING get_result
[crazychoir_task_assignment_webots_guidance-42] [INFO] [1745223782.924688814] [agent_7.guidance]: AGENT 7 entering locking
[crazychoir_task_assignment_webots_guidance-42] [INFO] [1745223782.924931940] [agent_7.guidance]: AGENT 7 get_result: FINAL BUNDLE: []
[crazychoir_task_assignment_webots_guidance-42] [INFO] [1745223782.925184000] [agent_7.guidance]: AGENT 7 get_result: PATH BEFORE UPDATE: []
[crazychoir_task_assignment_webots_guidance-42] [INFO] [1745223782.925595039] [agent_7.guidance]: AGENT 7 get_result: FINAL WINNERS: {0: 0, 1: 3, 2: 4, 3: 8, 4: 3, 5: 0, 6: 0, 7: 3, 8: 0, 9: 2, 10: 0, 11: 3, 12: 0, 13: 4, 14: 0, 15: 0, 16: 4, 17: 3, 18: 0, 19: 0, 20: 1, 21: 8, 22: 0, 23: 4, 24: 1, 25: 5, 26: 0, 27: 4, 28: 0, 29: 6, 30: 0, 31: 3, 32: 0, 33: 4, 34: 4, 35: 3, 36: 0, 37: 3, 38: 0, 39: 1, 40: 4, 41: 8, 42: 1, 43: 1, 44: 0, 45: 0, 46: 1, 47: 0, 48: 3, 49: 0, 50: 0, 51: 1, 52: 3, 53: 2, 54: 3, 55: 4, 56: 0, 57: 0, 58: 1, 59: 0}
[crazychoir_task_assignment_webots_guidance-42] [INFO] [1745223782.925850208] [agent_7.guidance]: AGENT 7 get_result: UPDATING PATH
[crazychoir_task_assignment_webots_guidance-42] [INFO] [1745223782.926108774] [agent_7.guidance]: AGENT 7 ENTERING UPDATE
[crazychoir_task_assignment_webots_guidance-42] [INFO] [1745223782.926361058] [agent_7.guidance]: AGENT 7 ASSIGNED TASKS: []
[crazychoir_task_assignment_webots_guidance-42] [INFO] [1745223782.926600457] [agent_7.guidance]: AGENT 7 get_result: PATH AFTER UPDATE: []
[crazychoir_task_assignment_webots_guidance-42] [WARN] [1745223782.926895613] [agent_7.guidance]: AGENT 7 get_result: FINAL ASSIGNED TASKS: [] NOW EXITING
[crazychoir_task_assignment_webots_guidance-42] [INFO] [1745223782.927141520] [agent_7.guidance]: AGENT 7 Optimization result: []
[crazychoir_task_assignment_webots_guidance-42] [INFO] [1745223782.927398279] [agent_7.guidance]: AGENT 7 task queue: []
[crazychoir_task_assignment_webots_guidance-42] [WARN] [1745223782.927972605] [agent_7.guidance]: ********AGENT 7 Entered start_new_task******
[crazychoir_task_assignment_webots_guidance-42] [WARN] [1745223782.928262996] [agent_7.guidance]: ********AGENT 7 start_new_task: Queue is EMPTY.******
[crazychoir_task_assignment_webots_planner-34] [INFO] [1745223782.924610953] [agent_5.planner]: Moving robot to position [ 2.373007   -0.82287847]
[crazychoir_task_assignment_webots_planner-34] [INFO] [1745223782.925022306] [agent_5.planner]: Goal [2.3730069963368763, -0.8228784694012417, 1.25] sent
[crazychoir_task_assignment_webots_guidance-47] [WARN] [1745223782.928724653] [agent_8.guidance]: ************* AGENT 8 Entered _Optimization ended *************
[crazychoir_task_assignment_webots_guidance-47] [INFO] [1745223782.929001461] [agent_8.guidance]: Optimization ended
[crazychoir_task_assignment_webots_guidance-47] [INFO] [1745223782.929249311] [agent_8.guidance]: *******AGENT 8 ENTERING get_result
[crazychoir_task_assignment_webots_guidance-47] [INFO] [1745223782.929488387] [agent_8.guidance]: AGENT 8 entering locking
[crazychoir_task_assignment_webots_guidance-47] [INFO] [1745223782.929728686] [agent_8.guidance]: AGENT 8 get_result: FINAL BUNDLE: [3]
[crazychoir_task_assignment_webots_guidance-47] [INFO] [1745223782.929968903] [agent_8.guidance]: AGENT 8 get_result: PATH BEFORE UPDATE: [3]
[crazychoir_task_assignment_webots_guidance-47] [INFO] [1745223782.930218753] [agent_8.guidance]: AGENT 8 get_result: FINAL WINNERS: {0: 0, 1: 3, 2: 4, 3: 8, 4: 3, 5: 0, 6: 0, 7: 3, 8: 0, 9: 2, 10: 0, 11: 3, 12: 0, 13: 4, 14: 0, 15: 0, 16: 4, 17: 3, 18: 0, 19: 0, 20: 1, 21: 8, 22: 0, 23: 4, 24: 1, 25: 5, 26: 0, 27: 4, 28: 0, 29: 6, 30: 0, 31: 3, 32: 0, 33: 4, 34: 4, 35: 3, 36: 0, 37: 3, 38: 0, 39: 1, 40: 4, 41: 8, 42: 1, 43: 1, 44: 0, 45: 0, 46: 1, 47: 0, 48: 3, 49: 0, 50: 0, 51: 1, 52: 3, 53: 2, 54: 3, 55: 4, 56: 0, 57: 0, 58: 1, 59: 0}
[crazychoir_task_assignment_webots_guidance-47] [INFO] [1745223782.930458410] [agent_8.guidance]: AGENT 8 get_result: UPDATING PATH
[crazychoir_task_assignment_webots_guidance-47] [INFO] [1745223782.930698203] [agent_8.guidance]: AGENT 8 ENTERING UPDATE
[crazychoir_task_assignment_webots_guidance-47] [INFO] [1745223782.930947242] [agent_8.guidance]: AGENT 8 ASSIGNED TASKS: [3, 21, 41]
[crazychoir_task_assignment_webots_guidance-47] [INFO] [1745223782.931210888] [agent_8.guidance]: AGENT 8 checking task Task(id=3, coordinates=array('d', [2.8576467286574507, -2.962618468772461]), value=1, seq_num=3)
[crazychoir_task_assignment_webots_guidance-47] [INFO] [1745223782.931486835] [agent_8.guidance]: ***AGENT 8 Score for task 3: 0.921034826154329
[crazychoir_task_assignment_webots_guidance-47] [INFO] [1745223782.931740285] [agent_8.guidance]: AGENT 8 checking task Task(id=21, coordinates=array('d', [1.6044298025407429, -1.926156539753215]), value=1, seq_num=21)
[crazychoir_task_assignment_webots_guidance-47] [INFO] [1745223782.932003263] [agent_8.guidance]: ***AGENT 8 Score for task 21: 0.9631329395922759
[crazychoir_task_assignment_webots_guidance-47] [INFO] [1745223782.932253413] [agent_8.guidance]: AGENT 8 checking task Task(id=41, coordinates=array('d', [1.1041392907417658, 0.08792218250193873]), value=1, seq_num=41)
[crazychoir_task_assignment_webots_guidance-47] [INFO] [1745223782.932520433] [agent_8.guidance]: ***AGENT 8 Score for task 41: 0.90577628277885
[crazychoir_task_assignment_webots_guidance-47] [INFO] [1745223782.932767648] [agent_8.guidance]: AGENT 8 ADDING Best task: 21 with score: 0.9631329395922759
[crazychoir_task_assignment_webots_guidance-47] [INFO] [1745223782.933009955] [agent_8.guidance]: AGENT 8 Removing from remaining tasks: 21
[crazychoir_task_assignment_webots_guidance-17] [WARN] [1745223782.932782650] [agent_2.guidance]: ********AGENT 2 Entered start_new_task******
[crazychoir_task_assignment_webots_guidance-27] [INFO] [1745223782.932930731] [agent_4.guidance]: ***AGENT 4 Score for task 33: 0.9517168424491379
[crazychoir_task_assignment_webots_guidance-27] [INFO] [1745223782.933186348] [agent_4.guidance]: AGENT 4 checking task Task(id=40, coordinates=array('d', [-2.708795181482685, -2.341091291292936]), value=1, seq_num=40)
[crazychoir_task_assignment_webots_guidance-47] [INFO] [1745223782.933252083] [agent_8.guidance]: AGENT 8 Remaining tasks: [3, 21, 41]
[crazychoir_task_assignment_webots_guidance-22] [INFO] [1745223782.933413763] [agent_3.guidance]: ***AGENT 3 Score for task 48: 0.9544612160409458
[crazychoir_task_assignment_webots_guidance-27] [INFO] [1745223782.933453025] [agent_4.guidance]: ***AGENT 4 Score for task 40: 0.8403302328115124
[crazychoir_task_assignment_webots_guidance-47] [INFO] [1745223782.933510267] [agent_8.guidance]: AGENT 8 Remaining tasks AFTER UPDATE: [3, 41]
[crazychoir_task_assignment_webots_guidance-27] [INFO] [1745223782.933706561] [agent_4.guidance]: AGENT 4 checking task Task(id=55, coordinates=array('d', [-0.915291979733666, -2.6467194350512613]), value=1, seq_num=55)
[crazychoir_task_assignment_webots_guidance-17] [INFO] [1745223782.933754693] [agent_2.guidance]: Got new task (seq_num 53) - starting execution
[crazychoir_task_assignment_webots_guidance-47] [INFO] [1745223782.933763100] [agent_8.guidance]: AGENT 8 checking task Task(id=3, coordinates=array('d', [2.8576467286574507, -2.962618468772461]), value=1, seq_num=3)
[crazychoir_task_assignment_webots_guidance-22] [INFO] [1745223782.933961125] [agent_3.guidance]: AGENT 3 checking task Task(id=52, coordinates=array('d', [2.877697572242912, 0.7414130364414833]), value=1, seq_num=52)
[crazychoir_task_assignment_webots_guidance-27] [INFO] [1745223782.934026618] [agent_4.guidance]: ***AGENT 4 Score for task 55: 0.9085016466256236
[crazychoir_task_assignment_webots_guidance-47] [INFO] [1745223782.934033958] [agent_8.guidance]: ***AGENT 8 Score for task 3: 0.9199669219020732
[crazychoir_task_assignment_webots_guidance-27] [INFO] [1745223782.934282664] [agent_4.guidance]: AGENT 4 ADDING Best task: 13 with score: 0.9764129459033892
[crazychoir_task_assignment_webots_guidance-47] [INFO] [1745223782.934289439] [agent_8.guidance]: AGENT 8 checking task Task(id=41, coordinates=array('d', [1.1041392907417658, 0.08792218250193873]), value=1, seq_num=41)
[crazychoir_task_assignment_webots_guidance-22] [INFO] [1745223782.934468050] [agent_3.guidance]: ***AGENT 3 Score for task 52: 0.8040964367524183
[crazychoir_task_assignment_webots_guidance-27] [INFO] [1745223782.934527732] [agent_4.guidance]: AGENT 4 Removing from remaining tasks: 13
[crazychoir_task_assignment_webots_guidance-47] [INFO] [1745223782.934556098] [agent_8.guidance]: ***AGENT 8 Score for task 41: 0.8990216582277544
[crazychoir_task_assignment_webots_guidance-27] [INFO] [1745223782.934781806] [agent_4.guidance]: AGENT 4 Remaining tasks: [13, 16, 27, 33, 40, 55]
[crazychoir_task_assignment_webots_guidance-47] [INFO] [1745223782.934803906] [agent_8.guidance]: AGENT 8 ADDING Best task: 3 with score: 0.9199669219020732
[crazychoir_task_assignment_webots_guidance-27] [INFO] [1745223782.935027250] [agent_4.guidance]: AGENT 4 Remaining tasks AFTER UPDATE: [16, 27, 33, 40, 55]
[crazychoir_task_assignment_webots_guidance-27] [INFO] [1745223782.935314836] [agent_4.guidance]: AGENT 4 checking task Task(id=16, coordinates=array('d', [0.13017673466974777, -2.350839702676616]), value=1, seq_num=16)
[crazychoir_task_assignment_webots_planner-19] [INFO] [1745223782.935352588] [agent_2.planner]: Moving robot to position [-2.50089526  1.39799231]
[crazychoir_task_assignment_webots_guidance-22] [INFO] [1745223782.935415933] [agent_3.guidance]: AGENT 3 checking task Task(id=54, coordinates=array('d', [1.0721124148739039, 1.956137202151317]), value=1, seq_num=54)
[crazychoir_task_assignment_webots_guidance-27] [INFO] [1745223782.935610483] [agent_4.guidance]: ***AGENT 4 Score for task 16: 0.9699598127697224
[crazychoir_task_assignment_webots_guidance-7] [INFO] [1745223782.935638737] [agent_0.guidance]: ***AGENT 0 Score for task 38: 0.8468852157055207
[crazychoir_task_assignment_webots_guidance-47] [INFO] [1745223782.935652837] [agent_8.guidance]: AGENT 8 Removing from remaining tasks: 3
[crazychoir_task_assignment_webots_guidance-22] [INFO] [1745223782.935773481] [agent_3.guidance]: ***AGENT 3 Score for task 54: 0.8309622579055672
[crazychoir_task_assignment_webots_planner-19] [INFO] [1745223782.935782517] [agent_2.planner]: Goal [-2.500895264574833, 1.3979923055759702, 0.8] sent
[crazychoir_task_assignment_webots_guidance-27] [INFO] [1745223782.935866801] [agent_4.guidance]: AGENT 4 checking task Task(id=27, coordinates=array('d', [-0.013235312296165702, -1.905327572572759]), value=1, seq_num=27)
[crazychoir_task_assignment_webots_guidance-47] [INFO] [1745223782.935934149] [agent_8.guidance]: AGENT 8 Remaining tasks: [3, 41]
[crazychoir_task_assignment_webots_guidance-7] [INFO] [1745223782.935939035] [agent_0.guidance]: AGENT 0 checking task Task(id=44, coordinates=array('d', [0.06146177576964007, 2.5603241594415067]), value=1, seq_num=44)
[crazychoir_task_assignment_webots_guidance-22] [INFO] [1745223782.936079779] [agent_3.guidance]: AGENT 3 ADDING Best task: 4 with score: 0.9609519480321572
[crazychoir_task_assignment_webots_guidance-27] [INFO] [1745223782.936138216] [agent_4.guidance]: ***AGENT 4 Score for task 27: 0.9685114116321654
[crazychoir_task_assignment_webots_guidance-47] [INFO] [1745223782.936183701] [agent_8.guidance]: AGENT 8 Remaining tasks AFTER UPDATE: [41]
[crazychoir_task_assignment_webots_guidance-7] [INFO] [1745223782.936228317] [agent_0.guidance]: ***AGENT 0 Score for task 44: 0.9108318435598204
[crazychoir_task_assignment_webots_guidance-22] [INFO] [1745223782.936375406] [agent_3.guidance]: AGENT 3 Removing from remaining tasks: 4
[crazychoir_task_assignment_webots_guidance-27] [INFO] [1745223782.936396409] [agent_4.guidance]: AGENT 4 checking task Task(id=33, coordinates=array('d', [0.5741287024100066, -2.4920303338775387]), value=1, seq_num=33)
[crazychoir_task_assignment_webots_guidance-47] [INFO] [1745223782.936442504] [agent_8.guidance]: AGENT 8 checking task Task(id=41, coordinates=array('d', [1.1041392907417658, 0.08792218250193873]), value=1, seq_num=41)
[crazychoir_task_assignment_webots_guidance-7] [INFO] [1745223782.936491326] [agent_0.guidance]: AGENT 0 checking task Task(id=45, coordinates=array('d', [1.0015666292377556, -2.107638963395658]), value=1, seq_num=45)
[crazychoir_task_assignment_webots_guidance-27] [INFO] [1745223782.936671581] [agent_4.guidance]: ***AGENT 4 Score for task 33: 0.9746403091928543
[crazychoir_task_assignment_webots_guidance-22] [INFO] [1745223782.936675392] [agent_3.guidance]: AGENT 3 Remaining tasks: [1, 4, 7, 11, 17, 31, 35, 37, 48, 52, 54]
[crazychoir_task_assignment_webots_guidance-47] [INFO] [1745223782.936732049] [agent_8.guidance]: ***AGENT 8 Score for task 41: 0.8348686416873732
[crazychoir_task_assignment_webots_guidance-7] [INFO] [1745223782.936762177] [agent_0.guidance]: ***AGENT 0 Score for task 45: 0.8526543244544013
[crazychoir_task_assignment_webots_guidance-27] [INFO] [1745223782.936935451] [agent_4.guidance]: AGENT 4 checking task Task(id=40, coordinates=array('d', [-2.708795181482685, -2.341091291292936]), value=1, seq_num=40)
[crazychoir_task_assignment_webots_guidance-22] [INFO] [1745223782.936976199] [agent_3.guidance]: AGENT 3 Remaining tasks AFTER UPDATE: [1, 7, 11, 17, 31, 35, 37, 48, 52, 54]
[crazychoir_task_assignment_webots_guidance-47] [INFO] [1745223782.936981189] [agent_8.guidance]: AGENT 8 ADDING Best task: 41 with score: 0.8348686416873732
[crazychoir_task_assignment_webots_guidance-7] [INFO] [1745223782.937016013] [agent_0.guidance]: AGENT 0 checking task Task(id=47, coordinates=array('d', [-0.898288734866906, -1.865845443263071]), value=1, seq_num=47)
[crazychoir_task_assignment_webots_guidance-27] [INFO] [1745223782.937203897] [agent_4.guidance]: ***AGENT 4 Score for task 40: 0.8429164853547468
[crazychoir_task_assignment_webots_guidance-47] [INFO] [1745223782.937222155] [agent_8.guidance]: AGENT 8 Removing from remaining tasks: 41
[crazychoir_task_assignment_webots_guidance-22] [INFO] [1745223782.937281906] [agent_3.guidance]: AGENT 3 checking task Task(id=1, coordinates=array('d', [2.8361061597893062, 1.2888959620461877]), value=1, seq_num=1)
[crazychoir_task_assignment_webots_guidance-7] [INFO] [1745223782.937290807] [agent_0.guidance]: ***AGENT 0 Score for task 47: 0.8383480564967146
[crazychoir_task_assignment_webots_guidance-27] [INFO] [1745223782.937455120] [agent_4.guidance]: AGENT 4 checking task Task(id=55, coordinates=array('d', [-0.915291979733666, -2.6467194350512613]), value=1, seq_num=55)
[crazychoir_task_assignment_webots_guidance-47] [INFO] [1745223782.937462991] [agent_8.guidance]: AGENT 8 Remaining tasks: [41]
[crazychoir_task_assignment_webots_guidance-7] [INFO] [1745223782.937545393] [agent_0.guidance]: AGENT 0 checking task Task(id=49, coordinates=array('d', [0.713579559864562, -0.3794022483629207]), value=1, seq_num=49)
[crazychoir_task_assignment_webots_guidance-22] [INFO] [1745223782.937607877] [agent_3.guidance]: ***AGENT 3 Score for task 1: 0.7884625341184351
[crazychoir_task_assignment_webots_guidance-47] [INFO] [1745223782.937705300] [agent_8.guidance]: AGENT 8 Remaining tasks AFTER UPDATE: []
[crazychoir_task_assignment_webots_guidance-27] [INFO] [1745223782.937717497] [agent_4.guidance]: ***AGENT 4 Score for task 55: 0.9186264966328419
[crazychoir_task_assignment_webots_guidance-7] [INFO] [1745223782.937808334] [agent_0.guidance]: ***AGENT 0 Score for task 49: 0.930285953099146
[crazychoir_task_assignment_webots_guidance-22] [INFO] [1745223782.937932518] [agent_3.guidance]: AGENT 3 checking task Task(id=7, coordinates=array('d', [-2.0169465515718077, 0.584003663597155]), value=1, seq_num=7)
[crazychoir_task_assignment_webots_guidance-47] [INFO] [1745223782.937949735] [agent_8.guidance]: AGENT 8 get_result: PATH AFTER UPDATE: [21, 3, 41]
[crazychoir_task_assignment_webots_guidance-27] [INFO] [1745223782.937962188] [agent_4.guidance]: AGENT 4 ADDING Best task: 33 with score: 0.9746403091928543
[crazychoir_task_assignment_webots_guidance-7] [INFO] [1745223782.938126489] [agent_0.guidance]: AGENT 0 checking task Task(id=50, coordinates=array('d', [-1.4344670562330268, -0.525166730023459]), value=1, seq_num=50)
[crazychoir_task_assignment_webots_guidance-47] [INFO] [1745223782.938198125] [agent_8.guidance]: AGENT 8 get_result: TASK 21 FOUND IN TASK MAP. NOW ADDING
[crazychoir_task_assignment_webots_guidance-27] [INFO] [1745223782.938203465] [agent_4.guidance]: AGENT 4 Removing from remaining tasks: 33
[crazychoir_task_assignment_webots_guidance-22] [INFO] [1745223782.938253658] [agent_3.guidance]: ***AGENT 3 Score for task 7: 0.9445442764772222
[crazychoir_task_assignment_webots_guidance-7] [INFO] [1745223782.938398259] [agent_0.guidance]: ***AGENT 0 Score for task 50: 0.8629889053623823
[crazychoir_task_assignment_webots_guidance-47] [INFO] [1745223782.938439005] [agent_8.guidance]: AGENT 8 get_result: TASK 3 FOUND IN TASK MAP. NOW ADDING
[crazychoir_task_assignment_webots_guidance-27] [INFO] [1745223782.938443406] [agent_4.guidance]: AGENT 4 Remaining tasks: [16, 27, 33, 40, 55]
[crazychoir_task_assignment_webots_guidance-22] [INFO] [1745223782.938556838] [agent_3.guidance]: AGENT 3 checking task Task(id=11, coordinates=array('d', [1.7178359156103653, 2.1977357914901905]), value=1, seq_num=11)
[crazychoir_task_assignment_webots_guidance-7] [INFO] [1745223782.938653082] [agent_0.guidance]: AGENT 0 checking task Task(id=56, coordinates=array('d', [0.6709308987317524, -2.255912290120368]), value=1, seq_num=56)
[crazychoir_task_assignment_webots_guidance-47] [INFO] [1745223782.938678024] [agent_8.guidance]: AGENT 8 get_result: TASK 41 FOUND IN TASK MAP. NOW ADDING
[crazychoir_task_assignment_webots_guidance-27] [INFO] [1745223782.938685542] [agent_4.guidance]: AGENT 4 Remaining tasks AFTER UPDATE: [16, 27, 40, 55]
[crazychoir_task_assignment_webots_guidance-22] [INFO] [1745223782.938871313] [agent_3.guidance]: ***AGENT 3 Score for task 11: 0.8096691493854435
[crazychoir_task_assignment_webots_guidance-7] [INFO] [1745223782.938916327] [agent_0.guidance]: ***AGENT 0 Score for task 56: 0.8454745030137384
[crazychoir_task_assignment_webots_guidance-47] [WARN] [1745223782.938961420] [agent_8.guidance]: AGENT 8 get_result: FINAL ASSIGNED TASKS: [21, 3, 41] NOW EXITING
[crazychoir_task_assignment_webots_guidance-27] [INFO] [1745223782.938995367] [agent_4.guidance]: AGENT 4 checking task Task(id=16, coordinates=array('d', [0.13017673466974777, -2.350839702676616]), value=1, seq_num=16)
[crazychoir_task_assignment_webots_guidance-7] [INFO] [1745223782.939170974] [agent_0.guidance]: AGENT 0 checking task Task(id=57, coordinates=array('d', [1.557177174979988, 1.7665399054598527]), value=1, seq_num=57)
[crazychoir_task_assignment_webots_guidance-22] [INFO] [1745223782.939177119] [agent_3.guidance]: AGENT 3 checking task Task(id=17, coordinates=array('d', [-2.0506595568912034, 0.2712159102192766]), value=1, seq_num=17)
[crazychoir_task_assignment_webots_guidance-47] [INFO] [1745223782.939207407] [agent_8.guidance]: AGENT 8 Optimization result: [21, 3, 41]
[crazychoir_task_assignment_webots_guidance-27] [INFO] [1745223782.939273562] [agent_4.guidance]: ***AGENT 4 Score for task 16: 0.9763876026910939
[crazychoir_task_assignment_webots_guidance-7] [INFO] [1745223782.939434151] [agent_0.guidance]: ***AGENT 0 Score for task 57: 0.952554647354406
[crazychoir_task_assignment_webots_guidance-22] [INFO] [1745223782.939493119] [agent_3.guidance]: ***AGENT 3 Score for task 17: 0.9562091160166916
[crazychoir_task_assignment_webots_guidance-27] [INFO] [1745223782.939529004] [agent_4.guidance]: AGENT 4 checking task Task(id=27, coordinates=array('d', [-0.013235312296165702, -1.905327572572759]), value=1, seq_num=27)
[crazychoir_task_assignment_webots_guidance-47] [INFO] [1745223782.939554716] [agent_8.guidance]: AGENT 8 task queue: [21, 3, 41]
[crazychoir_task_assignment_webots_guidance-7] [INFO] [1745223782.939689339] [agent_0.guidance]: AGENT 0 checking task Task(id=59, coordinates=array('d', [-1.9573212374683449, 2.6555150983618816]), value=1, seq_num=59)
[crazychoir_task_assignment_webots_guidance-27] [INFO] [1745223782.939848538] [agent_4.guidance]: ***AGENT 4 Score for task 27: 0.9583107149253134
[crazychoir_task_assignment_webots_guidance-22] [INFO] [1745223782.939881337] [agent_3.guidance]: AGENT 3 checking task Task(id=31, coordinates=array('d', [-1.0129529814532636, 0.43283262163649194]), value=1, seq_num=31)
[crazychoir_task_assignment_webots_guidance-7] [INFO] [1745223782.939955758] [agent_0.guidance]: ***AGENT 0 Score for task 59: 0.8404298945483216
[crazychoir_task_assignment_webots_guidance-27] [INFO] [1745223782.940106668] [agent_4.guidance]: AGENT 4 checking task Task(id=40, coordinates=array('d', [-2.708795181482685, -2.341091291292936]), value=1, seq_num=40)
[crazychoir_task_assignment_webots_guidance-22] [INFO] [1745223782.940201843] [agent_3.guidance]: ***AGENT 3 Score for task 31: 0.9525240304541113
[crazychoir_task_assignment_webots_guidance-7] [INFO] [1745223782.940204312] [agent_0.guidance]: AGENT 0 ADDING Best task: 18 with score: 0.9562971478768167
[crazychoir_task_assignment_webots_guidance-47] [WARN] [1745223782.940337385] [agent_8.guidance]: ********AGENT 8 Entered start_new_task******
[crazychoir_task_assignment_webots_guidance-22] [INFO] [1745223782.940511675] [agent_3.guidance]: AGENT 3 checking task Task(id=35, coordinates=array('d', [1.3955606915398064, 2.3679077539004325]), value=1, seq_num=35)
[crazychoir_task_assignment_webots_guidance-27] [INFO] [1745223782.940515499] [agent_4.guidance]: ***AGENT 4 Score for task 40: 0.8448722318298902
[crazychoir_task_assignment_webots_guidance-7] [INFO] [1745223782.940534527] [agent_0.guidance]: AGENT 0 Removing from remaining tasks: 18
[crazychoir_task_assignment_webots_guidance-47] [INFO] [1745223782.940602556] [agent_8.guidance]: Got new task (seq_num 21) - starting execution
[crazychoir_task_assignment_webots_guidance-7] [INFO] [1745223782.940786981] [agent_0.guidance]: AGENT 0 Remaining tasks: [0, 5, 6, 8, 10, 12, 14, 15, 18, 19, 22, 26, 28, 30, 32, 36, 38, 44, 45, 47, 49, 50, 56, 57, 59]
[crazychoir_task_assignment_webots_guidance-7] [INFO] [1745223782.941034811] [agent_0.guidance]: AGENT 0 Remaining tasks AFTER UPDATE: [0, 5, 6, 8, 10, 12, 14, 15, 19, 22, 26, 28, 30, 32, 36, 38, 44, 45, 47, 49, 50, 56, 57, 59]
[crazychoir_task_assignment_webots_guidance-22] [INFO] [1745223782.940835840] [agent_3.guidance]: ***AGENT 3 Score for task 35: 0.8150613431985195
[crazychoir_task_assignment_webots_guidance-27] [INFO] [1745223782.940903389] [agent_4.guidance]: AGENT 4 checking task Task(id=55, coordinates=array('d', [-0.915291979733666, -2.6467194350512613]), value=1, seq_num=55)
[crazychoir_task_assignment_webots_guidance-22] [INFO] [1745223782.941155286] [agent_3.guidance]: AGENT 3 checking task Task(id=37, coordinates=array('d', [-2.6095931257031557, 0.24044837785683804]), value=1, seq_num=37)
[crazychoir_task_assignment_webots_guidance-27] [INFO] [1745223782.941193096] [agent_4.guidance]: ***AGENT 4 Score for task 55: 0.9260674359630069
[crazychoir_task_assignment_webots_guidance-7] [INFO] [1745223782.941294542] [agent_0.guidance]: AGENT 0 checking task Task(id=0, coordinates=array('d', [2.8021790340820605, 0.28339349505433375]), value=1, seq_num=0)
[crazychoir_task_assignment_webots_guidance-22] [INFO] [1745223782.941507466] [agent_3.guidance]: ***AGENT 3 Score for task 37: 0.9358585535177121
[crazychoir_task_assignment_webots_guidance-22] [INFO] [1745223782.941920512] [agent_3.guidance]: AGENT 3 checking task Task(id=48, coordinates=array('d', [-0.1642721450053619, -0.6433129510672204]), value=1, seq_num=48)
[crazychoir_task_assignment_webots_guidance-27] [INFO] [1745223782.941512376] [agent_4.guidance]: AGENT 4 ADDING Best task: 16 with score: 0.9763876026910939
[crazychoir_task_assignment_webots_guidance-27] [INFO] [1745223782.944191247] [agent_4.guidance]: AGENT 4 Removing from remaining tasks: 16
[crazychoir_task_assignment_webots_guidance-7] [INFO] [1745223782.941577029] [agent_0.guidance]: ***AGENT 0 Score for task 0: 0.8701992321134826
[crazychoir_task_assignment_webots_planner-49] [INFO] [1745223782.942433901] [agent_8.planner]: Moving robot to position [ 1.6044298  -1.92615654]
[crazychoir_task_assignment_webots_planner-49] [INFO] [1745223782.942893409] [agent_8.planner]: Goal [1.6044298025407429, -1.926156539753215, 1.7] sent
[crazychoir_task_assignment_webots_guidance-12] [INFO] [1745223782.943992327] [agent_1.guidance]: AGENT 1 checking task Task(id=58, coordinates=array('d', [-0.5482392795006126, 2.662785035298273]), value=1, seq_num=58)
[crazychoir_task_assignment_webots_guidance-27] [INFO] [1745223782.944639657] [agent_4.guidance]: AGENT 4 Remaining tasks: [16, 27, 40, 55]
[crazychoir_task_assignment_webots_guidance-27] [INFO] [1745223782.945029951] [agent_4.guidance]: AGENT 4 Remaining tasks AFTER UPDATE: [27, 40, 55]
[crazychoir_task_assignment_webots_guidance-22] [INFO] [1745223782.945110593] [agent_3.guidance]: ***AGENT 3 Score for task 48: 0.9334933879823626
[crazychoir_task_assignment_webots_guidance-7] [INFO] [1745223782.945191256] [agent_0.guidance]: AGENT 0 checking task Task(id=5, coordinates=array('d', [1.6762975307625148, -1.8138895523984815]), value=1, seq_num=5)
[crazychoir_task_assignment_webots_guidance-27] [INFO] [1745223782.945352285] [agent_4.guidance]: AGENT 4 checking task Task(id=27, coordinates=array('d', [-0.013235312296165702, -1.905327572572759]), value=1, seq_num=27)
[crazychoir_task_assignment_webots_guidance-22] [INFO] [1745223782.945465071] [agent_3.guidance]: AGENT 3 checking task Task(id=52, coordinates=array('d', [2.877697572242912, 0.7414130364414833]), value=1, seq_num=52)
[crazychoir_task_assignment_webots_guidance-7] [INFO] [1745223782.945523133] [agent_0.guidance]: ***AGENT 0 Score for task 5: 0.8551412552311064
[crazychoir_task_assignment_webots_guidance-27] [INFO] [1745223782.945648771] [agent_4.guidance]: ***AGENT 4 Score for task 27: 0.9762792848761452
[crazychoir_task_assignment_webots_guidance-22] [INFO] [1745223782.945806912] [agent_3.guidance]: ***AGENT 3 Score for task 52: 0.7936979453203814
[crazychoir_task_assignment_webots_guidance-27] [INFO] [1745223782.945922441] [agent_4.guidance]: AGENT 4 checking task Task(id=40, coordinates=array('d', [-2.708795181482685, -2.341091291292936]), value=1, seq_num=40)
[crazychoir_task_assignment_webots_guidance-22] [INFO] [1745223782.946119361] [agent_3.guidance]: AGENT 3 checking task Task(id=54, coordinates=array('d', [1.0721124148739039, 1.956137202151317]), value=1, seq_num=54)
[crazychoir_task_assignment_webots_guidance-27] [INFO] [1745223782.946200545] [agent_4.guidance]: ***AGENT 4 Score for task 40: 0.8644852112237724
[crazychoir_task_assignment_webots_guidance-7] [INFO] [1745223782.946291595] [agent_0.guidance]: AGENT 0 checking task Task(id=6, coordinates=array('d', [2.1779594135953335, 2.9004040630518766]), value=1, seq_num=6)
[crazychoir_task_assignment_webots_guidance-27] [INFO] [1745223782.946456501] [agent_4.guidance]: AGENT 4 checking task Task(id=55, coordinates=array('d', [-0.915291979733666, -2.6467194350512613]), value=1, seq_num=55)
[crazychoir_task_assignment_webots_guidance-22] [INFO] [1745223782.946474009] [agent_3.guidance]: ***AGENT 3 Score for task 54: 0.8369937646098878
[crazychoir_task_assignment_webots_guidance-7] [INFO] [1745223782.946614592] [agent_0.guidance]: ***AGENT 0 Score for task 6: 0.861618864568114
[crazychoir_task_assignment_webots_guidance-27] [INFO] [1745223782.946766910] [agent_4.guidance]: ***AGENT 4 Score for task 55: 0.945792805804573
[crazychoir_task_assignment_webots_guidance-22] [INFO] [1745223782.946794447] [agent_3.guidance]: AGENT 3 ADDING Best task: 17 with score: 0.9562091160166916
[crazychoir_task_assignment_webots_guidance-7] [INFO] [1745223782.946882557] [agent_0.guidance]: AGENT 0 checking task Task(id=8, coordinates=array('d', [-2.9460834139946703, -0.6805723041382237]), value=1, seq_num=8)
[crazychoir_task_assignment_webots_guidance-27] [INFO] [1745223782.947019130] [agent_4.guidance]: AGENT 4 ADDING Best task: 27 with score: 0.9762792848761452
[crazychoir_task_assignment_webots_guidance-22] [INFO] [1745223782.947125593] [agent_3.guidance]: AGENT 3 Removing from remaining tasks: 17
[crazychoir_task_assignment_webots_guidance-7] [INFO] [1745223782.947156738] [agent_0.guidance]: ***AGENT 0 Score for task 8: 0.8382494265768958
[crazychoir_task_assignment_webots_guidance-27] [INFO] [1745223782.947262374] [agent_4.guidance]: AGENT 4 Removing from remaining tasks: 27
[crazychoir_task_assignment_webots_guidance-22] [INFO] [1745223782.947379483] [agent_3.guidance]: AGENT 3 Remaining tasks: [1, 7, 11, 17, 31, 35, 37, 48, 52, 54]
[crazychoir_task_assignment_webots_guidance-7] [INFO] [1745223782.947411370] [agent_0.guidance]: AGENT 0 checking task Task(id=10, coordinates=array('d', [-0.3831201187212141, 2.6938638406893762]), value=1, seq_num=10)
[crazychoir_task_assignment_webots_guidance-27] [INFO] [1745223782.947502239] [agent_4.guidance]: AGENT 4 Remaining tasks: [27, 40, 55]
[crazychoir_task_assignment_webots_guidance-22] [INFO] [1745223782.947668786] [agent_3.guidance]: AGENT 3 Remaining tasks AFTER UPDATE: [1, 7, 11, 31, 35, 37, 48, 52, 54]
[crazychoir_task_assignment_webots_guidance-7] [INFO] [1745223782.947681688] [agent_0.guidance]: ***AGENT 0 Score for task 10: 0.9051981075463429
[crazychoir_task_assignment_webots_guidance-27] [INFO] [1745223782.947742965] [agent_4.guidance]: AGENT 4 Remaining tasks AFTER UPDATE: [40, 55]
[crazychoir_task_assignment_webots_guidance-7] [INFO] [1745223782.947945751] [agent_0.guidance]: AGENT 0 checking task Task(id=12, coordinates=array('d', [-1.961007471024311, -2.550308477921358]), value=1, seq_num=12)
[crazychoir_task_assignment_webots_guidance-27] [INFO] [1745223782.947994134] [agent_4.guidance]: AGENT 4 checking task Task(id=40, coordinates=array('d', [-2.708795181482685, -2.341091291292936]), value=1, seq_num=40)
[crazychoir_task_assignment_webots_guidance-22] [INFO] [1745223782.948010512] [agent_3.guidance]: AGENT 3 checking task Task(id=1, coordinates=array('d', [2.8361061597893062, 1.2888959620461877]), value=1, seq_num=1)
[crazychoir_task_assignment_webots_guidance-7] [INFO] [1745223782.948214966] [agent_0.guidance]: ***AGENT 0 Score for task 12: 0.8153525380287202
[crazychoir_task_assignment_webots_guidance-27] [INFO] [1745223782.948263434] [agent_4.guidance]: ***AGENT 4 Score for task 40: 0.8693067846707155
[crazychoir_task_assignment_webots_guidance-22] [INFO] [1745223782.948334212] [agent_3.guidance]: ***AGENT 3 Score for task 1: 0.7741140800804082
[crazychoir_task_assignment_webots_guidance-7] [INFO] [1745223782.948466316] [agent_0.guidance]: AGENT 0 checking task Task(id=14, coordinates=array('d', [1.4002810050634196, -0.5493368390879114]), value=1, seq_num=14)
[crazychoir_task_assignment_webots_guidance-27] [INFO] [1745223782.948525706] [agent_4.guidance]: AGENT 4 checking task Task(id=55, coordinates=array('d', [-0.915291979733666, -2.6467194350512613]), value=1, seq_num=55)
[crazychoir_task_assignment_webots_guidance-22] [INFO] [1745223782.948742085] [agent_3.guidance]: AGENT 3 checking task Task(id=7, coordinates=array('d', [-2.0169465515718077, 0.584003663597155]), value=1, seq_num=7)
[crazychoir_task_assignment_webots_guidance-7] [INFO] [1745223782.948749308] [agent_0.guidance]: ***AGENT 0 Score for task 14: 0.9089644295114045
[crazychoir_task_assignment_webots_guidance-7] [INFO] [1745223782.949003390] [agent_0.guidance]: AGENT 0 checking task Task(id=15, coordinates=array('d', [0.16745294050752202, 2.625429503705652]), value=1, seq_num=15)
[crazychoir_task_assignment_webots_guidance-27] [INFO] [1745223782.949212515] [agent_4.guidance]: ***AGENT 4 Score for task 55: 0.9418664645701703
[crazychoir_task_assignment_webots_guidance-7] [INFO] [1745223782.949285620] [agent_0.guidance]: ***AGENT 0 Score for task 15: 0.9118111954075455
[crazychoir_task_assignment_webots_guidance-22] [INFO] [1745223782.949401194] [agent_3.guidance]: ***AGENT 3 Score for task 7: 0.9839926646174331
[crazychoir_task_assignment_webots_guidance-7] [INFO] [1745223782.949540795] [agent_0.guidance]: AGENT 0 checking task Task(id=19, coordinates=array('d', [-0.5910273384583626, 0.898830654116054]), value=1, seq_num=19)
[crazychoir_task_assignment_webots_guidance-27] [INFO] [1745223782.949625856] [agent_4.guidance]: AGENT 4 ADDING Best task: 55 with score: 0.9418664645701703
[crazychoir_task_assignment_webots_guidance-22] [INFO] [1745223782.949722597] [agent_3.guidance]: AGENT 3 checking task Task(id=11, coordinates=array('d', [1.7178359156103653, 2.1977357914901905]), value=1, seq_num=11)
[crazychoir_task_assignment_webots_guidance-7] [INFO] [1745223782.949806997] [agent_0.guidance]: ***AGENT 0 Score for task 19: 0.9627013248637248
[crazychoir_task_assignment_webots_guidance-12] [INFO] [1745223782.949869242] [agent_1.guidance]: ***AGENT 1 Score for task 58: 0.9533257269686624
[crazychoir_task_assignment_webots_guidance-27] [INFO] [1745223782.949877324] [agent_4.guidance]: AGENT 4 Removing from remaining tasks: 55
[crazychoir_task_assignment_webots_guidance-22] [INFO] [1745223782.950054470] [agent_3.guidance]: ***AGENT 3 Score for task 11: 0.804855362048445
[crazychoir_task_assignment_webots_guidance-7] [INFO] [1745223782.950057916] [agent_0.guidance]: AGENT 0 checking task Task(id=22, coordinates=array('d', [-0.7465453884747459, 0.015198355961606236]), value=1, seq_num=22)
[crazychoir_task_assignment_webots_guidance-27] [INFO] [1745223782.950122215] [agent_4.guidance]: AGENT 4 Remaining tasks: [40, 55]
[crazychoir_task_assignment_webots_guidance-12] [INFO] [1745223782.950248968] [agent_1.guidance]: AGENT 1 ADDING Best task: 42 with score: 0.9725717022196024
[crazychoir_task_assignment_webots_guidance-12] [INFO] [1745223782.950505726] [agent_1.guidance]: AGENT 1 Removing from remaining tasks: 42
[crazychoir_task_assignment_webots_guidance-7] [INFO] [1745223782.950326861] [agent_0.guidance]: ***AGENT 0 Score for task 22: 0.940018554885976
[crazychoir_task_assignment_webots_guidance-27] [INFO] [1745223782.950369964] [agent_4.guidance]: AGENT 4 Remaining tasks AFTER UPDATE: [40]
[crazychoir_task_assignment_webots_guidance-22] [INFO] [1745223782.950417289] [agent_3.guidance]: AGENT 3 checking task Task(id=31, coordinates=array('d', [-1.0129529814532636, 0.43283262163649194]), value=1, seq_num=31)
[crazychoir_task_assignment_webots_guidance-7] [INFO] [1745223782.950577552] [agent_0.guidance]: AGENT 0 checking task Task(id=26, coordinates=array('d', [0.8253424381124201, -1.8513215872862199]), value=1, seq_num=26)
[crazychoir_task_assignment_webots_guidance-27] [INFO] [1745223782.950628887] [agent_4.guidance]: AGENT 4 checking task Task(id=40, coordinates=array('d', [-2.708795181482685, -2.341091291292936]), value=1, seq_num=40)
[crazychoir_task_assignment_webots_guidance-12] [INFO] [1745223782.950760469] [agent_1.guidance]: AGENT 1 Remaining tasks: [20, 24, 39, 42, 46, 51, 58]
[crazychoir_task_assignment_webots_guidance-22] [INFO] [1745223782.950776153] [agent_3.guidance]: ***AGENT 3 Score for task 31: 0.9475561628375821
[crazychoir_task_assignment_webots_guidance-7] [INFO] [1745223782.950840551] [agent_0.guidance]: ***AGENT 0 Score for task 26: 0.867917711155462
[crazychoir_task_assignment_webots_guidance-27] [INFO] [1745223782.950906701] [agent_4.guidance]: ***AGENT 4 Score for task 40: 0.910901192508607
[crazychoir_task_assignment_webots_guidance-12] [INFO] [1745223782.951003378] [agent_1.guidance]: AGENT 1 Remaining tasks AFTER UPDATE: [20, 24, 39, 46, 51, 58]
[crazychoir_task_assignment_webots_guidance-22] [INFO] [1745223782.951085559] [agent_3.guidance]: AGENT 3 checking task Task(id=35, coordinates=array('d', [1.3955606915398064, 2.3679077539004325]), value=1, seq_num=35)
[crazychoir_task_assignment_webots_guidance-7] [INFO] [1745223782.951148850] [agent_0.guidance]: AGENT 0 checking task Task(id=28, coordinates=array('d', [2.510298234838576, -0.409067571952634]), value=1, seq_num=28)
[crazychoir_task_assignment_webots_guidance-27] [INFO] [1745223782.951153305] [agent_4.guidance]: AGENT 4 ADDING Best task: 40 with score: 0.910901192508607
[crazychoir_task_assignment_webots_guidance-27] [INFO] [1745223782.951394482] [agent_4.guidance]: AGENT 4 Removing from remaining tasks: 40
[crazychoir_task_assignment_webots_guidance-12] [INFO] [1745223782.951260549] [agent_1.guidance]: AGENT 1 checking task Task(id=20, coordinates=array('d', [-0.618599982589604, 0.7434966812893382]), value=1, seq_num=20)
[crazychoir_task_assignment_webots_guidance-7] [INFO] [1745223782.951419183] [agent_0.guidance]: ***AGENT 0 Score for task 28: 0.8721489618632626
[crazychoir_task_assignment_webots_guidance-22] [INFO] [1745223782.951434445] [agent_3.guidance]: ***AGENT 3 Score for task 35: 0.813090140888332
[crazychoir_task_assignment_webots_guidance-12] [INFO] [1745223782.951544785] [agent_1.guidance]: ***AGENT 1 Score for task 20: 0.9172129401307823
[crazychoir_task_assignment_webots_guidance-27] [INFO] [1745223782.951635839] [agent_4.guidance]: AGENT 4 Remaining tasks: [40]
[crazychoir_task_assignment_webots_guidance-7] [INFO] [1745223782.951671192] [agent_0.guidance]: AGENT 0 checking task Task(id=30, coordinates=array('d', [2.428005532460202, -0.5710486961345635]), value=1, seq_num=30)
[crazychoir_task_assignment_webots_guidance-22] [INFO] [1745223782.951739548] [agent_3.guidance]: AGENT 3 checking task Task(id=37, coordinates=array('d', [-2.6095931257031557, 0.24044837785683804]), value=1, seq_num=37)
[crazychoir_task_assignment_webots_guidance-12] [INFO] [1745223782.951796781] [agent_1.guidance]: AGENT 1 checking task Task(id=24, coordinates=array('d', [0.3284451776553512, 0.7495850643845863]), value=1, seq_num=24)
[crazychoir_task_assignment_webots_guidance-27] [INFO] [1745223782.951877157] [agent_4.guidance]: AGENT 4 Remaining tasks AFTER UPDATE: []
[crazychoir_task_assignment_webots_guidance-7] [INFO] [1745223782.951935916] [agent_0.guidance]: ***AGENT 0 Score for task 30: 0.8717809405202436
[crazychoir_task_assignment_webots_guidance-22] [INFO] [1745223782.952057654] [agent_3.guidance]: ***AGENT 3 Score for task 37: 0.9716953517019543
[crazychoir_task_assignment_webots_guidance-12] [INFO] [1745223782.952060954] [agent_1.guidance]: ***AGENT 1 Score for task 24: 0.9346986523120353
[crazychoir_task_assignment_webots_guidance-27] [INFO] [1745223782.952122495] [agent_4.guidance]: AGENT 4 get_result: PATH AFTER UPDATE: [23, 2, 34, 13, 33, 16, 27, 55, 40]
[crazychoir_task_assignment_webots_guidance-7] [INFO] [1745223782.952187246] [agent_0.guidance]: AGENT 0 checking task Task(id=32, coordinates=array('d', [2.07266189456468, 2.1660858705184314]), value=1, seq_num=32)
[crazychoir_task_assignment_webots_guidance-12] [INFO] [1745223782.952318007] [agent_1.guidance]: AGENT 1 checking task Task(id=39, coordinates=array('d', [-0.8180979177309728, 1.606548205984474]), value=1, seq_num=39)
[crazychoir_task_assignment_webots_guidance-22] [INFO] [1745223782.952362133] [agent_3.guidance]: AGENT 3 checking task Task(id=48, coordinates=array('d', [-0.1642721450053619, -0.6433129510672204]), value=1, seq_num=48)
[crazychoir_task_assignment_webots_guidance-27] [INFO] [1745223782.952374580] [agent_4.guidance]: AGENT 4 get_result: TASK 23 FOUND IN TASK MAP. NOW ADDING
[crazychoir_task_assignment_webots_guidance-7] [INFO] [1745223782.952451980] [agent_0.guidance]: ***AGENT 0 Score for task 32: 0.8865911267692428
[crazychoir_task_assignment_webots_guidance-27] [INFO] [1745223782.952624901] [agent_4.guidance]: AGENT 4 get_result: TASK 2 FOUND IN TASK MAP. NOW ADDING
[crazychoir_task_assignment_webots_guidance-27] [INFO] [1745223782.953591015] [agent_4.guidance]: AGENT 4 get_result: TASK 34 FOUND IN TASK MAP. NOW ADDING
[crazychoir_task_assignment_webots_guidance-22] [INFO] [1745223782.952701485] [agent_3.guidance]: ***AGENT 3 Score for task 48: 0.8980492429188528
[crazychoir_task_assignment_webots_guidance-22] [INFO] [1745223782.953111633] [agent_3.guidance]: AGENT 3 checking task Task(id=52, coordinates=array('d', [2.877697572242912, 0.7414130364414833]), value=1, seq_num=52)
[crazychoir_task_assignment_webots_guidance-22] [INFO] [1745223782.953407347] [agent_3.guidance]: ***AGENT 3 Score for task 52: 0.7757386773902905
[crazychoir_task_assignment_webots_guidance-7] [INFO] [1745223782.952710914] [agent_0.guidance]: AGENT 0 checking task Task(id=36, coordinates=array('d', [0.0884038254788706, 0.6213810621612383]), value=1, seq_num=36)
[crazychoir_task_assignment_webots_guidance-12] [INFO] [1745223782.956168708] [agent_1.guidance]: ***AGENT 1 Score for task 39: 0.9341246933689732
[crazychoir_task_assignment_webots_guidance-22] [INFO] [1745223782.956289502] [agent_3.guidance]: AGENT 3 checking task Task(id=54, coordinates=array('d', [1.0721124148739039, 1.956137202151317]), value=1, seq_num=54)
[crazychoir_task_assignment_webots_guidance-12] [INFO] [1745223782.956518218] [agent_1.guidance]: AGENT 1 checking task Task(id=46, coordinates=array('d', [-0.8126809480454651, 2.1946494956645957]), value=1, seq_num=46)
[crazychoir_task_assignment_webots_guidance-27] [INFO] [1745223782.956553276] [agent_4.guidance]: AGENT 4 get_result: TASK 13 FOUND IN TASK MAP. NOW ADDING
[crazychoir_task_assignment_webots_guidance-7] [INFO] [1745223782.956629818] [agent_0.guidance]: ***AGENT 0 Score for task 36: 0.9891664529314261
[crazychoir_task_assignment_webots_guidance-22] [INFO] [1745223782.956676254] [agent_3.guidance]: ***AGENT 3 Score for task 54: 0.8335966131936843
[crazychoir_task_assignment_webots_guidance-12] [INFO] [1745223782.956821022] [agent_1.guidance]: ***AGENT 1 Score for task 46: 0.9379165866762494
[crazychoir_task_assignment_webots_guidance-27] [INFO] [1745223782.956846186] [agent_4.guidance]: AGENT 4 get_result: TASK 33 FOUND IN TASK MAP. NOW ADDING
[crazychoir_task_assignment_webots_guidance-7] [INFO] [1745223782.956928698] [agent_0.guidance]: AGENT 0 checking task Task(id=38, coordinates=array('d', [-2.224879297977374, 0.6873770781019921]), value=1, seq_num=38)
[crazychoir_task_assignment_webots_guidance-22] [INFO] [1745223782.956983297] [agent_3.guidance]: AGENT 3 ADDING Best task: 7 with score: 0.9839926646174331
[crazychoir_task_assignment_webots_guidance-12] [INFO] [1745223782.957080214] [agent_1.guidance]: AGENT 1 checking task Task(id=51, coordinates=array('d', [-0.485795792686198, 2.414531135256845]), value=1, seq_num=51)
[crazychoir_task_assignment_webots_guidance-7] [INFO] [1745223782.957218492] [agent_0.guidance]: ***AGENT 0 Score for task 38: 0.8852912200477989
[crazychoir_task_assignment_webots_guidance-27] [INFO] [1745223782.957261210] [agent_4.guidance]: AGENT 4 get_result: TASK 16 FOUND IN TASK MAP. NOW ADDING
[crazychoir_task_assignment_webots_guidance-22] [INFO] [1745223782.957281736] [agent_3.guidance]: AGENT 3 Removing from remaining tasks: 7
[crazychoir_task_assignment_webots_guidance-12] [INFO] [1745223782.957369683] [agent_1.guidance]: ***AGENT 1 Score for task 51: 0.9509225505427912
[crazychoir_task_assignment_webots_guidance-7] [INFO] [1745223782.957474208] [agent_0.guidance]: AGENT 0 checking task Task(id=44, coordinates=array('d', [0.06146177576964007, 2.5603241594415067]), value=1, seq_num=44)
[crazychoir_task_assignment_webots_guidance-27] [INFO] [1745223782.957534176] [agent_4.guidance]: AGENT 4 get_result: TASK 27 FOUND IN TASK MAP. NOW ADDING
[crazychoir_task_assignment_webots_guidance-22] [INFO] [1745223782.957614939] [agent_3.guidance]: AGENT 3 Remaining tasks: [1, 7, 11, 31, 35, 37, 48, 52, 54]
[crazychoir_task_assignment_webots_guidance-12] [INFO] [1745223782.957677510] [agent_1.guidance]: AGENT 1 checking task Task(id=58, coordinates=array('d', [-0.5482392795006126, 2.662785035298273]), value=1, seq_num=58)
[crazychoir_task_assignment_webots_guidance-7] [INFO] [1745223782.957746628] [agent_0.guidance]: ***AGENT 0 Score for task 44: 0.9147694370575207
[crazychoir_task_assignment_webots_guidance-27] [INFO] [1745223782.957780548] [agent_4.guidance]: AGENT 4 get_result: TASK 55 FOUND IN TASK MAP. NOW ADDING
[crazychoir_task_assignment_webots_guidance-22] [INFO] [1745223782.957912403] [agent_3.guidance]: AGENT 3 Remaining tasks AFTER UPDATE: [1, 11, 31, 35, 37, 48, 52, 54]
[crazychoir_task_assignment_webots_guidance-12] [INFO] [1745223782.957956815] [agent_1.guidance]: ***AGENT 1 Score for task 58: 0.9428280403582785
[crazychoir_task_assignment_webots_guidance-27] [INFO] [1745223782.958023930] [agent_4.guidance]: AGENT 4 get_result: TASK 40 FOUND IN TASK MAP. NOW ADDING
[crazychoir_task_assignment_webots_guidance-7] [INFO] [1745223782.958048354] [agent_0.guidance]: AGENT 0 checking task Task(id=45, coordinates=array('d', [1.0015666292377556, -2.107638963395658]), value=1, seq_num=45)
[crazychoir_task_assignment_webots_guidance-12] [INFO] [1745223782.958206982] [agent_1.guidance]: AGENT 1 ADDING Best task: 51 with score: 0.9509225505427912
[crazychoir_task_assignment_webots_guidance-12] [INFO] [1745223782.958452250] [agent_1.guidance]: AGENT 1 Removing from remaining tasks: 51
[crazychoir_task_assignment_webots_guidance-22] [INFO] [1745223782.958220080] [agent_3.guidance]: AGENT 3 checking task Task(id=1, coordinates=array('d', [2.8361061597893062, 1.2888959620461877]), value=1, seq_num=1)
[crazychoir_task_assignment_webots_guidance-27] [WARN] [1745223782.958319649] [agent_4.guidance]: AGENT 4 get_result: FINAL ASSIGNED TASKS: [23, 2, 34, 13, 33, 16, 27, 55, 40] NOW EXITING
[crazychoir_task_assignment_webots_guidance-7] [INFO] [1745223782.958322170] [agent_0.guidance]: ***AGENT 0 Score for task 45: 0.8549417387419451
[crazychoir_task_assignment_webots_guidance-22] [INFO] [1745223782.958569658] [agent_3.guidance]: ***AGENT 3 Score for task 1: 0.7776014559473894
[crazychoir_task_assignment_webots_guidance-27] [INFO] [1745223782.958574190] [agent_4.guidance]: AGENT 4 Optimization result: [23, 2, 34, 13, 33, 16, 27, 55, 40]
[crazychoir_task_assignment_webots_guidance-7] [INFO] [1745223782.958581479] [agent_0.guidance]: AGENT 0 checking task Task(id=47, coordinates=array('d', [-0.898288734866906, -1.865845443263071]), value=1, seq_num=47)
[crazychoir_task_assignment_webots_guidance-12] [INFO] [1745223782.958696353] [agent_1.guidance]: AGENT 1 Remaining tasks: [20, 24, 39, 46, 51, 58]
[crazychoir_task_assignment_webots_guidance-27] [INFO] [1745223782.958840755] [agent_4.guidance]: AGENT 4 task queue: [23, 2, 34, 13, 33, 16, 27, 55, 40]
[crazychoir_task_assignment_webots_guidance-7] [INFO] [1745223782.958847879] [agent_0.guidance]: ***AGENT 0 Score for task 47: 0.8623522621326146
[crazychoir_task_assignment_webots_guidance-22] [INFO] [1745223782.958874877] [agent_3.guidance]: AGENT 3 checking task Task(id=11, coordinates=array('d', [1.7178359156103653, 2.1977357914901905]), value=1, seq_num=11)
[crazychoir_task_assignment_webots_guidance-12] [INFO] [1745223782.958940712] [agent_1.guidance]: AGENT 1 Remaining tasks AFTER UPDATE: [20, 24, 39, 46, 58]
[crazychoir_task_assignment_webots_guidance-7] [INFO] [1745223782.959100214] [agent_0.guidance]: AGENT 0 checking task Task(id=49, coordinates=array('d', [0.713579559864562, -0.3794022483629207]), value=1, seq_num=49)
[crazychoir_task_assignment_webots_guidance-7] [INFO] [1745223782.959364597] [agent_0.guidance]: ***AGENT 0 Score for task 49: 0.9339659100672755
[crazychoir_task_assignment_webots_guidance-12] [INFO] [1745223782.959196350] [agent_1.guidance]: AGENT 1 checking task Task(id=20, coordinates=array('d', [-0.618599982589604, 0.7434966812893382]), value=1, seq_num=20)
[crazychoir_task_assignment_webots_guidance-22] [INFO] [1745223782.959303589] [agent_3.guidance]: ***AGENT 3 Score for task 11: 0.8116492296270428
[crazychoir_task_assignment_webots_guidance-12] [INFO] [1745223782.959470558] [agent_1.guidance]: ***AGENT 1 Score for task 20: 0.9176097167284919
[crazychoir_task_assignment_webots_guidance-22] [INFO] [1745223782.959572815] [agent_3.guidance]: AGENT 3 checking task Task(id=31, coordinates=array('d', [-1.0129529814532636, 0.43283262163649194]), value=1, seq_num=31)
[crazychoir_task_assignment_webots_guidance-7] [INFO] [1745223782.959616461] [agent_0.guidance]: AGENT 0 checking task Task(id=50, coordinates=array('d', [-1.4344670562330268, -0.525166730023459]), value=1, seq_num=50)
[crazychoir_task_assignment_webots_guidance-27] [WARN] [1745223782.959644838] [agent_4.guidance]: ********AGENT 4 Entered start_new_task******
[crazychoir_task_assignment_webots_guidance-12] [INFO] [1745223782.959724488] [agent_1.guidance]: AGENT 1 checking task Task(id=24, coordinates=array('d', [0.3284451776553512, 0.7495850643845863]), value=1, seq_num=24)
[crazychoir_task_assignment_webots_guidance-7] [INFO] [1745223782.959886801] [agent_0.guidance]: ***AGENT 0 Score for task 50: 0.8988313142364055
[crazychoir_task_assignment_webots_guidance-27] [INFO] [1745223782.959910131] [agent_4.guidance]: Got new task (seq_num 23) - starting execution
[crazychoir_task_assignment_webots_guidance-22] [INFO] [1745223782.959929431] [agent_3.guidance]: ***AGENT 3 Score for task 31: 0.9492542245241873
[crazychoir_task_assignment_webots_guidance-12] [INFO] [1745223782.959995354] [agent_1.guidance]: ***AGENT 1 Score for task 24: 0.9093127430369712
[crazychoir_task_assignment_webots_guidance-12] [INFO] [1745223782.960248952] [agent_1.guidance]: AGENT 1 checking task Task(id=39, coordinates=array('d', [-0.8180979177309728, 1.606548205984474]), value=1, seq_num=39)
[crazychoir_task_assignment_webots_guidance-7] [INFO] [1745223782.960206216] [agent_0.guidance]: AGENT 0 checking task Task(id=56, coordinates=array('d', [0.6709308987317524, -2.255912290120368]), value=1, seq_num=56)
[crazychoir_task_assignment_webots_guidance-7] [INFO] [1745223782.960496030] [agent_0.guidance]: ***AGENT 0 Score for task 56: 0.8518563896203747
[crazychoir_task_assignment_webots_guidance-12] [INFO] [1745223782.960525266] [agent_1.guidance]: ***AGENT 1 Score for task 39: 0.9561769465529331
[crazychoir_task_assignment_webots_guidance-7] [INFO] [1745223782.960765211] [agent_0.guidance]: AGENT 0 checking task Task(id=57, coordinates=array('d', [1.557177174979988, 1.7665399054598527]), value=1, seq_num=57)
[crazychoir_task_assignment_webots_guidance-7] [INFO] [1745223782.961072921] [agent_0.guidance]: ***AGENT 0 Score for task 57: 0.9166961603372497
[crazychoir_task_assignment_webots_guidance-12] [INFO] [1745223782.960782546] [agent_1.guidance]: AGENT 1 checking task Task(id=46, coordinates=array('d', [-0.8126809480454651, 2.1946494956645957]), value=1, seq_num=46)
[crazychoir_task_assignment_webots_guidance-12] [INFO] [1745223782.961054355] [agent_1.guidance]: ***AGENT 1 Score for task 46: 0.9799954655641219
[crazychoir_task_assignment_webots_guidance-12] [INFO] [1745223782.961310239] [agent_1.guidance]: AGENT 1 checking task Task(id=58, coordinates=array('d', [-0.5482392795006126, 2.662785035298273]), value=1, seq_num=58)
[crazychoir_task_assignment_webots_guidance-12] [INFO] [1745223782.961599609] [agent_1.guidance]: ***AGENT 1 Score for task 58: 0.9869554267553451
[crazychoir_task_assignment_webots_planner-29] [INFO] [1745223782.961369769] [agent_4.planner]: Moving robot to position [ 1.12000248 -1.47792211]
[crazychoir_task_assignment_webots_guidance-7] [INFO] [1745223782.961379938] [agent_0.guidance]: AGENT 0 checking task Task(id=59, coordinates=array('d', [-1.9573212374683449, 2.6555150983618816]), value=1, seq_num=59)
[crazychoir_task_assignment_webots_guidance-7] [INFO] [1745223782.961652849] [agent_0.guidance]: ***AGENT 0 Score for task 59: 0.866739825052536
[crazychoir_task_assignment_webots_planner-29] [INFO] [1745223782.961790942] [agent_4.planner]: Goal [1.1200024794980745, -1.477922108031701, 1.1] sent
[crazychoir_task_assignment_webots_guidance-7] [INFO] [1745223782.961900882] [agent_0.guidance]: AGENT 0 ADDING Best task: 36 with score: 0.9891664529314261
[crazychoir_task_assignment_webots_guidance-12] [INFO] [1745223782.961950938] [agent_1.guidance]: AGENT 1 ADDING Best task: 58 with score: 0.9869554267553451
[crazychoir_task_assignment_webots_guidance-12] [INFO] [1745223782.964784503] [agent_1.guidance]: AGENT 1 Removing from remaining tasks: 58
[crazychoir_task_assignment_webots_guidance-22] [INFO] [1745223782.964627844] [agent_3.guidance]: AGENT 3 checking task Task(id=35, coordinates=array('d', [1.3955606915398064, 2.3679077539004325]), value=1, seq_num=35)
[crazychoir_task_assignment_webots_guidance-12] [INFO] [1745223782.965085056] [agent_1.guidance]: AGENT 1 Remaining tasks: [20, 24, 39, 46, 58]
[crazychoir_task_assignment_webots_guidance-12] [INFO] [1745223782.965338209] [agent_1.guidance]: AGENT 1 Remaining tasks AFTER UPDATE: [20, 24, 39, 46]
[crazychoir_task_assignment_webots_guidance-22] [INFO] [1745223782.965085676] [agent_3.guidance]: ***AGENT 3 Score for task 35: 0.8207697843253199
[crazychoir_task_assignment_webots_guidance-22] [INFO] [1745223782.965371438] [agent_3.guidance]: AGENT 3 checking task Task(id=37, coordinates=array('d', [-2.6095931257031557, 0.24044837785683804]), value=1, seq_num=37)
[crazychoir_task_assignment_webots_guidance-12] [INFO] [1745223782.965637741] [agent_1.guidance]: AGENT 1 checking task Task(id=20, coordinates=array('d', [-0.618599982589604, 0.7434966812893382]), value=1, seq_num=20)
[crazychoir_task_assignment_webots_guidance-12] [INFO] [1745223782.965929384] [agent_1.guidance]: ***AGENT 1 Score for task 20: 0.9061841355004316
[crazychoir_task_assignment_webots_guidance-22] [INFO] [1745223782.965667198] [agent_3.guidance]: ***AGENT 3 Score for task 37: 0.9654729207355084
[crazychoir_task_assignment_webots_guidance-22] [INFO] [1745223782.965971001] [agent_3.guidance]: AGENT 3 checking task Task(id=48, coordinates=array('d', [-0.1642721450053619, -0.6433129510672204]), value=1, seq_num=48)
[crazychoir_task_assignment_webots_guidance-7] [INFO] [1745223782.965820006] [agent_0.guidance]: AGENT 0 Removing from remaining tasks: 36
[crazychoir_task_assignment_webots_guidance-7] [INFO] [1745223782.966109361] [agent_0.guidance]: AGENT 0 Remaining tasks: [0, 5, 6, 8, 10, 12, 14, 15, 19, 22, 26, 28, 30, 32, 36, 38, 44, 45, 47, 49, 50, 56, 57, 59]
[crazychoir_task_assignment_webots_guidance-7] [INFO] [1745223782.966362189] [agent_0.guidance]: AGENT 0 Remaining tasks AFTER UPDATE: [0, 5, 6, 8, 10, 12, 14, 15, 19, 22, 26, 28, 30, 32, 38, 44, 45, 47, 49, 50, 56, 57, 59]
[crazychoir_task_assignment_webots_guidance-12] [INFO] [1745223782.966181252] [agent_1.guidance]: AGENT 1 checking task Task(id=24, coordinates=array('d', [0.3284451776553512, 0.7495850643845863]), value=1, seq_num=24)
[crazychoir_task_assignment_webots_guidance-12] [INFO] [1745223782.966460048] [agent_1.guidance]: ***AGENT 1 Score for task 24: 0.8976755217994393
[crazychoir_task_assignment_webots_guidance-22] [INFO] [1745223782.966256677] [agent_3.guidance]: ***AGENT 3 Score for task 48: 0.8922667526357552
[crazychoir_task_assignment_webots_guidance-22] [INFO] [1745223782.966517788] [agent_3.guidance]: AGENT 3 checking task Task(id=52, coordinates=array('d', [2.877697572242912, 0.7414130364414833]), value=1, seq_num=52)
[crazychoir_task_assignment_webots_guidance-7] [INFO] [1745223782.966621078] [agent_0.guidance]: AGENT 0 checking task Task(id=0, coordinates=array('d', [2.8021790340820605, 0.28339349505433375]), value=1, seq_num=0)
[crazychoir_task_assignment_webots_guidance-12] [INFO] [1745223782.966712185] [agent_1.guidance]: AGENT 1 checking task Task(id=39, coordinates=array('d', [-0.8180979177309728, 1.606548205984474]), value=1, seq_num=39)
[crazychoir_task_assignment_webots_guidance-7] [INFO] [1745223782.966901544] [agent_0.guidance]: ***AGENT 0 Score for task 0: 0.8691201467475591
[crazychoir_task_assignment_webots_guidance-7] [INFO] [1745223782.967155437] [agent_0.guidance]: AGENT 0 checking task Task(id=5, coordinates=array('d', [1.6762975307625148, -1.8138895523984815]), value=1, seq_num=5)
[crazychoir_task_assignment_webots_guidance-12] [INFO] [1745223782.966973548] [agent_1.guidance]: ***AGENT 1 Score for task 39: 0.94561652301007
[crazychoir_task_assignment_webots_guidance-12] [INFO] [1745223782.967222051] [agent_1.guidance]: AGENT 1 checking task Task(id=46, coordinates=array('d', [-0.8126809480454651, 2.1946494956645957]), value=1, seq_num=46)
[crazychoir_task_assignment_webots_guidance-22] [INFO] [1745223782.967367665] [agent_3.guidance]: ***AGENT 3 Score for task 52: 0.7778728367287051
[crazychoir_task_assignment_webots_guidance-7] [INFO] [1745223782.967429027] [agent_0.guidance]: ***AGENT 0 Score for task 5: 0.8614648034315191
[crazychoir_task_assignment_webots_guidance-12] [INFO] [1745223782.967483656] [agent_1.guidance]: ***AGENT 1 Score for task 46: 0.9727983652318862
[crazychoir_task_assignment_webots_guidance-22] [INFO] [1745223782.967646418] [agent_3.guidance]: AGENT 3 checking task Task(id=54, coordinates=array('d', [1.0721124148739039, 1.956137202151317]), value=1, seq_num=54)
[crazychoir_task_assignment_webots_guidance-7] [INFO] [1745223782.967680940] [agent_0.guidance]: AGENT 0 checking task Task(id=6, coordinates=array('d', [2.1779594135953335, 2.9004040630518766]), value=1, seq_num=6)
[crazychoir_task_assignment_webots_guidance-12] [INFO] [1745223782.967745078] [agent_1.guidance]: AGENT 1 ADDING Best task: 46 with score: 0.9727983652318862
[crazychoir_task_assignment_webots_guidance-22] [INFO] [1745223782.967927388] [agent_3.guidance]: ***AGENT 3 Score for task 54: 0.8408212729854574
[crazychoir_task_assignment_webots_guidance-7] [INFO] [1745223782.967946078] [agent_0.guidance]: ***AGENT 0 Score for task 6: 0.8533405439980848
[crazychoir_task_assignment_webots_guidance-12] [INFO] [1745223782.967985542] [agent_1.guidance]: AGENT 1 Removing from remaining tasks: 46
[crazychoir_task_assignment_webots_guidance-7] [INFO] [1745223782.968196595] [agent_0.guidance]: AGENT 0 checking task Task(id=8, coordinates=array('d', [-2.9460834139946703, -0.6805723041382237]), value=1, seq_num=8)
[crazychoir_task_assignment_webots_guidance-12] [INFO] [1745223782.968223238] [agent_1.guidance]: AGENT 1 Remaining tasks: [20, 24, 39, 46]
[crazychoir_task_assignment_webots_guidance-22] [INFO] [1745223782.968303944] [agent_3.guidance]: AGENT 3 ADDING Best task: 37 with score: 0.9654729207355084
[crazychoir_task_assignment_webots_guidance-7] [INFO] [1745223782.968463177] [agent_0.guidance]: ***AGENT 0 Score for task 8: 0.8441961627482676
[crazychoir_task_assignment_webots_guidance-12] [INFO] [1745223782.968521784] [agent_1.guidance]: AGENT 1 Remaining tasks AFTER UPDATE: [20, 24, 39]
[crazychoir_task_assignment_webots_guidance-22] [INFO] [1745223782.968572163] [agent_3.guidance]: AGENT 3 Removing from remaining tasks: 37
[crazychoir_task_assignment_webots_guidance-7] [INFO] [1745223782.968722078] [agent_0.guidance]: AGENT 0 checking task Task(id=10, coordinates=array('d', [-0.3831201187212141, 2.6938638406893762]), value=1, seq_num=10)
[crazychoir_task_assignment_webots_guidance-12] [INFO] [1745223782.968793590] [agent_1.guidance]: AGENT 1 checking task Task(id=20, coordinates=array('d', [-0.618599982589604, 0.7434966812893382]), value=1, seq_num=20)
[crazychoir_task_assignment_webots_guidance-22] [INFO] [1745223782.968825678] [agent_3.guidance]: AGENT 3 Remaining tasks: [1, 11, 31, 35, 37, 48, 52, 54]
[crazychoir_task_assignment_webots_guidance-7] [INFO] [1745223782.968988364] [agent_0.guidance]: ***AGENT 0 Score for task 10: 0.896711482969712
[crazychoir_task_assignment_webots_guidance-12] [INFO] [1745223782.969065032] [agent_1.guidance]: ***AGENT 1 Score for task 20: 0.9276533462569381
[crazychoir_task_assignment_webots_guidance-22] [INFO] [1745223782.969075465] [agent_3.guidance]: AGENT 3 Remaining tasks AFTER UPDATE: [1, 11, 31, 35, 48, 52, 54]
[crazychoir_task_assignment_webots_guidance-7] [INFO] [1745223782.969239339] [agent_0.guidance]: AGENT 0 checking task Task(id=12, coordinates=array('d', [-1.961007471024311, -2.550308477921358]), value=1, seq_num=12)
[crazychoir_task_assignment_webots_guidance-12] [INFO] [1745223782.969313036] [agent_1.guidance]: AGENT 1 checking task Task(id=24, coordinates=array('d', [0.3284451776553512, 0.7495850643845863]), value=1, seq_num=24)
[crazychoir_task_assignment_webots_guidance-22] [INFO] [1745223782.969379015] [agent_3.guidance]: AGENT 3 checking task Task(id=1, coordinates=array('d', [2.8361061597893062, 1.2888959620461877]), value=1, seq_num=1)
[crazychoir_task_assignment_webots_guidance-7] [INFO] [1745223782.969503656] [agent_0.guidance]: ***AGENT 0 Score for task 12: 0.8239101152005259
[crazychoir_task_assignment_webots_guidance-12] [INFO] [1745223782.969574342] [agent_1.guidance]: ***AGENT 1 Score for task 24: 0.9098766261394762
[crazychoir_task_assignment_webots_guidance-22] [INFO] [1745223782.969662573] [agent_3.guidance]: ***AGENT 3 Score for task 1: 0.7524222123739578
[crazychoir_task_assignment_webots_guidance-7] [INFO] [1745223782.969753195] [agent_0.guidance]: AGENT 0 checking task Task(id=14, coordinates=array('d', [1.4002810050634196, -0.5493368390879114]), value=1, seq_num=14)
[crazychoir_task_assignment_webots_guidance-12] [INFO] [1745223782.969842978] [agent_1.guidance]: AGENT 1 checking task Task(id=39, coordinates=array('d', [-0.8180979177309728, 1.606548205984474]), value=1, seq_num=39)
[crazychoir_task_assignment_webots_guidance-12] [INFO] [1745223782.970107356] [agent_1.guidance]: ***AGENT 1 Score for task 39: 0.9702835484570402
[crazychoir_task_assignment_webots_guidance-22] [INFO] [1745223782.969921021] [agent_3.guidance]: AGENT 3 checking task Task(id=11, coordinates=array('d', [1.7178359156103653, 2.1977357914901905]), value=1, seq_num=11)
[crazychoir_task_assignment_webots_guidance-7] [INFO] [1745223782.970022751] [agent_0.guidance]: ***AGENT 0 Score for task 14: 0.9137586923013726
[crazychoir_task_assignment_webots_guidance-22] [INFO] [1745223782.970195735] [agent_3.guidance]: ***AGENT 3 Score for task 11: 0.7837879419323782
[crazychoir_task_assignment_webots_guidance-22] [INFO] [1745223782.970452787] [agent_3.guidance]: AGENT 3 checking task Task(id=31, coordinates=array('d', [-1.0129529814532636, 0.43283262163649194]), value=1, seq_num=31)
[crazychoir_task_assignment_webots_guidance-22] [INFO] [1745223782.970725270] [agent_3.guidance]: ***AGENT 3 Score for task 31: 0.9208212857726242
[crazychoir_task_assignment_webots_guidance-22] [INFO] [1745223782.970983906] [agent_3.guidance]: AGENT 3 checking task Task(id=35, coordinates=array('d', [1.3955606915398064, 2.3679077539004325]), value=1, seq_num=35)
[crazychoir_task_assignment_webots_guidance-7] [INFO] [1745223782.970273671] [agent_0.guidance]: AGENT 0 checking task Task(id=15, coordinates=array('d', [0.16745294050752202, 2.625429503705652]), value=1, seq_num=15)
[crazychoir_task_assignment_webots_guidance-7] [INFO] [1745223782.970536198] [agent_0.guidance]: ***AGENT 0 Score for task 15: 0.902240482963367
[crazychoir_task_assignment_webots_guidance-7] [INFO] [1745223782.970786869] [agent_0.guidance]: AGENT 0 checking task Task(id=19, coordinates=array('d', [-0.5910273384583626, 0.898830654116054]), value=1, seq_num=19)
[crazychoir_task_assignment_webots_guidance-7] [INFO] [1745223782.971060636] [agent_0.guidance]: ***AGENT 0 Score for task 19: 0.96305572672686
[crazychoir_task_assignment_webots_guidance-12] [INFO] [1745223782.970350466] [agent_1.guidance]: AGENT 1 ADDING Best task: 39 with score: 0.9702835484570402
[crazychoir_task_assignment_webots_guidance-12] [INFO] [1745223782.970589445] [agent_1.guidance]: AGENT 1 Removing from remaining tasks: 39
[crazychoir_task_assignment_webots_guidance-12] [INFO] [1745223782.970838644] [agent_1.guidance]: AGENT 1 Remaining tasks: [20, 24, 39]
[crazychoir_task_assignment_webots_guidance-12] [INFO] [1745223782.971078338] [agent_1.guidance]: AGENT 1 Remaining tasks AFTER UPDATE: [20, 24]
[crazychoir_task_assignment_webots_guidance-22] [INFO] [1745223782.971252421] [agent_3.guidance]: ***AGENT 3 Score for task 35: 0.7924535409189104
[crazychoir_task_assignment_webots_guidance-22] [INFO] [1745223782.971511469] [agent_3.guidance]: AGENT 3 checking task Task(id=48, coordinates=array('d', [-0.1642721450053619, -0.6433129510672204]), value=1, seq_num=48)
[crazychoir_task_assignment_webots_guidance-22] [INFO] [1745223782.971781298] [agent_3.guidance]: ***AGENT 3 Score for task 48: 0.8751423084152387
[crazychoir_task_assignment_webots_guidance-7] [INFO] [1745223782.971311534] [agent_0.guidance]: AGENT 0 checking task Task(id=22, coordinates=array('d', [-0.7465453884747459, 0.015198355961606236]), value=1, seq_num=22)
[crazychoir_task_assignment_webots_guidance-7] [INFO] [1745223782.971576056] [agent_0.guidance]: ***AGENT 0 Score for task 22: 0.9484520127362308
[crazychoir_task_assignment_webots_guidance-7] [INFO] [1745223782.971826996] [agent_0.guidance]: AGENT 0 checking task Task(id=26, coordinates=array('d', [0.8253424381124201, -1.8513215872862199]), value=1, seq_num=26)
[crazychoir_task_assignment_webots_guidance-12] [INFO] [1745223782.971325274] [agent_1.guidance]: AGENT 1 checking task Task(id=20, coordinates=array('d', [-0.618599982589604, 0.7434966812893382]), value=1, seq_num=20)
[crazychoir_task_assignment_webots_guidance-12] [INFO] [1745223782.971588155] [agent_1.guidance]: ***AGENT 1 Score for task 20: 0.9555807049202674
[crazychoir_task_assignment_webots_guidance-12] [INFO] [1745223782.971850803] [agent_1.guidance]: AGENT 1 checking task Task(id=24, coordinates=array('d', [0.3284451776553512, 0.7495850643845863]), value=1, seq_num=24)
[crazychoir_task_assignment_webots_guidance-22] [INFO] [1745223782.972049843] [agent_3.guidance]: AGENT 3 checking task Task(id=52, coordinates=array('d', [2.877697572242912, 0.7414130364414833]), value=1, seq_num=52)
[crazychoir_task_assignment_webots_guidance-7] [INFO] [1745223782.972090125] [agent_0.guidance]: ***AGENT 0 Score for task 26: 0.8760378224922657
[crazychoir_task_assignment_webots_guidance-22] [INFO] [1745223782.972326081] [agent_3.guidance]: ***AGENT 3 Score for task 52: 0.7537973204374367
[crazychoir_task_assignment_webots_guidance-7] [INFO] [1745223782.972340439] [agent_0.guidance]: AGENT 0 checking task Task(id=28, coordinates=array('d', [2.510298234838576, -0.409067571952634]), value=1, seq_num=28)
[crazychoir_task_assignment_webots_guidance-12] [INFO] [1745223782.975240698] [agent_1.guidance]: ***AGENT 1 Score for task 24: 0.9292086630204122
[crazychoir_task_assignment_webots_guidance-12] [INFO] [1745223782.975545405] [agent_1.guidance]: AGENT 1 ADDING Best task: 20 with score: 0.9555807049202674
[crazychoir_task_assignment_webots_guidance-12] [INFO] [1745223782.975795626] [agent_1.guidance]: AGENT 1 Removing from remaining tasks: 20
[crazychoir_task_assignment_webots_guidance-12] [INFO] [1745223782.976423782] [agent_1.guidance]: AGENT 1 Remaining tasks: [20, 24]
[crazychoir_task_assignment_webots_guidance-12] [INFO] [1745223782.976699313] [agent_1.guidance]: AGENT 1 Remaining tasks AFTER UPDATE: [24]
[crazychoir_task_assignment_webots_guidance-22] [INFO] [1745223782.975474898] [agent_3.guidance]: AGENT 3 checking task Task(id=54, coordinates=array('d', [1.0721124148739039, 1.956137202151317]), value=1, seq_num=54)
[crazychoir_task_assignment_webots_guidance-22] [INFO] [1745223782.975894043] [agent_3.guidance]: ***AGENT 3 Score for task 54: 0.8119267496943777
[crazychoir_task_assignment_webots_guidance-22] [INFO] [1745223782.976303135] [agent_3.guidance]: AGENT 3 ADDING Best task: 31 with score: 0.9208212857726242
[crazychoir_task_assignment_webots_guidance-22] [INFO] [1745223782.976617600] [agent_3.guidance]: AGENT 3 Removing from remaining tasks: 31
[crazychoir_task_assignment_webots_guidance-22] [INFO] [1745223782.976877436] [agent_3.guidance]: AGENT 3 Remaining tasks: [1, 11, 31, 35, 48, 52, 54]
[crazychoir_task_assignment_webots_guidance-7] [INFO] [1745223782.976615395] [agent_0.guidance]: ***AGENT 0 Score for task 28: 0.8737126903622154
[crazychoir_task_assignment_webots_guidance-7] [INFO] [1745223782.976917696] [agent_0.guidance]: AGENT 0 checking task Task(id=30, coordinates=array('d', [2.428005532460202, -0.5710486961345635]), value=1, seq_num=30)
[crazychoir_task_assignment_webots_guidance-7] [INFO] [1745223782.977209526] [agent_0.guidance]: ***AGENT 0 Score for task 30: 0.873983538255376
[crazychoir_task_assignment_webots_guidance-7] [INFO] [1745223782.977464652] [agent_0.guidance]: AGENT 0 checking task Task(id=32, coordinates=array('d', [2.07266189456468, 2.1660858705184314]), value=1, seq_num=32)
[crazychoir_task_assignment_webots_guidance-12] [INFO] [1745223782.976981964] [agent_1.guidance]: AGENT 1 checking task Task(id=24, coordinates=array('d', [0.3284451776553512, 0.7495850643845863]), value=1, seq_num=24)
[crazychoir_task_assignment_webots_guidance-12] [INFO] [1745223782.977264688] [agent_1.guidance]: ***AGENT 1 Score for task 24: 0.9525829682210464
[crazychoir_task_assignment_webots_guidance-12] [INFO] [1745223782.977511498] [agent_1.guidance]: AGENT 1 ADDING Best task: 24 with score: 0.9525829682210464
[crazychoir_task_assignment_webots_guidance-22] [INFO] [1745223782.977124909] [agent_3.guidance]: AGENT 3 Remaining tasks AFTER UPDATE: [1, 11, 35, 48, 52, 54]
[crazychoir_task_assignment_webots_guidance-22] [INFO] [1745223782.977383241] [agent_3.guidance]: AGENT 3 checking task Task(id=1, coordinates=array('d', [2.8361061597893062, 1.2888959620461877]), value=1, seq_num=1)
[crazychoir_task_assignment_webots_guidance-22] [INFO] [1745223782.977665317] [agent_3.guidance]: ***AGENT 3 Score for task 1: 0.8168865956672391
[crazychoir_task_assignment_webots_guidance-22] [INFO] [1745223782.977920643] [agent_3.guidance]: AGENT 3 checking task Task(id=11, coordinates=array('d', [1.7178359156103653, 2.1977357914901905]), value=1, seq_num=11)
[crazychoir_task_assignment_webots_guidance-7] [INFO] [1745223782.977730458] [agent_0.guidance]: ***AGENT 0 Score for task 32: 0.8789880709388065
[crazychoir_task_assignment_webots_guidance-12] [INFO] [1745223782.977750179] [agent_1.guidance]: AGENT 1 Removing from remaining tasks: 24
[crazychoir_task_assignment_webots_guidance-7] [INFO] [1745223782.977981824] [agent_0.guidance]: AGENT 0 checking task Task(id=38, coordinates=array('d', [-2.224879297977374, 0.6873770781019921]), value=1, seq_num=38)
[crazychoir_task_assignment_webots_guidance-7] [INFO] [1745223782.978250972] [agent_0.guidance]: ***AGENT 0 Score for task 38: 0.8880704618459022
[crazychoir_task_assignment_webots_guidance-7] [INFO] [1745223782.978502949] [agent_0.guidance]: AGENT 0 checking task Task(id=44, coordinates=array('d', [0.06146177576964007, 2.5603241594415067]), value=1, seq_num=44)
[crazychoir_task_assignment_webots_guidance-12] [INFO] [1745223782.978025975] [agent_1.guidance]: AGENT 1 Remaining tasks: [24]
[crazychoir_task_assignment_webots_guidance-12] [INFO] [1745223782.978277337] [agent_1.guidance]: AGENT 1 Remaining tasks AFTER UPDATE: []
[crazychoir_task_assignment_webots_guidance-12] [INFO] [1745223782.978525102] [agent_1.guidance]: AGENT 1 get_result: PATH AFTER UPDATE: [43, 42, 51, 58, 46, 39, 20, 24]
[crazychoir_task_assignment_webots_guidance-22] [INFO] [1745223782.978190581] [agent_3.guidance]: ***AGENT 3 Score for task 11: 0.8463867467418891
[crazychoir_task_assignment_webots_guidance-22] [INFO] [1745223782.978446111] [agent_3.guidance]: AGENT 3 checking task Task(id=35, coordinates=array('d', [1.3955606915398064, 2.3679077539004325]), value=1, seq_num=35)
[crazychoir_task_assignment_webots_guidance-22] [INFO] [1745223782.978713554] [agent_3.guidance]: ***AGENT 3 Score for task 35: 0.8534448836899836
[crazychoir_task_assignment_webots_guidance-7] [INFO] [1745223782.978763950] [agent_0.guidance]: ***AGENT 0 Score for task 44: 0.9053221970025829
[crazychoir_task_assignment_webots_guidance-12] [INFO] [1745223782.978772320] [agent_1.guidance]: AGENT 1 get_result: TASK 43 FOUND IN TASK MAP. NOW ADDING
[crazychoir_task_assignment_webots_guidance-22] [INFO] [1745223782.978967411] [agent_3.guidance]: AGENT 3 checking task Task(id=48, coordinates=array('d', [-0.1642721450053619, -0.6433129510672204]), value=1, seq_num=48)
[crazychoir_task_assignment_webots_guidance-12] [INFO] [1745223782.979011535] [agent_1.guidance]: AGENT 1 get_result: TASK 42 FOUND IN TASK MAP. NOW ADDING
[crazychoir_task_assignment_webots_guidance-7] [INFO] [1745223782.979015514] [agent_0.guidance]: AGENT 0 checking task Task(id=45, coordinates=array('d', [1.0015666292377556, -2.107638963395658]), value=1, seq_num=45)
[crazychoir_task_assignment_webots_guidance-22] [INFO] [1745223782.979231017] [agent_3.guidance]: ***AGENT 3 Score for task 48: 0.9321151471950033
[crazychoir_task_assignment_webots_guidance-12] [INFO] [1745223782.979267672] [agent_1.guidance]: AGENT 1 get_result: TASK 51 FOUND IN TASK MAP. NOW ADDING
[crazychoir_task_assignment_webots_guidance-7] [INFO] [1745223782.979276412] [agent_0.guidance]: ***AGENT 0 Score for task 45: 0.8627683704601168
[crazychoir_task_assignment_webots_guidance-12] [INFO] [1745223782.979506196] [agent_1.guidance]: AGENT 1 get_result: TASK 58 FOUND IN TASK MAP. NOW ADDING
[crazychoir_task_assignment_webots_guidance-22] [INFO] [1745223782.979486967] [agent_3.guidance]: AGENT 3 checking task Task(id=52, coordinates=array('d', [2.877697572242912, 0.7414130364414833]), value=1, seq_num=52)
[crazychoir_task_assignment_webots_guidance-7] [INFO] [1745223782.979525770] [agent_0.guidance]: AGENT 0 checking task Task(id=47, coordinates=array('d', [-0.898288734866906, -1.865845443263071]), value=1, seq_num=47)
[crazychoir_task_assignment_webots_guidance-12] [INFO] [1745223782.979743118] [agent_1.guidance]: AGENT 1 get_result: TASK 46 FOUND IN TASK MAP. NOW ADDING
[crazychoir_task_assignment_webots_guidance-22] [INFO] [1745223782.979753584] [agent_3.guidance]: ***AGENT 3 Score for task 52: 0.8185743986303373
[crazychoir_task_assignment_webots_guidance-7] [INFO] [1745223782.979787092] [agent_0.guidance]: ***AGENT 0 Score for task 47: 0.8717521391870893
[crazychoir_task_assignment_webots_guidance-12] [INFO] [1745223782.979984476] [agent_1.guidance]: AGENT 1 get_result: TASK 39 FOUND IN TASK MAP. NOW ADDING
[crazychoir_task_assignment_webots_guidance-22] [INFO] [1745223782.980007117] [agent_3.guidance]: AGENT 3 checking task Task(id=54, coordinates=array('d', [1.0721124148739039, 1.956137202151317]), value=1, seq_num=54)
[crazychoir_task_assignment_webots_guidance-7] [INFO] [1745223782.980037032] [agent_0.guidance]: AGENT 0 checking task Task(id=49, coordinates=array('d', [0.713579559864562, -0.3794022483629207]), value=1, seq_num=49)
[crazychoir_task_assignment_webots_guidance-12] [INFO] [1745223782.980233424] [agent_1.guidance]: AGENT 1 get_result: TASK 20 FOUND IN TASK MAP. NOW ADDING
[crazychoir_task_assignment_webots_guidance-22] [INFO] [1745223782.980274698] [agent_3.guidance]: ***AGENT 3 Score for task 54: 0.8759454090300427
[crazychoir_task_assignment_webots_guidance-7] [INFO] [1745223782.980297719] [agent_0.guidance]: ***AGENT 0 Score for task 49: 0.9412689693186502
[crazychoir_task_assignment_webots_guidance-12] [INFO] [1745223782.980472244] [agent_1.guidance]: AGENT 1 get_result: TASK 24 FOUND IN TASK MAP. NOW ADDING
[crazychoir_task_assignment_webots_guidance-22] [INFO] [1745223782.980528583] [agent_3.guidance]: AGENT 3 ADDING Best task: 48 with score: 0.9321151471950033
[crazychoir_task_assignment_webots_guidance-7] [INFO] [1745223782.980551634] [agent_0.guidance]: AGENT 0 checking task Task(id=50, coordinates=array('d', [-1.4344670562330268, -0.525166730023459]), value=1, seq_num=50)
[crazychoir_task_assignment_webots_guidance-12] [WARN] [1745223782.980771102] [agent_1.guidance]: AGENT 1 get_result: FINAL ASSIGNED TASKS: [43, 42, 51, 58, 46, 39, 20, 24] NOW EXITING
[crazychoir_task_assignment_webots_guidance-22] [INFO] [1745223782.980772442] [agent_3.guidance]: AGENT 3 Removing from remaining tasks: 48
[crazychoir_task_assignment_webots_guidance-7] [INFO] [1745223782.980815339] [agent_0.guidance]: ***AGENT 0 Score for task 50: 0.9068513394210194
[crazychoir_task_assignment_webots_guidance-22] [INFO] [1745223782.981015618] [agent_3.guidance]: AGENT 3 Remaining tasks: [1, 11, 35, 48, 52, 54]
[crazychoir_task_assignment_webots_guidance-12] [INFO] [1745223782.981018013] [agent_1.guidance]: AGENT 1 Optimization result: [43, 42, 51, 58, 46, 39, 20, 24]
[crazychoir_task_assignment_webots_guidance-7] [INFO] [1745223782.981063628] [agent_0.guidance]: AGENT 0 checking task Task(id=56, coordinates=array('d', [0.6709308987317524, -2.255912290120368]), value=1, seq_num=56)
[crazychoir_task_assignment_webots_guidance-22] [INFO] [1745223782.981256986] [agent_3.guidance]: AGENT 3 Remaining tasks AFTER UPDATE: [1, 11, 35, 52, 54]
[crazychoir_task_assignment_webots_guidance-12] [INFO] [1745223782.981296881] [agent_1.guidance]: AGENT 1 task queue: [43, 42, 51, 58, 46, 39, 20, 24]
[crazychoir_task_assignment_webots_guidance-7] [INFO] [1745223782.981325367] [agent_0.guidance]: ***AGENT 0 Score for task 56: 0.860208777416553
[crazychoir_task_assignment_webots_guidance-22] [INFO] [1745223782.981515815] [agent_3.guidance]: AGENT 3 checking task Task(id=1, coordinates=array('d', [2.8361061597893062, 1.2888959620461877]), value=1, seq_num=1)
[crazychoir_task_assignment_webots_guidance-7] [INFO] [1745223782.981575132] [agent_0.guidance]: AGENT 0 checking task Task(id=57, coordinates=array('d', [1.557177174979988, 1.7665399054598527]), value=1, seq_num=57)
[crazychoir_task_assignment_webots_guidance-22] [INFO] [1745223782.981786390] [agent_3.guidance]: ***AGENT 3 Score for task 1: 0.8327257140761178
[crazychoir_task_assignment_webots_guidance-7] [INFO] [1745223782.981837028] [agent_0.guidance]: ***AGENT 0 Score for task 57: 0.9088904588524425
[crazychoir_task_assignment_webots_guidance-22] [INFO] [1745223782.982038282] [agent_3.guidance]: AGENT 3 checking task Task(id=11, coordinates=array('d', [1.7178359156103653, 2.1977357914901905]), value=1, seq_num=11)
[crazychoir_task_assignment_webots_guidance-7] [INFO] [1745223782.982092415] [agent_0.guidance]: AGENT 0 checking task Task(id=59, coordinates=array('d', [-1.9573212374683449, 2.6555150983618816]), value=1, seq_num=59)
[crazychoir_task_assignment_webots_guidance-12] [WARN] [1745223782.982142240] [agent_1.guidance]: ********AGENT 1 Entered start_new_task******
[crazychoir_task_assignment_webots_guidance-22] [INFO] [1745223782.982306075] [agent_3.guidance]: ***AGENT 3 Score for task 11: 0.8396222271277718
[crazychoir_task_assignment_webots_guidance-7] [INFO] [1745223782.982356226] [agent_0.guidance]: ***AGENT 0 Score for task 59: 0.862451452336464
[crazychoir_task_assignment_webots_guidance-12] [INFO] [1745223782.982416012] [agent_1.guidance]: Got new task (seq_num 43) - starting execution
[crazychoir_task_assignment_webots_guidance-22] [INFO] [1745223782.982591912] [agent_3.guidance]: AGENT 3 checking task Task(id=35, coordinates=array('d', [1.3955606915398064, 2.3679077539004325]), value=1, seq_num=35)
[crazychoir_task_assignment_webots_guidance-7] [INFO] [1745223782.982602710] [agent_0.guidance]: AGENT 0 ADDING Best task: 19 with score: 0.96305572672686
[crazychoir_task_assignment_webots_guidance-22] [INFO] [1745223782.982870781] [agent_3.guidance]: ***AGENT 3 Score for task 35: 0.8403405757783543
[crazychoir_task_assignment_webots_guidance-22] [INFO] [1745223782.983129991] [agent_3.guidance]: AGENT 3 checking task Task(id=52, coordinates=array('d', [2.877697572242912, 0.7414130364414833]), value=1, seq_num=52)
[crazychoir_task_assignment_webots_guidance-22] [INFO] [1745223782.985925631] [agent_3.guidance]: ***AGENT 3 Score for task 52: 0.8424523593829414
[crazychoir_task_assignment_webots_guidance-22] [INFO] [1745223782.986300383] [agent_3.guidance]: AGENT 3 checking task Task(id=54, coordinates=array('d', [1.0721124148739039, 1.956137202151317]), value=1, seq_num=54)
[crazychoir_task_assignment_webots_guidance-22] [INFO] [1745223782.986615146] [agent_3.guidance]: ***AGENT 3 Score for task 54: 0.86273476462735
[crazychoir_task_assignment_webots_guidance-22] [INFO] [1745223782.986881042] [agent_3.guidance]: AGENT 3 ADDING Best task: 54 with score: 0.86273476462735
[crazychoir_task_assignment_webots_guidance-22] [INFO] [1745223782.987169695] [agent_3.guidance]: AGENT 3 Removing from remaining tasks: 54
[crazychoir_task_assignment_webots_planner-14] [INFO] [1745223782.987402716] [agent_1.planner]: Moving robot to position [-0.07357417  1.86086653]
[crazychoir_task_assignment_webots_guidance-22] [INFO] [1745223782.987719537] [agent_3.guidance]: AGENT 3 Remaining tasks: [1, 11, 35, 52, 54]
[crazychoir_task_assignment_webots_planner-14] [INFO] [1745223782.987822560] [agent_1.planner]: Goal [-0.07357416510195414, 1.8608665327568694, 0.65] sent
[crazychoir_task_assignment_webots_guidance-22] [INFO] [1745223782.988010598] [agent_3.guidance]: AGENT 3 Remaining tasks AFTER UPDATE: [1, 11, 35, 52]
[crazychoir_task_assignment_webots_guidance-7] [INFO] [1745223782.988016301] [agent_0.guidance]: AGENT 0 Removing from remaining tasks: 19
[crazychoir_task_assignment_webots_guidance-7] [INFO] [1745223782.988291288] [agent_0.guidance]: AGENT 0 Remaining tasks: [0, 5, 6, 8, 10, 12, 14, 15, 19, 22, 26, 28, 30, 32, 38, 44, 45, 47, 49, 50, 56, 57, 59]
[crazychoir_task_assignment_webots_guidance-22] [INFO] [1745223782.988422616] [agent_3.guidance]: AGENT 3 checking task Task(id=1, coordinates=array('d', [2.8361061597893062, 1.2888959620461877]), value=1, seq_num=1)
[crazychoir_task_assignment_webots_guidance-7] [INFO] [1745223782.988567631] [agent_0.guidance]: AGENT 0 Remaining tasks AFTER UPDATE: [0, 5, 6, 8, 10, 12, 14, 15, 22, 26, 28, 30, 32, 38, 44, 45, 47, 49, 50, 56, 57, 59]
[crazychoir_task_assignment_webots_guidance-22] [INFO] [1745223782.988721839] [agent_3.guidance]: ***AGENT 3 Score for task 1: 0.9077941427480913
[crazychoir_task_assignment_webots_guidance-7] [INFO] [1745223782.988827184] [agent_0.guidance]: AGENT 0 checking task Task(id=0, coordinates=array('d', [2.8021790340820605, 0.28339349505433375]), value=1, seq_num=0)
[crazychoir_task_assignment_webots_guidance-22] [INFO] [1745223782.988979633] [agent_3.guidance]: AGENT 3 checking task Task(id=11, coordinates=array('d', [1.7178359156103653, 2.1977357914901905]), value=1, seq_num=11)
[crazychoir_task_assignment_webots_guidance-7] [INFO] [1745223782.989108323] [agent_0.guidance]: ***AGENT 0 Score for task 0: 0.8378733297893118
[crazychoir_task_assignment_webots_guidance-22] [INFO] [1745223782.989251473] [agent_3.guidance]: ***AGENT 3 Score for task 11: 0.9652542955273743
[crazychoir_task_assignment_webots_guidance-7] [INFO] [1745223782.989361274] [agent_0.guidance]: AGENT 0 checking task Task(id=5, coordinates=array('d', [1.6762975307625148, -1.8138895523984815]), value=1, seq_num=5)
[crazychoir_task_assignment_webots_guidance-22] [INFO] [1745223782.989551909] [agent_3.guidance]: AGENT 3 checking task Task(id=35, coordinates=array('d', [1.3955606915398064, 2.3679077539004325]), value=1, seq_num=35)
[crazychoir_task_assignment_webots_guidance-7] [INFO] [1745223782.989637674] [agent_0.guidance]: ***AGENT 0 Score for task 5: 0.8341463820224587
[crazychoir_task_assignment_webots_guidance-22] [INFO] [1745223782.989830658] [agent_3.guidance]: ***AGENT 3 Score for task 35: 0.9734994758882458
[crazychoir_task_assignment_webots_guidance-7] [INFO] [1745223782.989898839] [agent_0.guidance]: AGENT 0 checking task Task(id=6, coordinates=array('d', [2.1779594135953335, 2.9004040630518766]), value=1, seq_num=6)
[crazychoir_task_assignment_webots_guidance-22] [INFO] [1745223782.990087879] [agent_3.guidance]: AGENT 3 checking task Task(id=52, coordinates=array('d', [2.877697572242912, 0.7414130364414833]), value=1, seq_num=52)
[crazychoir_task_assignment_webots_guidance-7] [INFO] [1745223782.990165374] [agent_0.guidance]: ***AGENT 0 Score for task 6: 0.8392456018281655
[crazychoir_task_assignment_webots_guidance-7] [INFO] [1745223782.990416428] [agent_0.guidance]: AGENT 0 checking task Task(id=8, coordinates=array('d', [-2.9460834139946703, -0.6805723041382237]), value=1, seq_num=8)
[crazychoir_task_assignment_webots_guidance-22] [INFO] [1745223782.990355797] [agent_3.guidance]: ***AGENT 3 Score for task 52: 0.8943816854186949
[crazychoir_task_assignment_webots_guidance-22] [INFO] [1745223782.990605284] [agent_3.guidance]: AGENT 3 ADDING Best task: 35 with score: 0.9734994758882458
[crazychoir_task_assignment_webots_guidance-7] [INFO] [1745223782.990678738] [agent_0.guidance]: ***AGENT 0 Score for task 8: 0.8646341127818162
[crazychoir_task_assignment_webots_guidance-22] [INFO] [1745223782.990851768] [agent_3.guidance]: AGENT 3 Removing from remaining tasks: 35
[crazychoir_task_assignment_webots_guidance-7] [INFO] [1745223782.990927958] [agent_0.guidance]: AGENT 0 checking task Task(id=10, coordinates=array('d', [-0.3831201187212141, 2.6938638406893762]), value=1, seq_num=10)
[crazychoir_task_assignment_webots_guidance-22] [INFO] [1745223782.991096140] [agent_3.guidance]: AGENT 3 Remaining tasks: [1, 11, 35, 52]
[crazychoir_task_assignment_webots_guidance-7] [INFO] [1745223782.991192654] [agent_0.guidance]: ***AGENT 0 Score for task 10: 0.9114772045088673
[crazychoir_task_assignment_webots_guidance-22] [INFO] [1745223782.991339418] [agent_3.guidance]: AGENT 3 Remaining tasks AFTER UPDATE: [1, 11, 52]
[crazychoir_task_assignment_webots_guidance-7] [INFO] [1745223782.991441531] [agent_0.guidance]: AGENT 0 checking task Task(id=12, coordinates=array('d', [-1.961007471024311, -2.550308477921358]), value=1, seq_num=12)
[crazychoir_task_assignment_webots_guidance-22] [INFO] [1745223782.991593193] [agent_3.guidance]: AGENT 3 checking task Task(id=1, coordinates=array('d', [2.8361061597893062, 1.2888959620461877]), value=1, seq_num=1)
[crazychoir_task_assignment_webots_guidance-7] [INFO] [1745223782.991706476] [agent_0.guidance]: ***AGENT 0 Score for task 12: 0.8266594615417302
[crazychoir_task_assignment_webots_guidance-22] [INFO] [1745223782.991867751] [agent_3.guidance]: ***AGENT 3 Score for task 1: 0.9118133976129726
[crazychoir_task_assignment_webots_guidance-7] [INFO] [1745223782.991954462] [agent_0.guidance]: AGENT 0 checking task Task(id=14, coordinates=array('d', [1.4002810050634196, -0.5493368390879114]), value=1, seq_num=14)
[crazychoir_task_assignment_webots_guidance-22] [INFO] [1745223782.992121052] [agent_3.guidance]: AGENT 3 checking task Task(id=11, coordinates=array('d', [1.7178359156103653, 2.1977357914901905]), value=1, seq_num=11)
[crazychoir_task_assignment_webots_guidance-7] [INFO] [1745223782.992214544] [agent_0.guidance]: ***AGENT 0 Score for task 14: 0.8813547471574404
[crazychoir_task_assignment_webots_guidance-22] [INFO] [1745223782.992387887] [agent_3.guidance]: ***AGENT 3 Score for task 11: 0.9814800802693421
[crazychoir_task_assignment_webots_guidance-7] [INFO] [1745223782.992529417] [agent_0.guidance]: AGENT 0 checking task Task(id=15, coordinates=array('d', [0.16745294050752202, 2.625429503705652]), value=1, seq_num=15)
[crazychoir_task_assignment_webots_guidance-22] [INFO] [1745223782.992648259] [agent_3.guidance]: AGENT 3 checking task Task(id=52, coordinates=array('d', [2.877697572242912, 0.7414130364414833]), value=1, seq_num=52)
[crazychoir_task_assignment_webots_guidance-22] [INFO] [1745223782.995318459] [agent_3.guidance]: ***AGENT 3 Score for task 52: 0.8932658269320202
[crazychoir_task_assignment_webots_guidance-7] [INFO] [1745223782.992799959] [agent_0.guidance]: ***AGENT 0 Score for task 15: 0.907799684305717
[crazychoir_task_assignment_webots_guidance-22] [INFO] [1745223782.995629783] [agent_3.guidance]: AGENT 3 ADDING Best task: 11 with score: 0.9814800802693421
[crazychoir_task_assignment_webots_guidance-22] [INFO] [1745223782.995889322] [agent_3.guidance]: AGENT 3 Removing from remaining tasks: 11
[crazychoir_task_assignment_webots_guidance-22] [INFO] [1745223782.996145324] [agent_3.guidance]: AGENT 3 Remaining tasks: [1, 11, 52]
[crazychoir_task_assignment_webots_guidance-7] [INFO] [1745223782.996245628] [agent_0.guidance]: AGENT 0 checking task Task(id=22, coordinates=array('d', [-0.7465453884747459, 0.015198355961606236]), value=1, seq_num=22)
[crazychoir_task_assignment_webots_guidance-22] [INFO] [1745223782.996395837] [agent_3.guidance]: AGENT 3 Remaining tasks AFTER UPDATE: [1, 52]
[crazychoir_task_assignment_webots_guidance-7] [INFO] [1745223782.996564957] [agent_0.guidance]: ***AGENT 0 Score for task 22: 0.9550218763958667
[crazychoir_task_assignment_webots_guidance-22] [INFO] [1745223782.996664639] [agent_3.guidance]: AGENT 3 checking task Task(id=1, coordinates=array('d', [2.8361061597893062, 1.2888959620461877]), value=1, seq_num=1)
[crazychoir_task_assignment_webots_guidance-22] [INFO] [1745223782.996955524] [agent_3.guidance]: ***AGENT 3 Score for task 1: 0.9287512854968853
[crazychoir_task_assignment_webots_guidance-7] [INFO] [1745223782.996827466] [agent_0.guidance]: AGENT 0 checking task Task(id=26, coordinates=array('d', [0.8253424381124201, -1.8513215872862199]), value=1, seq_num=26)
[crazychoir_task_assignment_webots_guidance-7] [INFO] [1745223782.997154564] [agent_0.guidance]: ***AGENT 0 Score for task 26: 0.8532750731780746
[crazychoir_task_assignment_webots_guidance-22] [INFO] [1745223782.997216728] [agent_3.guidance]: AGENT 3 checking task Task(id=52, coordinates=array('d', [2.877697572242912, 0.7414130364414833]), value=1, seq_num=52)
[crazychoir_task_assignment_webots_guidance-7] [INFO] [1745223782.997414623] [agent_0.guidance]: AGENT 0 checking task Task(id=28, coordinates=array('d', [2.510298234838576, -0.409067571952634]), value=1, seq_num=28)
[crazychoir_task_assignment_webots_guidance-22] [INFO] [1745223782.997490306] [agent_3.guidance]: ***AGENT 3 Score for task 52: 0.9089221164561039
[crazychoir_task_assignment_webots_guidance-7] [INFO] [1745223782.997680378] [agent_0.guidance]: ***AGENT 0 Score for task 28: 0.8414366431846055
[crazychoir_task_assignment_webots_guidance-22] [INFO] [1745223782.997742481] [agent_3.guidance]: AGENT 3 ADDING Best task: 1 with score: 0.9287512854968853
[crazychoir_task_assignment_webots_guidance-7] [INFO] [1745223782.997929892] [agent_0.guidance]: AGENT 0 checking task Task(id=30, coordinates=array('d', [2.428005532460202, -0.5710486961345635]), value=1, seq_num=30)
[crazychoir_task_assignment_webots_guidance-22] [INFO] [1745223782.997989726] [agent_3.guidance]: AGENT 3 Removing from remaining tasks: 1
[crazychoir_task_assignment_webots_guidance-7] [INFO] [1745223782.998195452] [agent_0.guidance]: ***AGENT 0 Score for task 30: 0.8417815058997684
[crazychoir_task_assignment_webots_guidance-22] [INFO] [1745223782.998253211] [agent_3.guidance]: AGENT 3 Remaining tasks: [1, 52]
[crazychoir_task_assignment_webots_guidance-7] [INFO] [1745223782.998445808] [agent_0.guidance]: AGENT 0 checking task Task(id=32, coordinates=array('d', [2.07266189456468, 2.1660858705184314]), value=1, seq_num=32)
[crazychoir_task_assignment_webots_guidance-22] [INFO] [1745223782.998507976] [agent_3.guidance]: AGENT 3 Remaining tasks AFTER UPDATE: [52]
[crazychoir_task_assignment_webots_guidance-7] [INFO] [1745223782.998708684] [agent_0.guidance]: ***AGENT 0 Score for task 32: 0.859586595315996
[crazychoir_task_assignment_webots_guidance-22] [INFO] [1745223782.998767154] [agent_3.guidance]: AGENT 3 checking task Task(id=52, coordinates=array('d', [2.877697572242912, 0.7414130364414833]), value=1, seq_num=52)
[crazychoir_task_assignment_webots_guidance-7] [INFO] [1745223782.998964273] [agent_0.guidance]: AGENT 0 checking task Task(id=38, coordinates=array('d', [-2.224879297977374, 0.6873770781019921]), value=1, seq_num=38)
[crazychoir_task_assignment_webots_guidance-22] [INFO] [1745223782.999040552] [agent_3.guidance]: ***AGENT 3 Score for task 52: 0.9722297634451347
[crazychoir_task_assignment_webots_guidance-7] [INFO] [1745223782.999228065] [agent_0.guidance]: ***AGENT 0 Score for task 38: 0.9189674365137147
[crazychoir_task_assignment_webots_guidance-22] [INFO] [1745223782.999432160] [agent_3.guidance]: AGENT 3 ADDING Best task: 52 with score: 0.9722297634451347
[crazychoir_task_assignment_webots_guidance-7] [INFO] [1745223782.999478483] [agent_0.guidance]: AGENT 0 checking task Task(id=44, coordinates=array('d', [0.06146177576964007, 2.5603241594415067]), value=1, seq_num=44)
[crazychoir_task_assignment_webots_guidance-22] [INFO] [1745223782.999711646] [agent_3.guidance]: AGENT 3 Removing from remaining tasks: 52
[crazychoir_task_assignment_webots_guidance-7] [INFO] [1745223782.999742768] [agent_0.guidance]: ***AGENT 0 Score for task 44: 0.9125068861967744
[crazychoir_task_assignment_webots_guidance-22] [INFO] [1745223782.999965342] [agent_3.guidance]: AGENT 3 Remaining tasks: [52]
[crazychoir_task_assignment_webots_guidance-7] [INFO] [1745223782.999993837] [agent_0.guidance]: AGENT 0 checking task Task(id=45, coordinates=array('d', [1.0015666292377556, -2.107638963395658]), value=1, seq_num=45)
[crazychoir_task_assignment_webots_guidance-7] [INFO] [1745223783.000258360] [agent_0.guidance]: ***AGENT 0 Score for task 45: 0.8398668322644129
[crazychoir_task_assignment_webots_guidance-22] [INFO] [1745223783.000277939] [agent_3.guidance]: AGENT 3 Remaining tasks AFTER UPDATE: []
[crazychoir_task_assignment_webots_guidance-7] [INFO] [1745223783.000514181] [agent_0.guidance]: AGENT 0 checking task Task(id=47, coordinates=array('d', [-0.898288734866906, -1.865845443263071]), value=1, seq_num=47)
[crazychoir_task_assignment_webots_guidance-22] [INFO] [1745223783.000556529] [agent_3.guidance]: AGENT 3 get_result: PATH AFTER UPDATE: [4, 17, 7, 37, 31, 48, 54, 35, 11, 1, 52]
[crazychoir_task_assignment_webots_guidance-7] [INFO] [1745223783.000777058] [agent_0.guidance]: ***AGENT 0 Score for task 47: 0.8670293487216743
[crazychoir_task_assignment_webots_guidance-22] [INFO] [1745223783.000815554] [agent_3.guidance]: AGENT 3 get_result: TASK 4 FOUND IN TASK MAP. NOW ADDING
[crazychoir_task_assignment_webots_guidance-7] [INFO] [1745223783.001027288] [agent_0.guidance]: AGENT 0 checking task Task(id=49, coordinates=array('d', [0.713579559864562, -0.3794022483629207]), value=1, seq_num=49)
[crazychoir_task_assignment_webots_guidance-22] [INFO] [1745223783.001063468] [agent_3.guidance]: AGENT 3 get_result: TASK 17 FOUND IN TASK MAP. NOW ADDING
[crazychoir_task_assignment_webots_guidance-7] [INFO] [1745223783.001300427] [agent_0.guidance]: ***AGENT 0 Score for task 49: 0.9105704019123504
[crazychoir_task_assignment_webots_guidance-22] [INFO] [1745223783.001312195] [agent_3.guidance]: AGENT 3 get_result: TASK 7 FOUND IN TASK MAP. NOW ADDING
[crazychoir_task_assignment_webots_guidance-7] [INFO] [1745223783.001552683] [agent_0.guidance]: AGENT 0 checking task Task(id=50, coordinates=array('d', [-1.4344670562330268, -0.525166730023459]), value=1, seq_num=50)
[crazychoir_task_assignment_webots_guidance-22] [INFO] [1745223783.001558964] [agent_3.guidance]: AGENT 3 get_result: TASK 37 FOUND IN TASK MAP. NOW ADDING
[crazychoir_task_assignment_webots_guidance-22] [INFO] [1745223783.001806936] [agent_3.guidance]: AGENT 3 get_result: TASK 31 FOUND IN TASK MAP. NOW ADDING
[crazychoir_task_assignment_webots_guidance-7] [INFO] [1745223783.001815926] [agent_0.guidance]: ***AGENT 0 Score for task 50: 0.9186110478037381
[crazychoir_task_assignment_webots_guidance-7] [INFO] [1745223783.002067325] [agent_0.guidance]: AGENT 0 checking task Task(id=56, coordinates=array('d', [0.6709308987317524, -2.255912290120368]), value=1, seq_num=56)
[crazychoir_task_assignment_webots_guidance-22] [INFO] [1745223783.004088678] [agent_3.guidance]: AGENT 3 get_result: TASK 48 FOUND IN TASK MAP. NOW ADDING
[crazychoir_task_assignment_webots_guidance-22] [INFO] [1745223783.004961062] [agent_3.guidance]: AGENT 3 get_result: TASK 54 FOUND IN TASK MAP. NOW ADDING
[crazychoir_task_assignment_webots_guidance-22] [INFO] [1745223783.005260685] [agent_3.guidance]: AGENT 3 get_result: TASK 35 FOUND IN TASK MAP. NOW ADDING
[crazychoir_task_assignment_webots_guidance-22] [INFO] [1745223783.005525200] [agent_3.guidance]: AGENT 3 get_result: TASK 11 FOUND IN TASK MAP. NOW ADDING
[crazychoir_task_assignment_webots_guidance-22] [INFO] [1745223783.005776576] [agent_3.guidance]: AGENT 3 get_result: TASK 1 FOUND IN TASK MAP. NOW ADDING
[crazychoir_task_assignment_webots_guidance-7] [INFO] [1745223783.005809357] [agent_0.guidance]: ***AGENT 0 Score for task 56: 0.8400586428309689
[crazychoir_task_assignment_webots_guidance-22] [INFO] [1745223783.006024915] [agent_3.guidance]: AGENT 3 get_result: TASK 52 FOUND IN TASK MAP. NOW ADDING
[crazychoir_task_assignment_webots_guidance-7] [INFO] [1745223783.006109380] [agent_0.guidance]: AGENT 0 checking task Task(id=57, coordinates=array('d', [1.557177174979988, 1.7665399054598527]), value=1, seq_num=57)
[crazychoir_task_assignment_webots_guidance-22] [WARN] [1745223783.006325035] [agent_3.guidance]: AGENT 3 get_result: FINAL ASSIGNED TASKS: [4, 17, 7, 37, 31, 48, 54, 35, 11, 1, 52] NOW EXITING
[crazychoir_task_assignment_webots_guidance-7] [INFO] [1745223783.006412841] [agent_0.guidance]: ***AGENT 0 Score for task 57: 0.8879517693239495
[crazychoir_task_assignment_webots_guidance-22] [INFO] [1745223783.006584087] [agent_3.guidance]: AGENT 3 Optimization result: [4, 17, 7, 37, 31, 48, 54, 35, 11, 1, 52]
[crazychoir_task_assignment_webots_guidance-7] [INFO] [1745223783.006669595] [agent_0.guidance]: AGENT 0 checking task Task(id=59, coordinates=array('d', [-1.9573212374683449, 2.6555150983618816]), value=1, seq_num=59)
[crazychoir_task_assignment_webots_guidance-22] [INFO] [1745223783.006858562] [agent_3.guidance]: AGENT 3 task queue: [4, 17, 7, 37, 31, 48, 54, 35, 11, 1, 52]
[crazychoir_task_assignment_webots_guidance-7] [INFO] [1745223783.007027775] [agent_0.guidance]: ***AGENT 0 Score for task 59: 0.8921228010114557
[crazychoir_task_assignment_webots_guidance-7] [INFO] [1745223783.007278873] [agent_0.guidance]: AGENT 0 ADDING Best task: 22 with score: 0.9550218763958667
[crazychoir_task_assignment_webots_guidance-7] [INFO] [1745223783.007521187] [agent_0.guidance]: AGENT 0 Removing from remaining tasks: 22
[crazychoir_task_assignment_webots_guidance-22] [WARN] [1745223783.007642690] [agent_3.guidance]: ********AGENT 3 Entered start_new_task******
[crazychoir_task_assignment_webots_guidance-7] [INFO] [1745223783.007765376] [agent_0.guidance]: AGENT 0 Remaining tasks: [0, 5, 6, 8, 10, 12, 14, 15, 22, 26, 28, 30, 32, 38, 44, 45, 47, 49, 50, 56, 57, 59]
[crazychoir_task_assignment_webots_guidance-22] [INFO] [1745223783.007905209] [agent_3.guidance]: Got new task (seq_num 4) - starting execution
[crazychoir_task_assignment_webots_guidance-7] [INFO] [1745223783.008113432] [agent_0.guidance]: AGENT 0 Remaining tasks AFTER UPDATE: [0, 5, 6, 8, 10, 12, 14, 15, 26, 28, 30, 32, 38, 44, 45, 47, 49, 50, 56, 57, 59]
[crazychoir_task_assignment_webots_guidance-7] [INFO] [1745223783.008380201] [agent_0.guidance]: AGENT 0 checking task Task(id=0, coordinates=array('d', [2.8021790340820605, 0.28339349505433375]), value=1, seq_num=0)
[crazychoir_task_assignment_webots_guidance-7] [INFO] [1745223783.008673504] [agent_0.guidance]: ***AGENT 0 Score for task 0: 0.8331472723488038
[crazychoir_task_assignment_webots_guidance-7] [INFO] [1745223783.008929999] [agent_0.guidance]: AGENT 0 checking task Task(id=5, coordinates=array('d', [1.6762975307625148, -1.8138895523984815]), value=1, seq_num=5)
[crazychoir_task_assignment_webots_guidance-7] [INFO] [1745223783.009201919] [agent_0.guidance]: ***AGENT 0 Score for task 5: 0.8558045865257508
[crazychoir_task_assignment_webots_guidance-7] [INFO] [1745223783.009455243] [agent_0.guidance]: AGENT 0 checking task Task(id=6, coordinates=array('d', [2.1779594135953335, 2.9004040630518766]), value=1, seq_num=6)
[crazychoir_task_assignment_webots_guidance-7] [INFO] [1745223783.009722859] [agent_0.guidance]: ***AGENT 0 Score for task 6: 0.8099991587568711
[crazychoir_task_assignment_webots_planner-24] [INFO] [1745223783.009898207] [agent_3.planner]: Moving robot to position [-1.48210583 -0.39125081]
[crazychoir_task_assignment_webots_guidance-7] [INFO] [1745223783.009973370] [agent_0.guidance]: AGENT 0 checking task Task(id=8, coordinates=array('d', [-2.9460834139946703, -0.6805723041382237]), value=1, seq_num=8)
[crazychoir_task_assignment_webots_guidance-7] [INFO] [1745223783.010275261] [agent_0.guidance]: ***AGENT 0 Score for task 8: 0.888401430060928
[crazychoir_task_assignment_webots_planner-24] [INFO] [1745223783.010316898] [agent_3.planner]: Goal [-1.4821058256993362, -0.39125080557332526, 0.95] sent
[crazychoir_task_assignment_webots_guidance-7] [INFO] [1745223783.010581886] [agent_0.guidance]: AGENT 0 checking task Task(id=10, coordinates=array('d', [-0.3831201187212141, 2.6938638406893762]), value=1, seq_num=10)
[crazychoir_task_assignment_webots_guidance-7] [INFO] [1745223783.010854588] [agent_0.guidance]: ***AGENT 0 Score for task 10: 0.8705271081545791
[crazychoir_task_assignment_webots_guidance-7] [INFO] [1745223783.011105740] [agent_0.guidance]: AGENT 0 checking task Task(id=12, coordinates=array('d', [-1.961007471024311, -2.550308477921358]), value=1, seq_num=12)
[crazychoir_task_assignment_webots_guidance-7] [INFO] [1745223783.011368262] [agent_0.guidance]: ***AGENT 0 Score for task 12: 0.864509525799016
[crazychoir_task_assignment_webots_guidance-7] [INFO] [1745223783.011616877] [agent_0.guidance]: AGENT 0 checking task Task(id=14, coordinates=array('d', [1.4002810050634196, -0.5493368390879114]), value=1, seq_num=14)
[crazychoir_task_assignment_webots_guidance-7] [INFO] [1745223783.014717812] [agent_0.guidance]: ***AGENT 0 Score for task 14: 0.8923815867774467
[crazychoir_task_assignment_webots_guidance-7] [INFO] [1745223783.015483425] [agent_0.guidance]: AGENT 0 checking task Task(id=15, coordinates=array('d', [0.16745294050752202, 2.625429503705652]), value=1, seq_num=15)
[crazychoir_task_assignment_webots_guidance-7] [INFO] [1745223783.015821153] [agent_0.guidance]: ***AGENT 0 Score for task 15: 0.8677443080111136
[crazychoir_task_assignment_webots_guidance-7] [INFO] [1745223783.016083319] [agent_0.guidance]: AGENT 0 checking task Task(id=26, coordinates=array('d', [0.8253424381124201, -1.8513215872862199]), value=1, seq_num=26)
[crazychoir_task_assignment_webots_guidance-7] [INFO] [1745223783.016368996] [agent_0.guidance]: ***AGENT 0 Score for task 26: 0.8823491016194461
[crazychoir_task_assignment_webots_guidance-7] [INFO] [1745223783.016629750] [agent_0.guidance]: AGENT 0 checking task Task(id=28, coordinates=array('d', [2.510298234838576, -0.409067571952634]), value=1, seq_num=28)
[crazychoir_task_assignment_webots_guidance-7] [INFO] [1745223783.016898460] [agent_0.guidance]: ***AGENT 0 Score for task 28: 0.8449602171573898
[crazychoir_task_assignment_webots_guidance-7] [INFO] [1745223783.017148403] [agent_0.guidance]: AGENT 0 checking task Task(id=30, coordinates=array('d', [2.428005532460202, -0.5710486961345635]), value=1, seq_num=30)
[crazychoir_task_assignment_webots_guidance-7] [INFO] [1745223783.017411658] [agent_0.guidance]: ***AGENT 0 Score for task 30: 0.8473965822086893
[crazychoir_task_assignment_webots_guidance-7] [INFO] [1745223783.017663336] [agent_0.guidance]: AGENT 0 checking task Task(id=32, coordinates=array('d', [2.07266189456468, 2.1660858705184314]), value=1, seq_num=32)
[crazychoir_task_assignment_webots_guidance-7] [INFO] [1745223783.017927393] [agent_0.guidance]: ***AGENT 0 Score for task 32: 0.8336955694090127
[crazychoir_task_assignment_webots_guidance-7] [INFO] [1745223783.018225615] [agent_0.guidance]: AGENT 0 checking task Task(id=38, coordinates=array('d', [-2.224879297977374, 0.6873770781019921]), value=1, seq_num=38)
[crazychoir_task_assignment_webots_guidance-7] [INFO] [1745223783.018490551] [agent_0.guidance]: ***AGENT 0 Score for task 38: 0.920075969373686
[crazychoir_task_assignment_webots_guidance-7] [INFO] [1745223783.018741645] [agent_0.guidance]: AGENT 0 checking task Task(id=44, coordinates=array('d', [0.06146177576964007, 2.5603241594415067]), value=1, seq_num=44)
[crazychoir_task_assignment_webots_guidance-7] [INFO] [1745223783.019003584] [agent_0.guidance]: ***AGENT 0 Score for task 44: 0.8719973822656225
[crazychoir_task_assignment_webots_guidance-7] [INFO] [1745223783.019251349] [agent_0.guidance]: AGENT 0 checking task Task(id=45, coordinates=array('d', [1.0015666292377556, -2.107638963395658]), value=1, seq_num=45)
[crazychoir_task_assignment_webots_guidance-7] [INFO] [1745223783.019511735] [agent_0.guidance]: ***AGENT 0 Score for task 45: 0.8684415368921574
[crazychoir_task_assignment_webots_guidance-7] [INFO] [1745223783.019761358] [agent_0.guidance]: AGENT 0 checking task Task(id=47, coordinates=array('d', [-0.898288734866906, -1.865845443263071]), value=1, seq_num=47)
[crazychoir_task_assignment_webots_guidance-7] [INFO] [1745223783.020020669] [agent_0.guidance]: ***AGENT 0 Score for task 47: 0.9077390174653639
[crazychoir_task_assignment_webots_guidance-7] [INFO] [1745223783.020268523] [agent_0.guidance]: AGENT 0 checking task Task(id=49, coordinates=array('d', [0.713579559864562, -0.3794022483629207]), value=1, seq_num=49)
[crazychoir_task_assignment_webots_guidance-7] [INFO] [1745223783.020536036] [agent_0.guidance]: ***AGENT 0 Score for task 49: 0.9253516817452526
[crazychoir_task_assignment_webots_guidance-7] [INFO] [1745223783.024171866] [agent_0.guidance]: AGENT 0 checking task Task(id=50, coordinates=array('d', [-1.4344670562330268, -0.525166730023459]), value=1, seq_num=50)
[crazychoir_task_assignment_webots_guidance-7] [INFO] [1745223783.024519118] [agent_0.guidance]: ***AGENT 0 Score for task 50: 0.9561217003242446
[crazychoir_task_assignment_webots_guidance-7] [INFO] [1745223783.024787727] [agent_0.guidance]: AGENT 0 checking task Task(id=56, coordinates=array('d', [0.6709308987317524, -2.255912290120368]), value=1, seq_num=56)
[crazychoir_task_assignment_webots_guidance-7] [INFO] [1745223783.025062995] [agent_0.guidance]: ***AGENT 0 Score for task 56: 0.871690955645908
[crazychoir_task_assignment_webots_guidance-7] [INFO] [1745223783.025370166] [agent_0.guidance]: AGENT 0 checking task Task(id=57, coordinates=array('d', [1.557177174979988, 1.7665399054598527]), value=1, seq_num=57)
[crazychoir_task_assignment_webots_guidance-7] [INFO] [1745223783.025650576] [agent_0.guidance]: ***AGENT 0 Score for task 57: 0.8620562045552763
[crazychoir_task_assignment_webots_guidance-7] [INFO] [1745223783.025902414] [agent_0.guidance]: AGENT 0 checking task Task(id=59, coordinates=array('d', [-1.9573212374683449, 2.6555150983618816]), value=1, seq_num=59)
[crazychoir_task_assignment_webots_guidance-7] [INFO] [1745223783.026165556] [agent_0.guidance]: ***AGENT 0 Score for task 59: 0.8615765634793269
[crazychoir_task_assignment_webots_guidance-7] [INFO] [1745223783.026482635] [agent_0.guidance]: AGENT 0 ADDING Best task: 50 with score: 0.9561217003242446
[crazychoir_task_assignment_webots_guidance-7] [INFO] [1745223783.026725501] [agent_0.guidance]: AGENT 0 Removing from remaining tasks: 50
[crazychoir_task_assignment_webots_guidance-7] [INFO] [1745223783.026967853] [agent_0.guidance]: AGENT 0 Remaining tasks: [0, 5, 6, 8, 10, 12, 14, 15, 26, 28, 30, 32, 38, 44, 45, 47, 49, 50, 56, 57, 59]
[crazychoir_task_assignment_webots_guidance-7] [INFO] [1745223783.027206390] [agent_0.guidance]: AGENT 0 Remaining tasks AFTER UPDATE: [0, 5, 6, 8, 10, 12, 14, 15, 26, 28, 30, 32, 38, 44, 45, 47, 49, 56, 57, 59]
[crazychoir_task_assignment_webots_guidance-7] [INFO] [1745223783.027455854] [agent_0.guidance]: AGENT 0 checking task Task(id=0, coordinates=array('d', [2.8021790340820605, 0.28339349505433375]), value=1, seq_num=0)
[crazychoir_task_assignment_webots_guidance-7] [INFO] [1745223783.027750502] [agent_0.guidance]: ***AGENT 0 Score for task 0: 0.8015293001633141
[crazychoir_task_assignment_webots_guidance-7] [INFO] [1745223783.028020280] [agent_0.guidance]: AGENT 0 checking task Task(id=5, coordinates=array('d', [1.6762975307625148, -1.8138895523984815]), value=1, seq_num=5)
[crazychoir_task_assignment_webots_guidance-7] [INFO] [1745223783.028292243] [agent_0.guidance]: ***AGENT 0 Score for task 5: 0.8413799480524833
[crazychoir_task_assignment_webots_guidance-7] [INFO] [1745223783.028546699] [agent_0.guidance]: AGENT 0 checking task Task(id=6, coordinates=array('d', [2.1779594135953335, 2.9004040630518766]), value=1, seq_num=6)
[crazychoir_task_assignment_webots_guidance-7] [INFO] [1745223783.028812621] [agent_0.guidance]: ***AGENT 0 Score for task 6: 0.7746399340346377
[crazychoir_task_assignment_webots_guidance-7] [INFO] [1745223783.029061894] [agent_0.guidance]: AGENT 0 checking task Task(id=8, coordinates=array('d', [-2.9460834139946703, -0.6805723041382237]), value=1, seq_num=8)
[crazychoir_task_assignment_webots_guidance-7] [INFO] [1745223783.029321994] [agent_0.guidance]: ***AGENT 0 Score for task 8: 0.9250158015421025
[crazychoir_task_assignment_webots_guidance-7] [INFO] [1745223783.032900521] [agent_0.guidance]: AGENT 0 checking task Task(id=10, coordinates=array('d', [-0.3831201187212141, 2.6938638406893762]), value=1, seq_num=10)
[crazychoir_task_assignment_webots_guidance-7] [INFO] [1745223783.033234383] [agent_0.guidance]: ***AGENT 0 Score for task 10: 0.8405507304602191
[crazychoir_task_assignment_webots_guidance-7] [INFO] [1745223783.033491910] [agent_0.guidance]: AGENT 0 checking task Task(id=12, coordinates=array('d', [-1.961007471024311, -2.550308477921358]), value=1, seq_num=12)
[crazychoir_task_assignment_webots_guidance-7] [INFO] [1745223783.033762128] [agent_0.guidance]: ***AGENT 0 Score for task 12: 0.8982293507392126
[crazychoir_task_assignment_webots_guidance-7] [INFO] [1745223783.034012153] [agent_0.guidance]: AGENT 0 checking task Task(id=14, coordinates=array('d', [1.4002810050634196, -0.5493368390879114]), value=1, seq_num=14)
[crazychoir_task_assignment_webots_guidance-7] [INFO] [1745223783.034284604] [agent_0.guidance]: ***AGENT 0 Score for task 14: 0.864668699242873
[crazychoir_task_assignment_webots_guidance-7] [INFO] [1745223783.034534413] [agent_0.guidance]: AGENT 0 checking task Task(id=15, coordinates=array('d', [0.16745294050752202, 2.625429503705652]), value=1, seq_num=15)
[crazychoir_task_assignment_webots_guidance-7] [INFO] [1745223783.034797354] [agent_0.guidance]: ***AGENT 0 Score for task 15: 0.8341900089035242
[crazychoir_task_assignment_webots_guidance-7] [INFO] [1745223783.035046747] [agent_0.guidance]: AGENT 0 checking task Task(id=26, coordinates=array('d', [0.8253424381124201, -1.8513215872862199]), value=1, seq_num=26)
[crazychoir_task_assignment_webots_guidance-7] [INFO] [1745223783.035308229] [agent_0.guidance]: ***AGENT 0 Score for task 26: 0.8742416353721151
[crazychoir_task_assignment_webots_guidance-7] [INFO] [1745223783.035555313] [agent_0.guidance]: AGENT 0 checking task Task(id=28, coordinates=array('d', [2.510298234838576, -0.409067571952634]), value=1, seq_num=28)
[crazychoir_task_assignment_webots_guidance-7] [INFO] [1745223783.035816666] [agent_0.guidance]: ***AGENT 0 Score for task 28: 0.8167455953828099
[crazychoir_task_assignment_webots_guidance-7] [INFO] [1745223783.036063774] [agent_0.guidance]: AGENT 0 checking task Task(id=30, coordinates=array('d', [2.428005532460202, -0.5710486961345635]), value=1, seq_num=30)
[crazychoir_task_assignment_webots_guidance-7] [INFO] [1745223783.036370111] [agent_0.guidance]: ***AGENT 0 Score for task 30: 0.820260815841411
[crazychoir_task_assignment_webots_guidance-7] [INFO] [1745223783.036630310] [agent_0.guidance]: AGENT 0 checking task Task(id=32, coordinates=array('d', [2.07266189456468, 2.1660858705184314]), value=1, seq_num=32)
[crazychoir_task_assignment_webots_guidance-7] [INFO] [1745223783.036894454] [agent_0.guidance]: ***AGENT 0 Score for task 32: 0.7971172801761495
[crazychoir_task_assignment_webots_guidance-7] [INFO] [1745223783.037140452] [agent_0.guidance]: AGENT 0 checking task Task(id=38, coordinates=array('d', [-2.224879297977374, 0.6873770781019921]), value=1, seq_num=38)
[crazychoir_task_assignment_webots_guidance-7] [INFO] [1745223783.037400675] [agent_0.guidance]: ***AGENT 0 Score for task 38: 0.9284462849251406
[crazychoir_task_assignment_webots_guidance-7] [INFO] [1745223783.037648306] [agent_0.guidance]: AGENT 0 checking task Task(id=44, coordinates=array('d', [0.06146177576964007, 2.5603241594415067]), value=1, seq_num=44)
[crazychoir_task_assignment_webots_guidance-7] [INFO] [1745223783.037907704] [agent_0.guidance]: ***AGENT 0 Score for task 44: 0.8387145751593679
[crazychoir_task_assignment_webots_guidance-7] [INFO] [1745223783.041045411] [agent_0.guidance]: AGENT 0 checking task Task(id=45, coordinates=array('d', [1.0015666292377556, -2.107638963395658]), value=1, seq_num=45)
[crazychoir_task_assignment_webots_guidance-7] [INFO] [1745223783.041888024] [agent_0.guidance]: ***AGENT 0 Score for task 45: 0.8615672235436224
[crazychoir_task_assignment_webots_guidance-7] [INFO] [1745223783.042177155] [agent_0.guidance]: AGENT 0 checking task Task(id=47, coordinates=array('d', [-0.898288734866906, -1.865845443263071]), value=1, seq_num=47)
[crazychoir_task_assignment_webots_guidance-7] [INFO] [1745223783.042463192] [agent_0.guidance]: ***AGENT 0 Score for task 47: 0.9286127782458337
[crazychoir_task_assignment_webots_guidance-7] [INFO] [1745223783.042820633] [agent_0.guidance]: AGENT 0 checking task Task(id=49, coordinates=array('d', [0.713579559864562, -0.3794022483629207]), value=1, seq_num=49)
[crazychoir_task_assignment_webots_guidance-7] [INFO] [1745223783.043791742] [agent_0.guidance]: ***AGENT 0 Score for task 49: 0.8954456260185062
[crazychoir_task_assignment_webots_guidance-7] [INFO] [1745223783.044059629] [agent_0.guidance]: AGENT 0 checking task Task(id=56, coordinates=array('d', [0.6709308987317524, -2.255912290120368]), value=1, seq_num=56)
[crazychoir_task_assignment_webots_guidance-7] [INFO] [1745223783.044333588] [agent_0.guidance]: ***AGENT 0 Score for task 56: 0.8695336210756247
[crazychoir_task_assignment_webots_guidance-7] [INFO] [1745223783.044589690] [agent_0.guidance]: AGENT 0 checking task Task(id=57, coordinates=array('d', [1.557177174979988, 1.7665399054598527]), value=1, seq_num=57)
[crazychoir_task_assignment_webots_guidance-7] [INFO] [1745223783.044854126] [agent_0.guidance]: ***AGENT 0 Score for task 57: 0.8242342011954757
[crazychoir_task_assignment_webots_guidance-7] [INFO] [1745223783.045103372] [agent_0.guidance]: AGENT 0 checking task Task(id=59, coordinates=array('d', [-1.9573212374683449, 2.6555150983618816]), value=1, seq_num=59)
[crazychoir_task_assignment_webots_guidance-7] [INFO] [1745223783.045365335] [agent_0.guidance]: ***AGENT 0 Score for task 59: 0.8476077914917487
[crazychoir_task_assignment_webots_guidance-7] [INFO] [1745223783.045607243] [agent_0.guidance]: AGENT 0 ADDING Best task: 47 with score: 0.9286127782458337
[crazychoir_task_assignment_webots_guidance-7] [INFO] [1745223783.045857194] [agent_0.guidance]: AGENT 0 Removing from remaining tasks: 47
[crazychoir_task_assignment_webots_guidance-7] [INFO] [1745223783.046097188] [agent_0.guidance]: AGENT 0 Remaining tasks: [0, 5, 6, 8, 10, 12, 14, 15, 26, 28, 30, 32, 38, 44, 45, 47, 49, 56, 57, 59]
[crazychoir_task_assignment_webots_guidance-7] [INFO] [1745223783.046337105] [agent_0.guidance]: AGENT 0 Remaining tasks AFTER UPDATE: [0, 5, 6, 8, 10, 12, 14, 15, 26, 28, 30, 32, 38, 44, 45, 49, 56, 57, 59]
[crazychoir_task_assignment_webots_guidance-7] [INFO] [1745223783.046585934] [agent_0.guidance]: AGENT 0 checking task Task(id=0, coordinates=array('d', [2.8021790340820605, 0.28339349505433375]), value=1, seq_num=0)
[crazychoir_task_assignment_webots_guidance-7] [INFO] [1745223783.046851358] [agent_0.guidance]: ***AGENT 0 Score for task 0: 0.8029192904206329
[crazychoir_task_assignment_webots_guidance-7] [INFO] [1745223783.049888632] [agent_0.guidance]: AGENT 0 checking task Task(id=5, coordinates=array('d', [1.6762975307625148, -1.8138895523984815]), value=1, seq_num=5)
[crazychoir_task_assignment_webots_guidance-7] [INFO] [1745223783.050688974] [agent_0.guidance]: ***AGENT 0 Score for task 5: 0.8762657218197367
[crazychoir_task_assignment_webots_guidance-7] [INFO] [1745223783.050971933] [agent_0.guidance]: AGENT 0 checking task Task(id=6, coordinates=array('d', [2.1779594135953335, 2.9004040630518766]), value=1, seq_num=6)
[crazychoir_task_assignment_webots_guidance-7] [INFO] [1745223783.051253916] [agent_0.guidance]: ***AGENT 0 Score for task 6: 0.7475339228056339
[crazychoir_task_assignment_webots_guidance-7] [INFO] [1745223783.051508053] [agent_0.guidance]: AGENT 0 checking task Task(id=8, coordinates=array('d', [-2.9460834139946703, -0.6805723041382237]), value=1, seq_num=8)
[crazychoir_task_assignment_webots_guidance-7] [INFO] [1745223783.051776818] [agent_0.guidance]: ***AGENT 0 Score for task 8: 0.8857114596790662
[crazychoir_task_assignment_webots_guidance-7] [INFO] [1745223783.052029069] [agent_0.guidance]: AGENT 0 checking task Task(id=10, coordinates=array('d', [-0.3831201187212141, 2.6938638406893762]), value=1, seq_num=10)
[crazychoir_task_assignment_webots_guidance-7] [INFO] [1745223783.052295982] [agent_0.guidance]: ***AGENT 0 Score for task 10: 0.7902779620665977
[crazychoir_task_assignment_webots_guidance-7] [INFO] [1745223783.052552358] [agent_0.guidance]: AGENT 0 checking task Task(id=12, coordinates=array('d', [-1.961007471024311, -2.550308477921358]), value=1, seq_num=12)
[crazychoir_task_assignment_webots_guidance-7] [INFO] [1745223783.052817884] [agent_0.guidance]: ***AGENT 0 Score for task 12: 0.937219217837066
[crazychoir_task_assignment_webots_guidance-7] [INFO] [1745223783.053074506] [agent_0.guidance]: AGENT 0 checking task Task(id=14, coordinates=array('d', [1.4002810050634196, -0.5493368390879114]), value=1, seq_num=14)
[crazychoir_task_assignment_webots_guidance-7] [INFO] [1745223783.053342013] [agent_0.guidance]: ***AGENT 0 Score for task 14: 0.8729558562992163
[crazychoir_task_assignment_webots_guidance-7] [INFO] [1745223783.053596262] [agent_0.guidance]: AGENT 0 checking task Task(id=15, coordinates=array('d', [0.16745294050752202, 2.625429503705652]), value=1, seq_num=15)
[crazychoir_task_assignment_webots_guidance-7] [INFO] [1745223783.053866879] [agent_0.guidance]: ***AGENT 0 Score for task 15: 0.7891733363206481
[crazychoir_task_assignment_webots_guidance-7] [INFO] [1745223783.054119477] [agent_0.guidance]: AGENT 0 checking task Task(id=26, coordinates=array('d', [0.8253424381124201, -1.8513215872862199]), value=1, seq_num=26)
[crazychoir_task_assignment_webots_guidance-7] [INFO] [1745223783.054389860] [agent_0.guidance]: ***AGENT 0 Score for task 26: 0.9153819585086843
[crazychoir_task_assignment_webots_guidance-7] [INFO] [1745223783.054645045] [agent_0.guidance]: AGENT 0 checking task Task(id=28, coordinates=array('d', [2.510298234838576, -0.409067571952634]), value=1, seq_num=28)
[crazychoir_task_assignment_webots_guidance-7] [INFO] [1745223783.057383724] [agent_0.guidance]: ***AGENT 0 Score for task 28: 0.8268466223882702
[crazychoir_task_assignment_webots_guidance-7] [INFO] [1745223783.057704863] [agent_0.guidance]: AGENT 0 checking task Task(id=30, coordinates=array('d', [2.428005532460202, -0.5710486961345635]), value=1, seq_num=30)
[crazychoir_task_assignment_webots_guidance-7] [INFO] [1745223783.058189647] [agent_0.guidance]: ***AGENT 0 Score for task 30: 0.8326956105580424
[crazychoir_task_assignment_webots_guidance-7] [INFO] [1745223783.058469003] [agent_0.guidance]: AGENT 0 checking task Task(id=32, coordinates=array('d', [2.07266189456468, 2.1660858705184314]), value=1, seq_num=32)
[crazychoir_task_assignment_webots_guidance-7] [INFO] [1745223783.058757392] [agent_0.guidance]: ***AGENT 0 Score for task 32: 0.7734517849996377
[crazychoir_task_assignment_webots_guidance-7] [INFO] [1745223783.059011926] [agent_0.guidance]: AGENT 0 checking task Task(id=38, coordinates=array('d', [-2.224879297977374, 0.6873770781019921]), value=1, seq_num=38)
[crazychoir_task_assignment_webots_guidance-7] [INFO] [1745223783.059279792] [agent_0.guidance]: ***AGENT 0 Score for task 38: 0.8627885855771898
[crazychoir_task_assignment_webots_guidance-7] [INFO] [1745223783.059530047] [agent_0.guidance]: AGENT 0 checking task Task(id=44, coordinates=array('d', [0.06146177576964007, 2.5603241594415067]), value=1, seq_num=44)
[crazychoir_task_assignment_webots_guidance-7] [INFO] [1745223783.059803528] [agent_0.guidance]: ***AGENT 0 Score for task 44: 0.7927013089852301
[crazychoir_task_assignment_webots_guidance-7] [INFO] [1745223783.060066672] [agent_0.guidance]: AGENT 0 checking task Task(id=45, coordinates=array('d', [1.0015666292377556, -2.107638963395658]), value=1, seq_num=45)
[crazychoir_task_assignment_webots_guidance-7] [INFO] [1745223783.060350205] [agent_0.guidance]: ***AGENT 0 Score for task 45: 0.9064350572134814
[crazychoir_task_assignment_webots_guidance-7] [INFO] [1745223783.060613591] [agent_0.guidance]: AGENT 0 checking task Task(id=49, coordinates=array('d', [0.713579559864562, -0.3794022483629207]), value=1, seq_num=49)
[crazychoir_task_assignment_webots_guidance-7] [INFO] [1745223783.060893821] [agent_0.guidance]: ***AGENT 0 Score for task 49: 0.8936265757549561
[crazychoir_task_assignment_webots_guidance-7] [INFO] [1745223783.061151404] [agent_0.guidance]: AGENT 0 checking task Task(id=56, coordinates=array('d', [0.6709308987317524, -2.255912290120368]), value=1, seq_num=56)
[crazychoir_task_assignment_webots_guidance-7] [INFO] [1745223783.061417732] [agent_0.guidance]: ***AGENT 0 Score for task 56: 0.9204064771383479
[crazychoir_task_assignment_webots_guidance-7] [INFO] [1745223783.061668097] [agent_0.guidance]: AGENT 0 checking task Task(id=57, coordinates=array('d', [1.557177174979988, 1.7665399054598527]), value=1, seq_num=57)
[crazychoir_task_assignment_webots_guidance-7] [INFO] [1745223783.061930293] [agent_0.guidance]: ***AGENT 0 Score for task 57: 0.7986011291267988
[crazychoir_task_assignment_webots_guidance-7] [INFO] [1745223783.062180248] [agent_0.guidance]: AGENT 0 checking task Task(id=59, coordinates=array('d', [-1.9573212374683449, 2.6555150983618816]), value=1, seq_num=59)
[crazychoir_task_assignment_webots_guidance-7] [INFO] [1745223783.062447908] [agent_0.guidance]: ***AGENT 0 Score for task 59: 0.7880511065631701
[crazychoir_task_assignment_webots_guidance-7] [INFO] [1745223783.062694556] [agent_0.guidance]: AGENT 0 ADDING Best task: 12 with score: 0.937219217837066
[crazychoir_task_assignment_webots_guidance-7] [INFO] [1745223783.065312180] [agent_0.guidance]: AGENT 0 Removing from remaining tasks: 12
[crazychoir_task_assignment_webots_guidance-7] [INFO] [1745223783.065614277] [agent_0.guidance]: AGENT 0 Remaining tasks: [0, 5, 6, 8, 10, 12, 14, 15, 26, 28, 30, 32, 38, 44, 45, 49, 56, 57, 59]
[crazychoir_task_assignment_webots_guidance-7] [INFO] [1745223783.066054629] [agent_0.guidance]: AGENT 0 Remaining tasks AFTER UPDATE: [0, 5, 6, 8, 10, 14, 15, 26, 28, 30, 32, 38, 44, 45, 49, 56, 57, 59]
[crazychoir_task_assignment_webots_guidance-7] [INFO] [1745223783.066335664] [agent_0.guidance]: AGENT 0 checking task Task(id=0, coordinates=array('d', [2.8021790340820605, 0.28339349505433375]), value=1, seq_num=0)
[crazychoir_task_assignment_webots_guidance-7] [INFO] [1745223783.066621662] [agent_0.guidance]: ***AGENT 0 Score for task 0: 0.7525512545470513
[crazychoir_task_assignment_webots_guidance-7] [INFO] [1745223783.066873392] [agent_0.guidance]: AGENT 0 checking task Task(id=5, coordinates=array('d', [1.6762975307625148, -1.8138895523984815]), value=1, seq_num=5)
[crazychoir_task_assignment_webots_guidance-7] [INFO] [1745223783.067145359] [agent_0.guidance]: ***AGENT 0 Score for task 5: 0.8266657787592665
[crazychoir_task_assignment_webots_guidance-7] [INFO] [1745223783.067393999] [agent_0.guidance]: AGENT 0 checking task Task(id=6, coordinates=array('d', [2.1779594135953335, 2.9004040630518766]), value=1, seq_num=6)
[crazychoir_task_assignment_webots_guidance-7] [INFO] [1745223783.067655886] [agent_0.guidance]: ***AGENT 0 Score for task 6: 0.7039450555718278
[crazychoir_task_assignment_webots_guidance-7] [INFO] [1745223783.067904400] [agent_0.guidance]: AGENT 0 checking task Task(id=8, coordinates=array('d', [-2.9460834139946703, -0.6805723041382237]), value=1, seq_num=8)
[crazychoir_task_assignment_webots_guidance-7] [INFO] [1745223783.068184062] [agent_0.guidance]: ***AGENT 0 Score for task 8: 0.8972675709004005
[crazychoir_task_assignment_webots_guidance-7] [INFO] [1745223783.068446728] [agent_0.guidance]: AGENT 0 checking task Task(id=10, coordinates=array('d', [-0.3831201187212141, 2.6938638406893762]), value=1, seq_num=10)
[crazychoir_task_assignment_webots_guidance-7] [INFO] [1745223783.068715613] [agent_0.guidance]: ***AGENT 0 Score for task 10: 0.7551014746827559
[crazychoir_task_assignment_webots_guidance-7] [INFO] [1745223783.068965546] [agent_0.guidance]: AGENT 0 checking task Task(id=14, coordinates=array('d', [1.4002810050634196, -0.5493368390879114]), value=1, seq_num=14)
[crazychoir_task_assignment_webots_guidance-7] [INFO] [1745223783.069230107] [agent_0.guidance]: ***AGENT 0 Score for task 14: 0.8181996491241899
[crazychoir_task_assignment_webots_guidance-7] [INFO] [1745223783.069478111] [agent_0.guidance]: AGENT 0 checking task Task(id=15, coordinates=array('d', [0.16745294050752202, 2.625429503705652]), value=1, seq_num=15)
[crazychoir_task_assignment_webots_guidance-7] [INFO] [1745223783.069741177] [agent_0.guidance]: ***AGENT 0 Score for task 15: 0.7504720895313909
[crazychoir_task_assignment_webots_guidance-7] [INFO] [1745223783.069987303] [agent_0.guidance]: AGENT 0 checking task Task(id=26, coordinates=array('d', [0.8253424381124201, -1.8513215872862199]), value=1, seq_num=26)
[crazychoir_task_assignment_webots_guidance-7] [INFO] [1745223783.070247074] [agent_0.guidance]: ***AGENT 0 Score for task 26: 0.86299225613452
[crazychoir_task_assignment_webots_guidance-7] [INFO] [1745223783.072864934] [agent_0.guidance]: AGENT 0 checking task Task(id=28, coordinates=array('d', [2.510298234838576, -0.409067571952634]), value=1, seq_num=28)
[crazychoir_task_assignment_webots_guidance-7] [INFO] [1745223783.073218708] [agent_0.guidance]: ***AGENT 0 Score for task 28: 0.7754668605042456
[crazychoir_task_assignment_webots_guidance-7] [INFO] [1745223783.074085516] [agent_0.guidance]: AGENT 0 checking task Task(id=30, coordinates=array('d', [2.428005532460202, -0.5710486961345635]), value=1, seq_num=30)
[crazychoir_task_assignment_webots_guidance-7] [INFO] [1745223783.074405872] [agent_0.guidance]: ***AGENT 0 Score for task 30: 0.7811723107396706
[crazychoir_task_assignment_webots_guidance-7] [INFO] [1745223783.074665049] [agent_0.guidance]: AGENT 0 checking task Task(id=32, coordinates=array('d', [2.07266189456468, 2.1660858705184314]), value=1, seq_num=32)
[crazychoir_task_assignment_webots_guidance-7] [INFO] [1745223783.074933292] [agent_0.guidance]: ***AGENT 0 Score for task 32: 0.7273642069091342
[crazychoir_task_assignment_webots_guidance-7] [INFO] [1745223783.075184223] [agent_0.guidance]: AGENT 0 checking task Task(id=38, coordinates=array('d', [-2.224879297977374, 0.6873770781019921]), value=1, seq_num=38)
[crazychoir_task_assignment_webots_guidance-7] [INFO] [1745223783.075863258] [agent_0.guidance]: ***AGENT 0 Score for task 38: 0.846519372880261
[crazychoir_task_assignment_webots_guidance-7] [INFO] [1745223783.076143713] [agent_0.guidance]: AGENT 0 checking task Task(id=44, coordinates=array('d', [0.06146177576964007, 2.5603241594415067]), value=1, seq_num=44)
[crazychoir_task_assignment_webots_guidance-7] [INFO] [1745223783.076431839] [agent_0.guidance]: ***AGENT 0 Score for task 44: 0.7543328017881923
[crazychoir_task_assignment_webots_guidance-7] [INFO] [1745223783.076691954] [agent_0.guidance]: AGENT 0 checking task Task(id=45, coordinates=array('d', [1.0015666292377556, -2.107638963395658]), value=1, seq_num=45)
[crazychoir_task_assignment_webots_guidance-7] [INFO] [1745223783.076962849] [agent_0.guidance]: ***AGENT 0 Score for task 45: 0.8575745274044958
[crazychoir_task_assignment_webots_guidance-7] [INFO] [1745223783.077214180] [agent_0.guidance]: AGENT 0 checking task Task(id=49, coordinates=array('d', [0.713579559864562, -0.3794022483629207]), value=1, seq_num=49)
[crazychoir_task_assignment_webots_guidance-7] [INFO] [1745223783.077475594] [agent_0.guidance]: ***AGENT 0 Score for task 49: 0.8380377080407192
[crazychoir_task_assignment_webots_guidance-7] [INFO] [1745223783.077725984] [agent_0.guidance]: AGENT 0 checking task Task(id=56, coordinates=array('d', [0.6709308987317524, -2.255912290120368]), value=1, seq_num=56)
[crazychoir_task_assignment_webots_guidance-7] [INFO] [1745223783.077990062] [agent_0.guidance]: ***AGENT 0 Score for task 56: 0.872979939274064
[crazychoir_task_assignment_webots_guidance-7] [INFO] [1745223783.078244657] [agent_0.guidance]: AGENT 0 checking task Task(id=57, coordinates=array('d', [1.557177174979988, 1.7665399054598527]), value=1, seq_num=57)
[crazychoir_task_assignment_webots_guidance-7] [INFO] [1745223783.078518465] [agent_0.guidance]: ***AGENT 0 Score for task 57: 0.7515271480026579
[crazychoir_task_assignment_webots_guidance-7] [INFO] [1745223783.078769196] [agent_0.guidance]: AGENT 0 checking task Task(id=59, coordinates=array('d', [-1.9573212374683449, 2.6555150983618816]), value=1, seq_num=59)
[crazychoir_task_assignment_webots_guidance-7] [INFO] [1745223783.080350144] [agent_0.guidance]: ***AGENT 0 Score for task 59: 0.7656547658413277
[crazychoir_task_assignment_webots_guidance-7] [INFO] [1745223783.080680466] [agent_0.guidance]: AGENT 0 ADDING Best task: 8 with score: 0.8972675709004005
[crazychoir_task_assignment_webots_guidance-7] [INFO] [1745223783.082605076] [agent_0.guidance]: AGENT 0 Removing from remaining tasks: 8
[crazychoir_task_assignment_webots_guidance-7] [INFO] [1745223783.082900873] [agent_0.guidance]: AGENT 0 Remaining tasks: [0, 5, 6, 8, 10, 14, 15, 26, 28, 30, 32, 38, 44, 45, 49, 56, 57, 59]
[crazychoir_task_assignment_webots_guidance-7] [INFO] [1745223783.083157935] [agent_0.guidance]: AGENT 0 Remaining tasks AFTER UPDATE: [0, 5, 6, 10, 14, 15, 26, 28, 30, 32, 38, 44, 45, 49, 56, 57, 59]
[crazychoir_task_assignment_webots_guidance-7] [INFO] [1745223783.083416727] [agent_0.guidance]: AGENT 0 checking task Task(id=0, coordinates=array('d', [2.8021790340820605, 0.28339349505433375]), value=1, seq_num=0)
[crazychoir_task_assignment_webots_guidance-7] [INFO] [1745223783.083698274] [agent_0.guidance]: ***AGENT 0 Score for task 0: 0.7415857664552593
[crazychoir_task_assignment_webots_guidance-7] [INFO] [1745223783.083948029] [agent_0.guidance]: AGENT 0 checking task Task(id=5, coordinates=array('d', [1.6762975307625148, -1.8138895523984815]), value=1, seq_num=5)
[crazychoir_task_assignment_webots_guidance-7] [INFO] [1745223783.084210674] [agent_0.guidance]: ***AGENT 0 Score for task 5: 0.7833940023778867
[crazychoir_task_assignment_webots_guidance-7] [INFO] [1745223783.084458788] [agent_0.guidance]: AGENT 0 checking task Task(id=6, coordinates=array('d', [2.1779594135953335, 2.9004040630518766]), value=1, seq_num=6)
[crazychoir_task_assignment_webots_guidance-7] [INFO] [1745223783.084834889] [agent_0.guidance]: ***AGENT 0 Score for task 6: 0.7256760051338375
[crazychoir_task_assignment_webots_guidance-7] [INFO] [1745223783.085090767] [agent_0.guidance]: AGENT 0 checking task Task(id=10, coordinates=array('d', [-0.3831201187212141, 2.6938638406893762]), value=1, seq_num=10)
[crazychoir_task_assignment_webots_guidance-7] [INFO] [1745223783.085354812] [agent_0.guidance]: ***AGENT 0 Score for task 10: 0.8046479260805134
[crazychoir_task_assignment_webots_guidance-7] [INFO] [1745223783.085602897] [agent_0.guidance]: AGENT 0 checking task Task(id=14, coordinates=array('d', [1.4002810050634196, -0.5493368390879114]), value=1, seq_num=14)
[crazychoir_task_assignment_webots_guidance-7] [INFO] [1745223783.085862284] [agent_0.guidance]: ***AGENT 0 Score for task 14: 0.8000820828690465
[crazychoir_task_assignment_webots_guidance-7] [INFO] [1745223783.086108062] [agent_0.guidance]: AGENT 0 checking task Task(id=15, coordinates=array('d', [0.16745294050752202, 2.625429503705652]), value=1, seq_num=15)
[crazychoir_task_assignment_webots_guidance-7] [INFO] [1745223783.086368891] [agent_0.guidance]: ***AGENT 0 Score for task 15: 0.7922009303220249
[crazychoir_task_assignment_webots_guidance-7] [INFO] [1745223783.086616723] [agent_0.guidance]: AGENT 0 checking task Task(id=26, coordinates=array('d', [0.8253424381124201, -1.8513215872862199]), value=1, seq_num=26)
[crazychoir_task_assignment_webots_guidance-7] [INFO] [1745223783.086877470] [agent_0.guidance]: ***AGENT 0 Score for task 26: 0.8166413136302172
[crazychoir_task_assignment_webots_guidance-7] [INFO] [1745223783.087125368] [agent_0.guidance]: AGENT 0 checking task Task(id=28, coordinates=array('d', [2.510298234838576, -0.409067571952634]), value=1, seq_num=28)
[crazychoir_task_assignment_webots_guidance-7] [INFO] [1745223783.087385050] [agent_0.guidance]: ***AGENT 0 Score for task 28: 0.7556159322698393
[crazychoir_task_assignment_webots_guidance-7] [INFO] [1745223783.087633244] [agent_0.guidance]: AGENT 0 checking task Task(id=30, coordinates=array('d', [2.428005532460202, -0.5710486961345635]), value=1, seq_num=30)
[crazychoir_task_assignment_webots_guidance-7] [INFO] [1745223783.089151834] [agent_0.guidance]: ***AGENT 0 Score for task 30: 0.7590315262130586
[crazychoir_task_assignment_webots_guidance-7] [INFO] [1745223783.090907008] [agent_0.guidance]: AGENT 0 checking task Task(id=32, coordinates=array('d', [2.07266189456468, 2.1660858705184314]), value=1, seq_num=32)
[crazychoir_task_assignment_webots_guidance-7] [INFO] [1745223783.091273019] [agent_0.guidance]: ***AGENT 0 Score for task 32: 0.7438208611440894
[crazychoir_task_assignment_webots_guidance-7] [INFO] [1745223783.091550693] [agent_0.guidance]: AGENT 0 checking task Task(id=38, coordinates=array('d', [-2.224879297977374, 0.6873770781019921]), value=1, seq_num=38)
[crazychoir_task_assignment_webots_guidance-7] [INFO] [1745223783.091889230] [agent_0.guidance]: ***AGENT 0 Score for task 38: 0.9237432840813544
[crazychoir_task_assignment_webots_guidance-7] [INFO] [1745223783.092149242] [agent_0.guidance]: AGENT 0 checking task Task(id=44, coordinates=array('d', [0.06146177576964007, 2.5603241594415067]), value=1, seq_num=44)
[crazychoir_task_assignment_webots_guidance-7] [INFO] [1745223783.092417830] [agent_0.guidance]: ***AGENT 0 Score for task 44: 0.797089795422648
[crazychoir_task_assignment_webots_guidance-7] [INFO] [1745223783.092676259] [agent_0.guidance]: AGENT 0 checking task Task(id=45, coordinates=array('d', [1.0015666292377556, -2.107638963395658]), value=1, seq_num=45)
[crazychoir_task_assignment_webots_guidance-7] [INFO] [1745223783.092940433] [agent_0.guidance]: ***AGENT 0 Score for task 45: 0.8062894465710847
[crazychoir_task_assignment_webots_guidance-7] [INFO] [1745223783.093252091] [agent_0.guidance]: AGENT 0 checking task Task(id=49, coordinates=array('d', [0.713579559864562, -0.3794022483629207]), value=1, seq_num=49)
[crazychoir_task_assignment_webots_guidance-7] [INFO] [1745223783.093534431] [agent_0.guidance]: ***AGENT 0 Score for task 49: 0.8283241295136242
[crazychoir_task_assignment_webots_guidance-7] [INFO] [1745223783.093802387] [agent_0.guidance]: AGENT 0 checking task Task(id=56, coordinates=array('d', [0.6709308987317524, -2.255912290120368]), value=1, seq_num=56)
[crazychoir_task_assignment_webots_guidance-7] [INFO] [1745223783.094068051] [agent_0.guidance]: ***AGENT 0 Score for task 56: 0.8167995515716167
[crazychoir_task_assignment_webots_guidance-7] [INFO] [1745223783.094319210] [agent_0.guidance]: AGENT 0 checking task Task(id=57, coordinates=array('d', [1.557177174979988, 1.7665399054598527]), value=1, seq_num=57)
[crazychoir_task_assignment_webots_guidance-7] [INFO] [1745223783.094580722] [agent_0.guidance]: ***AGENT 0 Score for task 57: 0.7688275492736454
[crazychoir_task_assignment_webots_guidance-7] [INFO] [1745223783.094883823] [agent_0.guidance]: AGENT 0 checking task Task(id=59, coordinates=array('d', [-1.9573212374683449, 2.6555150983618816]), value=1, seq_num=59)
[crazychoir_task_assignment_webots_guidance-7] [INFO] [1745223783.095241291] [agent_0.guidance]: ***AGENT 0 Score for task 59: 0.8365436632615705
[crazychoir_task_assignment_webots_guidance-7] [INFO] [1745223783.095584030] [agent_0.guidance]: AGENT 0 ADDING Best task: 38 with score: 0.9237432840813544
[crazychoir_task_assignment_webots_guidance-7] [INFO] [1745223783.095843347] [agent_0.guidance]: AGENT 0 Removing from remaining tasks: 38
[crazychoir_task_assignment_webots_guidance-7] [INFO] [1745223783.096096984] [agent_0.guidance]: AGENT 0 Remaining tasks: [0, 5, 6, 10, 14, 15, 26, 28, 30, 32, 38, 44, 45, 49, 56, 57, 59]
[crazychoir_task_assignment_webots_guidance-7] [INFO] [1745223783.096459072] [agent_0.guidance]: AGENT 0 Remaining tasks AFTER UPDATE: [0, 5, 6, 10, 14, 15, 26, 28, 30, 32, 44, 45, 49, 56, 57, 59]
[crazychoir_task_assignment_webots_guidance-7] [INFO] [1745223783.096882073] [agent_0.guidance]: AGENT 0 checking task Task(id=0, coordinates=array('d', [2.8021790340820605, 0.28339349505433375]), value=1, seq_num=0)
[crazychoir_task_assignment_webots_guidance-7] [INFO] [1745223783.098487472] [agent_0.guidance]: ***AGENT 0 Score for task 0: 0.772065677763149
[crazychoir_task_assignment_webots_guidance-7] [INFO] [1745223783.100282799] [agent_0.guidance]: AGENT 0 checking task Task(id=5, coordinates=array('d', [1.6762975307625148, -1.8138895523984815]), value=1, seq_num=5)
[crazychoir_task_assignment_webots_guidance-7] [INFO] [1745223783.100647636] [agent_0.guidance]: ***AGENT 0 Score for task 5: 0.7884378024882617
[crazychoir_task_assignment_webots_guidance-7] [INFO] [1745223783.100930427] [agent_0.guidance]: AGENT 0 checking task Task(id=6, coordinates=array('d', [2.1779594135953335, 2.9004040630518766]), value=1, seq_num=6)
[crazychoir_task_assignment_webots_guidance-7] [INFO] [1745223783.101216069] [agent_0.guidance]: ***AGENT 0 Score for task 6: 0.7766548256111384
[crazychoir_task_assignment_webots_guidance-7] [INFO] [1745223783.101473126] [agent_0.guidance]: AGENT 0 checking task Task(id=10, coordinates=array('d', [-0.3831201187212141, 2.6938638406893762]), value=1, seq_num=10)
[crazychoir_task_assignment_webots_guidance-7] [INFO] [1745223783.101744992] [agent_0.guidance]: ***AGENT 0 Score for task 10: 0.869616415110999
[crazychoir_task_assignment_webots_guidance-7] [INFO] [1745223783.102000099] [agent_0.guidance]: AGENT 0 checking task Task(id=14, coordinates=array('d', [1.4002810050634196, -0.5493368390879114]), value=1, seq_num=14)
[crazychoir_task_assignment_webots_guidance-7] [INFO] [1745223783.102273497] [agent_0.guidance]: ***AGENT 0 Score for task 14: 0.821626765785163
[crazychoir_task_assignment_webots_guidance-7] [INFO] [1745223783.102527487] [agent_0.guidance]: AGENT 0 checking task Task(id=15, coordinates=array('d', [0.16745294050752202, 2.625429503705652]), value=1, seq_num=15)
[crazychoir_task_assignment_webots_guidance-7] [INFO] [1745223783.102801658] [agent_0.guidance]: ***AGENT 0 Score for task 15: 0.8539144880257319
[crazychoir_task_assignment_webots_guidance-7] [INFO] [1745223783.103060766] [agent_0.guidance]: AGENT 0 checking task Task(id=26, coordinates=array('d', [0.8253424381124201, -1.8513215872862199]), value=1, seq_num=26)
[crazychoir_task_assignment_webots_guidance-7] [INFO] [1745223783.103340983] [agent_0.guidance]: ***AGENT 0 Score for task 26: 0.8158241270598376
[crazychoir_task_assignment_webots_guidance-7] [INFO] [1745223783.103593895] [agent_0.guidance]: AGENT 0 checking task Task(id=28, coordinates=array('d', [2.510298234838576, -0.409067571952634]), value=1, seq_num=28)
[crazychoir_task_assignment_webots_guidance-7] [INFO] [1745223783.103863311] [agent_0.guidance]: ***AGENT 0 Score for task 28: 0.7793390101989399
[crazychoir_task_assignment_webots_guidance-7] [INFO] [1745223783.104115843] [agent_0.guidance]: AGENT 0 checking task Task(id=30, coordinates=array('d', [2.428005532460202, -0.5710486961345635]), value=1, seq_num=30)
[crazychoir_task_assignment_webots_guidance-7] [INFO] [1745223783.104385771] [agent_0.guidance]: ***AGENT 0 Score for task 30: 0.7809557990561984
[crazychoir_task_assignment_webots_guidance-7] [INFO] [1745223783.104650363] [agent_0.guidance]: AGENT 0 checking task Task(id=32, coordinates=array('d', [2.07266189456468, 2.1660858705184314]), value=1, seq_num=32)
[crazychoir_task_assignment_webots_guidance-7] [INFO] [1745223783.104926261] [agent_0.guidance]: ***AGENT 0 Score for task 32: 0.7920592503580414
[crazychoir_task_assignment_webots_guidance-7] [INFO] [1745223783.105186743] [agent_0.guidance]: AGENT 0 checking task Task(id=44, coordinates=array('d', [0.06146177576964007, 2.5603241594415067]), value=1, seq_num=44)
[crazychoir_task_assignment_webots_guidance-7] [INFO] [1745223783.106683361] [agent_0.guidance]: ***AGENT 0 Score for task 44: 0.8593319558655368
[crazychoir_task_assignment_webots_guidance-7] [INFO] [1745223783.108847617] [agent_0.guidance]: AGENT 0 checking task Task(id=45, coordinates=array('d', [1.0015666292377556, -2.107638963395658]), value=1, seq_num=45)
[crazychoir_task_assignment_webots_guidance-7] [INFO] [1745223783.109213387] [agent_0.guidance]: ***AGENT 0 Score for task 45: 0.8033560225452214
[crazychoir_task_assignment_webots_guidance-7] [INFO] [1745223783.109486752] [agent_0.guidance]: AGENT 0 checking task Task(id=49, coordinates=array('d', [0.713579559864562, -0.3794022483629207]), value=1, seq_num=49)
[crazychoir_task_assignment_webots_guidance-7] [INFO] [1745223783.109775387] [agent_0.guidance]: ***AGENT 0 Score for task 49: 0.8518469211246146
[crazychoir_task_assignment_webots_guidance-7] [INFO] [1745223783.110041130] [agent_0.guidance]: AGENT 0 checking task Task(id=56, coordinates=array('d', [0.6709308987317524, -2.255912290120368]), value=1, seq_num=56)
[crazychoir_task_assignment_webots_guidance-7] [INFO] [1745223783.110462276] [agent_0.guidance]: ***AGENT 0 Score for task 56: 0.8091344471314975
[crazychoir_task_assignment_webots_guidance-7] [INFO] [1745223783.110731786] [agent_0.guidance]: AGENT 0 checking task Task(id=57, coordinates=array('d', [1.557177174979988, 1.7665399054598527]), value=1, seq_num=57)
[crazychoir_task_assignment_webots_guidance-7] [INFO] [1745223783.111013885] [agent_0.guidance]: ***AGENT 0 Score for task 57: 0.8173099480501732
[crazychoir_task_assignment_webots_guidance-7] [INFO] [1745223783.111268609] [agent_0.guidance]: AGENT 0 checking task Task(id=59, coordinates=array('d', [-1.9573212374683449, 2.6555150983618816]), value=1, seq_num=59)
[crazychoir_task_assignment_webots_guidance-7] [INFO] [1745223783.111541673] [agent_0.guidance]: ***AGENT 0 Score for task 59: 0.9031371443254849
[crazychoir_task_assignment_webots_guidance-7] [INFO] [1745223783.111790991] [agent_0.guidance]: AGENT 0 ADDING Best task: 59 with score: 0.9031371443254849
[crazychoir_task_assignment_webots_guidance-7] [INFO] [1745223783.112031188] [agent_0.guidance]: AGENT 0 Removing from remaining tasks: 59
[crazychoir_task_assignment_webots_guidance-7] [INFO] [1745223783.112273580] [agent_0.guidance]: AGENT 0 Remaining tasks: [0, 5, 6, 10, 14, 15, 26, 28, 30, 32, 44, 45, 49, 56, 57, 59]
[crazychoir_task_assignment_webots_guidance-7] [INFO] [1745223783.112521943] [agent_0.guidance]: AGENT 0 Remaining tasks AFTER UPDATE: [0, 5, 6, 10, 14, 15, 26, 28, 30, 32, 44, 45, 49, 56, 57]
[crazychoir_task_assignment_webots_guidance-7] [INFO] [1745223783.112778094] [agent_0.guidance]: AGENT 0 checking task Task(id=0, coordinates=array('d', [2.8021790340820605, 0.28339349505433375]), value=1, seq_num=0)
[crazychoir_task_assignment_webots_guidance-7] [INFO] [1745223783.113058345] [agent_0.guidance]: ***AGENT 0 Score for task 0: 0.7612668143716756
[crazychoir_task_assignment_webots_guidance-7] [INFO] [1745223783.113307589] [agent_0.guidance]: AGENT 0 checking task Task(id=5, coordinates=array('d', [1.6762975307625148, -1.8138895523984815]), value=1, seq_num=5)
[crazychoir_task_assignment_webots_guidance-7] [INFO] [1745223783.113572642] [agent_0.guidance]: ***AGENT 0 Score for task 5: 0.7441932336646317
[crazychoir_task_assignment_webots_guidance-7] [INFO] [1745223783.113820973] [agent_0.guidance]: AGENT 0 checking task Task(id=6, coordinates=array('d', [2.1779594135953335, 2.9004040630518766]), value=1, seq_num=6)
[crazychoir_task_assignment_webots_guidance-7] [INFO] [1745223783.114084667] [agent_0.guidance]: ***AGENT 0 Score for task 6: 0.8085734355481237
[crazychoir_task_assignment_webots_guidance-7] [INFO] [1745223783.114338764] [agent_0.guidance]: AGENT 0 checking task Task(id=10, coordinates=array('d', [-0.3831201187212141, 2.6938638406893762]), value=1, seq_num=10)
[crazychoir_task_assignment_webots_guidance-7] [INFO] [1745223783.114604122] [agent_0.guidance]: ***AGENT 0 Score for task 10: 0.9224058968797608
[crazychoir_task_assignment_webots_guidance-7] [INFO] [1745223783.114854322] [agent_0.guidance]: AGENT 0 checking task Task(id=14, coordinates=array('d', [1.4002810050634196, -0.5493368390879114]), value=1, seq_num=14)
[crazychoir_task_assignment_webots_guidance-7] [INFO] [1745223783.116484574] [agent_0.guidance]: ***AGENT 0 Score for task 14: 0.7881367935382553
[crazychoir_task_assignment_webots_guidance-7] [INFO] [1745223783.118282484] [agent_0.guidance]: AGENT 0 checking task Task(id=15, coordinates=array('d', [0.16745294050752202, 2.625429503705652]), value=1, seq_num=15)
[crazychoir_task_assignment_webots_guidance-7] [INFO] [1745223783.118740467] [agent_0.guidance]: ***AGENT 0 Score for task 15: 0.8967325766377073
[crazychoir_task_assignment_webots_guidance-7] [INFO] [1745223783.119027738] [agent_0.guidance]: AGENT 0 checking task Task(id=26, coordinates=array('d', [0.8253424381124201, -1.8513215872862199]), value=1, seq_num=26)
[crazychoir_task_assignment_webots_guidance-7] [INFO] [1745223783.119318040] [agent_0.guidance]: ***AGENT 0 Score for task 26: 0.7620950103545897
[crazychoir_task_assignment_webots_guidance-7] [INFO] [1745223783.119573194] [agent_0.guidance]: AGENT 0 checking task Task(id=28, coordinates=array('d', [2.510298234838576, -0.409067571952634]), value=1, seq_num=28)
[crazychoir_task_assignment_webots_guidance-7] [INFO] [1745223783.119847809] [agent_0.guidance]: ***AGENT 0 Score for task 28: 0.7573795102620118
[crazychoir_task_assignment_webots_guidance-7] [INFO] [1745223783.120120091] [agent_0.guidance]: AGENT 0 checking task Task(id=30, coordinates=array('d', [2.428005532460202, -0.5710486961345635]), value=1, seq_num=30)
[crazychoir_task_assignment_webots_guidance-7] [INFO] [1745223783.120413049] [agent_0.guidance]: ***AGENT 0 Score for task 30: 0.7563411950130842
[crazychoir_task_assignment_webots_guidance-7] [INFO] [1745223783.120676547] [agent_0.guidance]: AGENT 0 checking task Task(id=32, coordinates=array('d', [2.07266189456468, 2.1660858705184314]), value=1, seq_num=32)
[crazychoir_task_assignment_webots_guidance-7] [INFO] [1745223783.120949113] [agent_0.guidance]: ***AGENT 0 Score for task 32: 0.8120202830179611
[crazychoir_task_assignment_webots_guidance-7] [INFO] [1745223783.121260771] [agent_0.guidance]: AGENT 0 checking task Task(id=44, coordinates=array('d', [0.06146177576964007, 2.5603241594415067]), value=1, seq_num=44)
[crazychoir_task_assignment_webots_guidance-7] [INFO] [1745223783.121544417] [agent_0.guidance]: ***AGENT 0 Score for task 44: 0.9015271840446529
[crazychoir_task_assignment_webots_guidance-7] [INFO] [1745223783.121796112] [agent_0.guidance]: AGENT 0 checking task Task(id=45, coordinates=array('d', [1.0015666292377556, -2.107638963395658]), value=1, seq_num=45)
[crazychoir_task_assignment_webots_guidance-7] [INFO] [1745223783.122068352] [agent_0.guidance]: ***AGENT 0 Score for task 45: 0.7500460045458259
[crazychoir_task_assignment_webots_guidance-7] [INFO] [1745223783.122323907] [agent_0.guidance]: AGENT 0 checking task Task(id=49, coordinates=array('d', [0.713579559864562, -0.3794022483629207]), value=1, seq_num=49)
[crazychoir_task_assignment_webots_guidance-7] [INFO] [1745223783.122598644] [agent_0.guidance]: ***AGENT 0 Score for task 49: 0.8127190384246538
[crazychoir_task_assignment_webots_guidance-7] [INFO] [1745223783.122853728] [agent_0.guidance]: AGENT 0 checking task Task(id=56, coordinates=array('d', [0.6709308987317524, -2.255912290120368]), value=1, seq_num=56)
[crazychoir_task_assignment_webots_guidance-7] [INFO] [1745223783.123121788] [agent_0.guidance]: ***AGENT 0 Score for task 56: 0.751468234043873
[crazychoir_task_assignment_webots_guidance-7] [INFO] [1745223783.123374789] [agent_0.guidance]: AGENT 0 checking task Task(id=57, coordinates=array('d', [1.557177174979988, 1.7665399054598527]), value=1, seq_num=57)
[crazychoir_task_assignment_webots_guidance-7] [INFO] [1745223783.123640757] [agent_0.guidance]: ***AGENT 0 Score for task 57: 0.830316977876557
[crazychoir_task_assignment_webots_guidance-7] [INFO] [1745223783.123887714] [agent_0.guidance]: AGENT 0 ADDING Best task: 10 with score: 0.9224058968797608
[crazychoir_task_assignment_webots_guidance-7] [INFO] [1745223783.124129614] [agent_0.guidance]: AGENT 0 Removing from remaining tasks: 10
[crazychoir_task_assignment_webots_guidance-7] [INFO] [1745223783.124372923] [agent_0.guidance]: AGENT 0 Remaining tasks: [0, 5, 6, 10, 14, 15, 26, 28, 30, 32, 44, 45, 49, 56, 57]
[crazychoir_task_assignment_webots_guidance-7] [INFO] [1745223783.127442026] [agent_0.guidance]: AGENT 0 Remaining tasks AFTER UPDATE: [0, 5, 6, 14, 15, 26, 28, 30, 32, 44, 45, 49, 56, 57]
[crazychoir_task_assignment_webots_guidance-7] [INFO] [1745223783.127751473] [agent_0.guidance]: AGENT 0 checking task Task(id=0, coordinates=array('d', [2.8021790340820605, 0.28339349505433375]), value=1, seq_num=0)
[crazychoir_task_assignment_webots_guidance-7] [INFO] [1745223783.128060329] [agent_0.guidance]: ***AGENT 0 Score for task 0: 0.814733618637747
[crazychoir_task_assignment_webots_guidance-7] [INFO] [1745223783.128320230] [agent_0.guidance]: AGENT 0 checking task Task(id=5, coordinates=array('d', [1.6762975307625148, -1.8138895523984815]), value=1, seq_num=5)
[crazychoir_task_assignment_webots_guidance-7] [INFO] [1745223783.128599465] [agent_0.guidance]: ***AGENT 0 Score for task 5: 0.7755328487560812
[crazychoir_task_assignment_webots_guidance-7] [INFO] [1745223783.128852820] [agent_0.guidance]: AGENT 0 checking task Task(id=6, coordinates=array('d', [2.1779594135953335, 2.9004040630518766]), value=1, seq_num=6)
[crazychoir_task_assignment_webots_guidance-7] [INFO] [1745223783.129120920] [agent_0.guidance]: ***AGENT 0 Score for task 6: 0.8765226795047578
[crazychoir_task_assignment_webots_guidance-7] [INFO] [1745223783.129370875] [agent_0.guidance]: AGENT 0 checking task Task(id=14, coordinates=array('d', [1.4002810050634196, -0.5493368390879114]), value=1, seq_num=14)
[crazychoir_task_assignment_webots_guidance-7] [INFO] [1745223783.129634373] [agent_0.guidance]: ***AGENT 0 Score for task 14: 0.8270859467475484
[crazychoir_task_assignment_webots_guidance-7] [INFO] [1745223783.129883270] [agent_0.guidance]: AGENT 0 checking task Task(id=15, coordinates=array('d', [0.16745294050752202, 2.625429503705652]), value=1, seq_num=15)
[crazychoir_task_assignment_webots_guidance-7] [INFO] [1745223783.130145270] [agent_0.guidance]: ***AGENT 0 Score for task 15: 0.9719430914271079
[crazychoir_task_assignment_webots_guidance-7] [INFO] [1745223783.130394018] [agent_0.guidance]: AGENT 0 checking task Task(id=26, coordinates=array('d', [0.8253424381124201, -1.8513215872862199]), value=1, seq_num=26)
[crazychoir_task_assignment_webots_guidance-7] [INFO] [1745223783.130656138] [agent_0.guidance]: ***AGENT 0 Score for task 26: 0.7856552622147924
[crazychoir_task_assignment_webots_guidance-7] [INFO] [1745223783.130906334] [agent_0.guidance]: AGENT 0 checking task Task(id=28, coordinates=array('d', [2.510298234838576, -0.409067571952634]), value=1, seq_num=28)
[crazychoir_task_assignment_webots_guidance-7] [INFO] [1745223783.131187528] [agent_0.guidance]: ***AGENT 0 Score for task 28: 0.8044315992450377
[crazychoir_task_assignment_webots_guidance-7] [INFO] [1745223783.131437401] [agent_0.guidance]: AGENT 0 checking task Task(id=30, coordinates=array('d', [2.428005532460202, -0.5710486961345635]), value=1, seq_num=30)
[crazychoir_task_assignment_webots_guidance-7] [INFO] [1745223783.131701438] [agent_0.guidance]: ***AGENT 0 Score for task 30: 0.8017241644975985
[crazychoir_task_assignment_webots_guidance-7] [INFO] [1745223783.131952114] [agent_0.guidance]: AGENT 0 checking task Task(id=32, coordinates=array('d', [2.07266189456468, 2.1660858705184314]), value=1, seq_num=32)
[crazychoir_task_assignment_webots_guidance-7] [INFO] [1745223783.132217883] [agent_0.guidance]: ***AGENT 0 Score for task 32: 0.8791134598924485
[crazychoir_task_assignment_webots_guidance-7] [INFO] [1745223783.132541674] [agent_0.guidance]: AGENT 0 checking task Task(id=44, coordinates=array('d', [0.06146177576964007, 2.5603241594415067]), value=1, seq_num=44)
[crazychoir_task_assignment_webots_guidance-7] [INFO] [1745223783.132815847] [agent_0.guidance]: ***AGENT 0 Score for task 44: 0.9764706523614051
[crazychoir_task_assignment_webots_guidance-7] [INFO] [1745223783.133070330] [agent_0.guidance]: AGENT 0 checking task Task(id=45, coordinates=array('d', [1.0015666292377556, -2.107638963395658]), value=1, seq_num=45)
[crazychoir_task_assignment_webots_guidance-7] [INFO] [1745223783.133332788] [agent_0.guidance]: ***AGENT 0 Score for task 45: 0.7738929556922083
[crazychoir_task_assignment_webots_guidance-7] [INFO] [1745223783.133582761] [agent_0.guidance]: AGENT 0 checking task Task(id=49, coordinates=array('d', [0.713579559864562, -0.3794022483629207]), value=1, seq_num=49)
[crazychoir_task_assignment_webots_guidance-7] [INFO] [1745223783.133845177] [agent_0.guidance]: ***AGENT 0 Score for task 49: 0.8458829311842025
[crazychoir_task_assignment_webots_guidance-7] [INFO] [1745223783.134093869] [agent_0.guidance]: AGENT 0 checking task Task(id=56, coordinates=array('d', [0.6709308987317524, -2.255912290120368]), value=1, seq_num=56)
[crazychoir_task_assignment_webots_guidance-7] [INFO] [1745223783.134358400] [agent_0.guidance]: ***AGENT 0 Score for task 56: 0.7713730802123597
[crazychoir_task_assignment_webots_guidance-7] [INFO] [1745223783.139161624] [agent_0.guidance]: AGENT 0 checking task Task(id=57, coordinates=array('d', [1.557177174979988, 1.7665399054598527]), value=1, seq_num=57)
[crazychoir_task_assignment_webots_guidance-7] [INFO] [1745223783.139511654] [agent_0.guidance]: ***AGENT 0 Score for task 57: 0.8955594937331747
[crazychoir_task_assignment_webots_guidance-7] [INFO] [1745223783.139886014] [agent_0.guidance]: AGENT 0 ADDING Best task: 44 with score: 0.9764706523614051
[crazychoir_task_assignment_webots_guidance-7] [INFO] [1745223783.140576758] [agent_0.guidance]: AGENT 0 Removing from remaining tasks: 44
[crazychoir_task_assignment_webots_guidance-7] [INFO] [1745223783.141697661] [agent_0.guidance]: AGENT 0 Remaining tasks: [0, 5, 6, 14, 15, 26, 28, 30, 32, 44, 45, 49, 56, 57]
[crazychoir_task_assignment_webots_guidance-7] [INFO] [1745223783.141991172] [agent_0.guidance]: AGENT 0 Remaining tasks AFTER UPDATE: [0, 5, 6, 14, 15, 26, 28, 30, 32, 45, 49, 56, 57]
[crazychoir_task_assignment_webots_guidance-7] [INFO] [1745223783.142262938] [agent_0.guidance]: AGENT 0 checking task Task(id=0, coordinates=array('d', [2.8021790340820605, 0.28339349505433375]), value=1, seq_num=0)
[crazychoir_task_assignment_webots_guidance-7] [INFO] [1745223783.142564889] [agent_0.guidance]: ***AGENT 0 Score for task 0: 0.8329638556641906
[crazychoir_task_assignment_webots_guidance-7] [INFO] [1745223783.142821472] [agent_0.guidance]: AGENT 0 checking task Task(id=5, coordinates=array('d', [1.6762975307625148, -1.8138895523984815]), value=1, seq_num=5)
[crazychoir_task_assignment_webots_guidance-7] [INFO] [1745223783.143095279] [agent_0.guidance]: ***AGENT 0 Score for task 5: 0.7872818815208216
[crazychoir_task_assignment_webots_guidance-7] [INFO] [1745223783.144547816] [agent_0.guidance]: AGENT 0 checking task Task(id=6, coordinates=array('d', [2.1779594135953335, 2.9004040630518766]), value=1, seq_num=6)
[crazychoir_task_assignment_webots_guidance-7] [INFO] [1745223783.149448829] [agent_0.guidance]: ***AGENT 0 Score for task 6: 0.8958747655039688
[crazychoir_task_assignment_webots_guidance-7] [INFO] [1745223783.149750669] [agent_0.guidance]: AGENT 0 checking task Task(id=14, coordinates=array('d', [1.4002810050634196, -0.5493368390879114]), value=1, seq_num=14)
[crazychoir_task_assignment_webots_guidance-7] [INFO] [1745223783.150046677] [agent_0.guidance]: ***AGENT 0 Score for task 14: 0.8405829444954966
[crazychoir_task_assignment_webots_guidance-7] [INFO] [1745223783.150308149] [agent_0.guidance]: AGENT 0 checking task Task(id=15, coordinates=array('d', [0.16745294050752202, 2.625429503705652]), value=1, seq_num=15)
[crazychoir_task_assignment_webots_guidance-7] [INFO] [1745223783.150587387] [agent_0.guidance]: ***AGENT 0 Score for task 15: 0.9936399465094667
[crazychoir_task_assignment_webots_guidance-7] [INFO] [1745223783.150843057] [agent_0.guidance]: AGENT 0 checking task Task(id=26, coordinates=array('d', [0.8253424381124201, -1.8513215872862199]), value=1, seq_num=26)
[crazychoir_task_assignment_webots_guidance-7] [INFO] [1745223783.151133296] [agent_0.guidance]: ***AGENT 0 Score for task 26: 0.7948077725762777
[crazychoir_task_assignment_webots_guidance-7] [INFO] [1745223783.151385413] [agent_0.guidance]: AGENT 0 checking task Task(id=28, coordinates=array('d', [2.510298234838576, -0.409067571952634]), value=1, seq_num=28)
[crazychoir_task_assignment_webots_guidance-7] [INFO] [1745223783.151743790] [agent_0.guidance]: ***AGENT 0 Score for task 28: 0.8208432329461365
[crazychoir_task_assignment_webots_guidance-7] [INFO] [1745223783.152000351] [agent_0.guidance]: AGENT 0 checking task Task(id=30, coordinates=array('d', [2.428005532460202, -0.5710486961345635]), value=1, seq_num=30)
[crazychoir_task_assignment_webots_guidance-7] [INFO] [1745223783.152274213] [agent_0.guidance]: ***AGENT 0 Score for task 30: 0.8176435492849619
[crazychoir_task_assignment_webots_guidance-7] [INFO] [1745223783.152531057] [agent_0.guidance]: AGENT 0 checking task Task(id=32, coordinates=array('d', [2.07266189456468, 2.1660858705184314]), value=1, seq_num=32)
[crazychoir_task_assignment_webots_guidance-7] [INFO] [1745223783.152800164] [agent_0.guidance]: ***AGENT 0 Score for task 32: 0.9002125749347221
[crazychoir_task_assignment_webots_guidance-7] [INFO] [1745223783.153051942] [agent_0.guidance]: AGENT 0 checking task Task(id=45, coordinates=array('d', [1.0015666292377556, -2.107638963395658]), value=1, seq_num=45)
[crazychoir_task_assignment_webots_guidance-7] [INFO] [1745223783.153319851] [agent_0.guidance]: ***AGENT 0 Score for task 45: 0.7832975149015617
[crazychoir_task_assignment_webots_guidance-7] [INFO] [1745223783.153568525] [agent_0.guidance]: AGENT 0 checking task Task(id=49, coordinates=array('d', [0.713579559864562, -0.3794022483629207]), value=1, seq_num=49)
[crazychoir_task_assignment_webots_guidance-7] [INFO] [1745223783.153831731] [agent_0.guidance]: ***AGENT 0 Score for task 49: 0.856883150649813
[crazychoir_task_assignment_webots_guidance-7] [INFO] [1745223783.154093049] [agent_0.guidance]: AGENT 0 checking task Task(id=56, coordinates=array('d', [0.6709308987317524, -2.255912290120368]), value=1, seq_num=56)
[crazychoir_task_assignment_webots_guidance-7] [INFO] [1745223783.154359071] [agent_0.guidance]: ***AGENT 0 Score for task 56: 0.7795715712840388
[crazychoir_task_assignment_webots_guidance-7] [INFO] [1745223783.154610963] [agent_0.guidance]: AGENT 0 checking task Task(id=57, coordinates=array('d', [1.557177174979988, 1.7665399054598527]), value=1, seq_num=57)
[crazychoir_task_assignment_webots_guidance-7] [INFO] [1745223783.154936306] [agent_0.guidance]: ***AGENT 0 Score for task 57: 0.916810178399211
[crazychoir_task_assignment_webots_guidance-7] [INFO] [1745223783.155187787] [agent_0.guidance]: AGENT 0 ADDING Best task: 15 with score: 0.9936399465094667
[crazychoir_task_assignment_webots_guidance-7] [INFO] [1745223783.158247221] [agent_0.guidance]: AGENT 0 Removing from remaining tasks: 15
[crazychoir_task_assignment_webots_guidance-7] [INFO] [1745223783.158945552] [agent_0.guidance]: AGENT 0 Remaining tasks: [0, 5, 6, 14, 15, 26, 28, 30, 32, 45, 49, 56, 57]
[crazychoir_task_assignment_webots_guidance-7] [INFO] [1745223783.159246993] [agent_0.guidance]: AGENT 0 Remaining tasks AFTER UPDATE: [0, 5, 6, 14, 26, 28, 30, 32, 45, 49, 56, 57]
[crazychoir_task_assignment_webots_guidance-7] [INFO] [1745223783.159520090] [agent_0.guidance]: AGENT 0 checking task Task(id=0, coordinates=array('d', [2.8021790340820605, 0.28339349505433375]), value=1, seq_num=0)
[crazychoir_task_assignment_webots_guidance-7] [INFO] [1745223783.159809860] [agent_0.guidance]: ***AGENT 0 Score for task 0: 0.8345870372588087
[crazychoir_task_assignment_webots_guidance-7] [INFO] [1745223783.160068163] [agent_0.guidance]: AGENT 0 checking task Task(id=5, coordinates=array('d', [1.6762975307625148, -1.8138895523984815]), value=1, seq_num=5)
[crazychoir_task_assignment_webots_guidance-7] [INFO] [1745223783.160339220] [agent_0.guidance]: ***AGENT 0 Score for task 5: 0.7862344248596836
[crazychoir_task_assignment_webots_guidance-7] [INFO] [1745223783.160597529] [agent_0.guidance]: AGENT 0 checking task Task(id=6, coordinates=array('d', [2.1779594135953335, 2.9004040630518766]), value=1, seq_num=6)
[crazychoir_task_assignment_webots_guidance-7] [INFO] [1745223783.160864332] [agent_0.guidance]: ***AGENT 0 Score for task 6: 0.9011482016304501
[crazychoir_task_assignment_webots_guidance-7] [INFO] [1745223783.161116488] [agent_0.guidance]: AGENT 0 checking task Task(id=14, coordinates=array('d', [1.4002810050634196, -0.5493368390879114]), value=1, seq_num=14)
[crazychoir_task_assignment_webots_guidance-7] [INFO] [1745223783.161379222] [agent_0.guidance]: ***AGENT 0 Score for task 14: 0.8397162991499394
[crazychoir_task_assignment_webots_guidance-7] [INFO] [1745223783.161629686] [agent_0.guidance]: AGENT 0 checking task Task(id=26, coordinates=array('d', [0.8253424381124201, -1.8513215872862199]), value=1, seq_num=26)
[crazychoir_task_assignment_webots_guidance-7] [INFO] [1745223783.161983567] [agent_0.guidance]: ***AGENT 0 Score for task 26: 0.7928718904950158
[crazychoir_task_assignment_webots_guidance-7] [INFO] [1745223783.162654757] [agent_0.guidance]: AGENT 0 checking task Task(id=28, coordinates=array('d', [2.510298234838576, -0.409067571952634]), value=1, seq_num=28)
[crazychoir_task_assignment_webots_guidance-7] [INFO] [1745223783.162940077] [agent_0.guidance]: ***AGENT 0 Score for task 28: 0.8214846407698021
[crazychoir_task_assignment_webots_guidance-7] [INFO] [1745223783.163245214] [agent_0.guidance]: AGENT 0 checking task Task(id=30, coordinates=array('d', [2.428005532460202, -0.5710486961345635]), value=1, seq_num=30)
[crazychoir_task_assignment_webots_guidance-7] [INFO] [1745223783.163534137] [agent_0.guidance]: ***AGENT 0 Score for task 30: 0.8180633392922027
[crazychoir_task_assignment_webots_guidance-7] [INFO] [1745223783.163789877] [agent_0.guidance]: AGENT 0 checking task Task(id=32, coordinates=array('d', [2.07266189456468, 2.1660858705184314]), value=1, seq_num=32)
[crazychoir_task_assignment_webots_guidance-7] [INFO] [1745223783.164057831] [agent_0.guidance]: ***AGENT 0 Score for task 32: 0.904362846289097
[crazychoir_task_assignment_webots_guidance-7] [INFO] [1745223783.164311706] [agent_0.guidance]: AGENT 0 checking task Task(id=45, coordinates=array('d', [1.0015666292377556, -2.107638963395658]), value=1, seq_num=45)
[crazychoir_task_assignment_webots_guidance-7] [INFO] [1745223783.164589716] [agent_0.guidance]: ***AGENT 0 Score for task 45: 0.781518995967719
[crazychoir_task_assignment_webots_guidance-7] [INFO] [1745223783.164843177] [agent_0.guidance]: AGENT 0 checking task Task(id=49, coordinates=array('d', [0.713579559864562, -0.3794022483629207]), value=1, seq_num=49)
[crazychoir_task_assignment_webots_guidance-7] [INFO] [1745223783.165107278] [agent_0.guidance]: ***AGENT 0 Score for task 49: 0.8550009677044954
[crazychoir_task_assignment_webots_guidance-7] [INFO] [1745223783.165359070] [agent_0.guidance]: AGENT 0 checking task Task(id=56, coordinates=array('d', [0.6709308987317524, -2.255912290120368]), value=1, seq_num=56)
[crazychoir_task_assignment_webots_guidance-7] [INFO] [1745223783.165624369] [agent_0.guidance]: ***AGENT 0 Score for task 56: 0.7774714009833913
[crazychoir_task_assignment_webots_guidance-7] [INFO] [1745223783.168604591] [agent_0.guidance]: AGENT 0 checking task Task(id=57, coordinates=array('d', [1.557177174979988, 1.7665399054598527]), value=1, seq_num=57)
[crazychoir_task_assignment_webots_guidance-7] [INFO] [1745223783.168984338] [agent_0.guidance]: ***AGENT 0 Score for task 57: 0.9196164244430638
[crazychoir_task_assignment_webots_guidance-7] [INFO] [1745223783.169250308] [agent_0.guidance]: AGENT 0 ADDING Best task: 57 with score: 0.9196164244430638
[crazychoir_task_assignment_webots_guidance-7] [INFO] [1745223783.169496285] [agent_0.guidance]: AGENT 0 Removing from remaining tasks: 57
[crazychoir_task_assignment_webots_guidance-7] [INFO] [1745223783.169744192] [agent_0.guidance]: AGENT 0 Remaining tasks: [0, 5, 6, 14, 26, 28, 30, 32, 45, 49, 56, 57]
[crazychoir_task_assignment_webots_guidance-7] [INFO] [1745223783.169990311] [agent_0.guidance]: AGENT 0 Remaining tasks AFTER UPDATE: [0, 5, 6, 14, 26, 28, 30, 32, 45, 49, 56]
[crazychoir_task_assignment_webots_guidance-7] [INFO] [1745223783.170253159] [agent_0.guidance]: AGENT 0 checking task Task(id=0, coordinates=array('d', [2.8021790340820605, 0.28339349505433375]), value=1, seq_num=0)
[crazychoir_task_assignment_webots_guidance-7] [INFO] [1745223783.170535290] [agent_0.guidance]: ***AGENT 0 Score for task 0: 0.9054476968918237
[crazychoir_task_assignment_webots_guidance-7] [INFO] [1745223783.170789152] [agent_0.guidance]: AGENT 0 checking task Task(id=5, coordinates=array('d', [1.6762975307625148, -1.8138895523984815]), value=1, seq_num=5)
[crazychoir_task_assignment_webots_guidance-7] [INFO] [1745223783.171059984] [agent_0.guidance]: ***AGENT 0 Score for task 5: 0.8321407891430292
[crazychoir_task_assignment_webots_guidance-7] [INFO] [1745223783.171316113] [agent_0.guidance]: AGENT 0 checking task Task(id=6, coordinates=array('d', [2.1779594135953335, 2.9004040630518766]), value=1, seq_num=6)
[crazychoir_task_assignment_webots_guidance-7] [INFO] [1745223783.171581481] [agent_0.guidance]: ***AGENT 0 Score for task 6: 0.9358446814039456
[crazychoir_task_assignment_webots_guidance-7] [INFO] [1745223783.171830222] [agent_0.guidance]: AGENT 0 checking task Task(id=14, coordinates=array('d', [1.4002810050634196, -0.5493368390879114]), value=1, seq_num=14)
[crazychoir_task_assignment_webots_guidance-7] [INFO] [1745223783.172155674] [agent_0.guidance]: ***AGENT 0 Score for task 14: 0.8877534292467939
[crazychoir_task_assignment_webots_guidance-7] [INFO] [1745223783.172411685] [agent_0.guidance]: AGENT 0 checking task Task(id=26, coordinates=array('d', [0.8253424381124201, -1.8513215872862199]), value=1, seq_num=26)
[crazychoir_task_assignment_webots_guidance-7] [INFO] [1745223783.172686170] [agent_0.guidance]: ***AGENT 0 Score for task 26: 0.827512838755176
[crazychoir_task_assignment_webots_guidance-7] [INFO] [1745223783.172936243] [agent_0.guidance]: AGENT 0 checking task Task(id=28, coordinates=array('d', [2.510298234838576, -0.409067571952634]), value=1, seq_num=28)
[crazychoir_task_assignment_webots_guidance-7] [INFO] [1745223783.173200207] [agent_0.guidance]: ***AGENT 0 Score for task 28: 0.8852959662799879
[crazychoir_task_assignment_webots_guidance-7] [INFO] [1745223783.173449850] [agent_0.guidance]: AGENT 0 checking task Task(id=30, coordinates=array('d', [2.428005532460202, -0.5710486961345635]), value=1, seq_num=30)
[crazychoir_task_assignment_webots_guidance-7] [INFO] [1745223783.174607741] [agent_0.guidance]: ***AGENT 0 Score for task 30: 0.8798951885480154
[crazychoir_task_assignment_webots_guidance-7] [INFO] [1745223783.174897581] [agent_0.guidance]: AGENT 0 checking task Task(id=32, coordinates=array('d', [2.07266189456468, 2.1660858705184314]), value=1, seq_num=32)
[crazychoir_task_assignment_webots_guidance-7] [INFO] [1745223783.175211715] [agent_0.guidance]: ***AGENT 0 Score for task 32: 0.9671000212854093
[crazychoir_task_assignment_webots_guidance-7] [INFO] [1745223783.175472689] [agent_0.guidance]: AGENT 0 checking task Task(id=45, coordinates=array('d', [1.0015666292377556, -2.107638963395658]), value=1, seq_num=45)
[crazychoir_task_assignment_webots_guidance-7] [INFO] [1745223783.175786694] [agent_0.guidance]: ***AGENT 0 Score for task 45: 0.8181148267441845
[crazychoir_task_assignment_webots_guidance-7] [INFO] [1745223783.176081793] [agent_0.guidance]: AGENT 0 checking task Task(id=49, coordinates=array('d', [0.713579559864562, -0.3794022483629207]), value=1, seq_num=49)
[crazychoir_task_assignment_webots_guidance-7] [INFO] [1745223783.178161585] [agent_0.guidance]: ***AGENT 0 Score for task 49: 0.8884541817471454
[crazychoir_task_assignment_webots_guidance-7] [INFO] [1745223783.178517751] [agent_0.guidance]: AGENT 0 checking task Task(id=56, coordinates=array('d', [0.6709308987317524, -2.255912290120368]), value=1, seq_num=56)
[crazychoir_task_assignment_webots_guidance-7] [INFO] [1745223783.180776666] [agent_0.guidance]: ***AGENT 0 Score for task 56: 0.8095527851360017
[crazychoir_task_assignment_webots_guidance-7] [INFO] [1745223783.181639788] [agent_0.guidance]: AGENT 0 ADDING Best task: 32 with score: 0.9671000212854093
[crazychoir_task_assignment_webots_guidance-7] [INFO] [1745223783.181918779] [agent_0.guidance]: AGENT 0 Removing from remaining tasks: 32
[crazychoir_task_assignment_webots_guidance-7] [INFO] [1745223783.182174623] [agent_0.guidance]: AGENT 0 Remaining tasks: [0, 5, 6, 14, 26, 28, 30, 32, 45, 49, 56]
[crazychoir_task_assignment_webots_guidance-7] [INFO] [1745223783.182424576] [agent_0.guidance]: AGENT 0 Remaining tasks AFTER UPDATE: [0, 5, 6, 14, 26, 28, 30, 45, 49, 56]
[crazychoir_task_assignment_webots_guidance-7] [INFO] [1745223783.182745131] [agent_0.guidance]: AGENT 0 checking task Task(id=0, coordinates=array('d', [2.8021790340820605, 0.28339349505433375]), value=1, seq_num=0)
[crazychoir_task_assignment_webots_guidance-7] [INFO] [1745223783.183051800] [agent_0.guidance]: ***AGENT 0 Score for task 0: 0.9016166983181678
[crazychoir_task_assignment_webots_guidance-7] [INFO] [1745223783.183341603] [agent_0.guidance]: AGENT 0 checking task Task(id=5, coordinates=array('d', [1.6762975307625148, -1.8138895523984815]), value=1, seq_num=5)
[crazychoir_task_assignment_webots_guidance-7] [INFO] [1745223783.183649795] [agent_0.guidance]: ***AGENT 0 Score for task 5: 0.8145203036288944
[crazychoir_task_assignment_webots_guidance-7] [INFO] [1745223783.183908897] [agent_0.guidance]: AGENT 0 checking task Task(id=6, coordinates=array('d', [2.1779594135953335, 2.9004040630518766]), value=1, seq_num=6)
[crazychoir_task_assignment_webots_guidance-7] [INFO] [1745223783.184214528] [agent_0.guidance]: ***AGENT 0 Score for task 6: 0.9626639680443257
[crazychoir_task_assignment_webots_guidance-7] [INFO] [1745223783.184480858] [agent_0.guidance]: AGENT 0 checking task Task(id=14, coordinates=array('d', [1.4002810050634196, -0.5493368390879114]), value=1, seq_num=14)
[crazychoir_task_assignment_webots_guidance-7] [INFO] [1745223783.186434339] [agent_0.guidance]: ***AGENT 0 Score for task 14: 0.8663299673191214
[crazychoir_task_assignment_webots_guidance-7] [INFO] [1745223783.186729070] [agent_0.guidance]: AGENT 0 checking task Task(id=26, coordinates=array('d', [0.8253424381124201, -1.8513215872862199]), value=1, seq_num=26)
[crazychoir_task_assignment_webots_guidance-7] [INFO] [1745223783.187843023] [agent_0.guidance]: ***AGENT 0 Score for task 26: 0.805920907673789
[crazychoir_task_assignment_webots_guidance-7] [INFO] [1745223783.190809829] [agent_0.guidance]: AGENT 0 checking task Task(id=28, coordinates=array('d', [2.510298234838576, -0.409067571952634]), value=1, seq_num=28)
[crazychoir_task_assignment_webots_guidance-7] [INFO] [1745223783.191203618] [agent_0.guidance]: ***AGENT 0 Score for task 28: 0.8746058238461907
[crazychoir_task_assignment_webots_guidance-7] [INFO] [1745223783.191480502] [agent_0.guidance]: AGENT 0 checking task Task(id=30, coordinates=array('d', [2.428005532460202, -0.5710486961345635]), value=1, seq_num=30)
[crazychoir_task_assignment_webots_guidance-7] [INFO] [1745223783.191761191] [agent_0.guidance]: ***AGENT 0 Score for task 30: 0.8679902188283902
[crazychoir_task_assignment_webots_guidance-7] [INFO] [1745223783.192023179] [agent_0.guidance]: AGENT 0 checking task Task(id=45, coordinates=array('d', [1.0015666292377556, -2.107638963395658]), value=1, seq_num=45)
[crazychoir_task_assignment_webots_guidance-7] [INFO] [1745223783.192298934] [agent_0.guidance]: ***AGENT 0 Score for task 45: 0.7977235194040303
[crazychoir_task_assignment_webots_guidance-7] [INFO] [1745223783.192586798] [agent_0.guidance]: AGENT 0 checking task Task(id=49, coordinates=array('d', [0.713579559864562, -0.3794022483629207]), value=1, seq_num=49)
[crazychoir_task_assignment_webots_guidance-7] [INFO] [1745223783.192866578] [agent_0.guidance]: ***AGENT 0 Score for task 49: 0.8624213840017892
[crazychoir_task_assignment_webots_guidance-7] [INFO] [1745223783.193121936] [agent_0.guidance]: AGENT 0 checking task Task(id=56, coordinates=array('d', [0.6709308987317524, -2.255912290120368]), value=1, seq_num=56)
[crazychoir_task_assignment_webots_guidance-7] [INFO] [1745223783.193392124] [agent_0.guidance]: ***AGENT 0 Score for task 56: 0.7882485394954032
[crazychoir_task_assignment_webots_guidance-7] [INFO] [1745223783.193645842] [agent_0.guidance]: AGENT 0 ADDING Best task: 6 with score: 0.9626639680443257
[crazychoir_task_assignment_webots_guidance-7] [INFO] [1745223783.194053653] [agent_0.guidance]: AGENT 0 Removing from remaining tasks: 6
[crazychoir_task_assignment_webots_guidance-7] [INFO] [1745223783.194313632] [agent_0.guidance]: AGENT 0 Remaining tasks: [0, 5, 6, 14, 26, 28, 30, 45, 49, 56]
[crazychoir_task_assignment_webots_guidance-7] [INFO] [1745223783.194563891] [agent_0.guidance]: AGENT 0 Remaining tasks AFTER UPDATE: [0, 5, 14, 26, 28, 30, 45, 49, 56]
[crazychoir_task_assignment_webots_guidance-7] [INFO] [1745223783.194827708] [agent_0.guidance]: AGENT 0 checking task Task(id=0, coordinates=array('d', [2.8021790340820605, 0.28339349505433375]), value=1, seq_num=0)
[crazychoir_task_assignment_webots_guidance-7] [INFO] [1745223783.195113711] [agent_0.guidance]: ***AGENT 0 Score for task 0: 0.8710979638630939
[crazychoir_task_assignment_webots_guidance-7] [INFO] [1745223783.195368014] [agent_0.guidance]: AGENT 0 checking task Task(id=5, coordinates=array('d', [1.6762975307625148, -1.8138895523984815]), value=1, seq_num=5)
[crazychoir_task_assignment_webots_guidance-7] [INFO] [1745223783.195663596] [agent_0.guidance]: ***AGENT 0 Score for task 5: 0.7841327888994859
[crazychoir_task_assignment_webots_guidance-7] [INFO] [1745223783.195934728] [agent_0.guidance]: AGENT 0 checking task Task(id=14, coordinates=array('d', [1.4002810050634196, -0.5493368390879114]), value=1, seq_num=14)
[crazychoir_task_assignment_webots_guidance-7] [INFO] [1745223783.196222123] [agent_0.guidance]: ***AGENT 0 Score for task 14: 0.8341107890406361
[crazychoir_task_assignment_webots_guidance-7] [INFO] [1745223783.196479204] [agent_0.guidance]: AGENT 0 checking task Task(id=26, coordinates=array('d', [0.8253424381124201, -1.8513215872862199]), value=1, seq_num=26)
[crazychoir_task_assignment_webots_guidance-7] [INFO] [1745223783.196744479] [agent_0.guidance]: ***AGENT 0 Score for task 26: 0.7761463720485797
[crazychoir_task_assignment_webots_guidance-7] [INFO] [1745223783.196994487] [agent_0.guidance]: AGENT 0 checking task Task(id=28, coordinates=array('d', [2.510298234838576, -0.409067571952634]), value=1, seq_num=28)
[crazychoir_task_assignment_webots_guidance-7] [INFO] [1745223783.197254504] [agent_0.guidance]: ***AGENT 0 Score for task 28: 0.8431524647477929
[crazychoir_task_assignment_webots_guidance-7] [INFO] [1745223783.197504995] [agent_0.guidance]: AGENT 0 checking task Task(id=30, coordinates=array('d', [2.428005532460202, -0.5710486961345635]), value=1, seq_num=30)
[crazychoir_task_assignment_webots_guidance-7] [INFO] [1745223783.197764385] [agent_0.guidance]: ***AGENT 0 Score for task 30: 0.8365043460065898
[crazychoir_task_assignment_webots_guidance-7] [INFO] [1745223783.198013035] [agent_0.guidance]: AGENT 0 checking task Task(id=45, coordinates=array('d', [1.0015666292377556, -2.107638963395658]), value=1, seq_num=45)
[crazychoir_task_assignment_webots_guidance-7] [INFO] [1745223783.198273283] [agent_0.guidance]: ***AGENT 0 Score for task 45: 0.7680726544103446
[crazychoir_task_assignment_webots_guidance-7] [INFO] [1745223783.198523700] [agent_0.guidance]: AGENT 0 checking task Task(id=49, coordinates=array('d', [0.713579559864562, -0.3794022483629207]), value=1, seq_num=49)
[crazychoir_task_assignment_webots_guidance-7] [INFO] [1745223783.198792434] [agent_0.guidance]: ***AGENT 0 Score for task 49: 0.8317370778625072
[crazychoir_task_assignment_webots_guidance-7] [INFO] [1745223783.199045321] [agent_0.guidance]: AGENT 0 checking task Task(id=56, coordinates=array('d', [0.6709308987317524, -2.255912290120368]), value=1, seq_num=56)
[crazychoir_task_assignment_webots_guidance-7] [INFO] [1745223783.201569184] [agent_0.guidance]: ***AGENT 0 Score for task 56: 0.7591550466229743
[crazychoir_task_assignment_webots_guidance-7] [INFO] [1745223783.201915074] [agent_0.guidance]: AGENT 0 ADDING Best task: 0 with score: 0.8710979638630939
[crazychoir_task_assignment_webots_guidance-7] [INFO] [1745223783.202708409] [agent_0.guidance]: AGENT 0 Removing from remaining tasks: 0
[crazychoir_task_assignment_webots_guidance-7] [INFO] [1745223783.202990825] [agent_0.guidance]: AGENT 0 Remaining tasks: [0, 5, 14, 26, 28, 30, 45, 49, 56]
[crazychoir_task_assignment_webots_guidance-7] [INFO] [1745223783.203853255] [agent_0.guidance]: AGENT 0 Remaining tasks AFTER UPDATE: [5, 14, 26, 28, 30, 45, 49, 56]
[crazychoir_task_assignment_webots_guidance-7] [INFO] [1745223783.204148879] [agent_0.guidance]: AGENT 0 checking task Task(id=5, coordinates=array('d', [1.6762975307625148, -1.8138895523984815]), value=1, seq_num=5)
[crazychoir_task_assignment_webots_guidance-7] [INFO] [1745223783.204441885] [agent_0.guidance]: ***AGENT 0 Score for task 5: 0.8850620767031053
[crazychoir_task_assignment_webots_guidance-7] [INFO] [1745223783.204724290] [agent_0.guidance]: AGENT 0 checking task Task(id=14, coordinates=array('d', [1.4002810050634196, -0.5493368390879114]), value=1, seq_num=14)
[crazychoir_task_assignment_webots_guidance-7] [INFO] [1745223783.204994298] [agent_0.guidance]: ***AGENT 0 Score for task 14: 0.919764796968772
[crazychoir_task_assignment_webots_guidance-7] [INFO] [1745223783.205286500] [agent_0.guidance]: AGENT 0 checking task Task(id=26, coordinates=array('d', [0.8253424381124201, -1.8513215872862199]), value=1, seq_num=26)
[crazychoir_task_assignment_webots_guidance-7] [INFO] [1745223783.205600850] [agent_0.guidance]: ***AGENT 0 Score for task 26: 0.8613664926902961
[crazychoir_task_assignment_webots_guidance-7] [INFO] [1745223783.205857950] [agent_0.guidance]: AGENT 0 checking task Task(id=28, coordinates=array('d', [2.510298234838576, -0.409067571952634]), value=1, seq_num=28)
[crazychoir_task_assignment_webots_guidance-7] [INFO] [1745223783.206182995] [agent_0.guidance]: ***AGENT 0 Score for task 28: 0.9621883899412387
[crazychoir_task_assignment_webots_guidance-7] [INFO] [1745223783.206441502] [agent_0.guidance]: AGENT 0 checking task Task(id=30, coordinates=array('d', [2.428005532460202, -0.5710486961345635]), value=1, seq_num=30)
[crazychoir_task_assignment_webots_guidance-7] [INFO] [1745223783.206734052] [agent_0.guidance]: ***AGENT 0 Score for task 30: 0.9532812249555105
[crazychoir_task_assignment_webots_guidance-7] [INFO] [1745223783.207098362] [agent_0.guidance]: AGENT 0 checking task Task(id=45, coordinates=array('d', [1.0015666292377556, -2.107638963395658]), value=1, seq_num=45)
[crazychoir_task_assignment_webots_guidance-7] [INFO] [1745223783.207366819] [agent_0.guidance]: ***AGENT 0 Score for task 45: 0.8576741364311528
[crazychoir_task_assignment_webots_guidance-7] [INFO] [1745223783.208569052] [agent_0.guidance]: AGENT 0 checking task Task(id=49, coordinates=array('d', [0.713579559864562, -0.3794022483629207]), value=1, seq_num=49)
[crazychoir_task_assignment_webots_guidance-7] [INFO] [1745223783.209025430] [agent_0.guidance]: ***AGENT 0 Score for task 49: 0.8936902206786274
[crazychoir_task_assignment_webots_guidance-7] [INFO] [1745223783.209295189] [agent_0.guidance]: AGENT 0 checking task Task(id=56, coordinates=array('d', [0.6709308987317524, -2.255912290120368]), value=1, seq_num=56)
[crazychoir_task_assignment_webots_guidance-7] [INFO] [1745223783.209566881] [agent_0.guidance]: ***AGENT 0 Score for task 56: 0.8436264059680769
[crazychoir_task_assignment_webots_guidance-7] [INFO] [1745223783.209816966] [agent_0.guidance]: AGENT 0 ADDING Best task: 28 with score: 0.9621883899412387
[crazychoir_task_assignment_webots_guidance-7] [INFO] [1745223783.210068180] [agent_0.guidance]: AGENT 0 Removing from remaining tasks: 28
[crazychoir_task_assignment_webots_guidance-7] [INFO] [1745223783.210314052] [agent_0.guidance]: AGENT 0 Remaining tasks: [5, 14, 26, 28, 30, 45, 49, 56]
[crazychoir_task_assignment_webots_guidance-7] [INFO] [1745223783.210557397] [agent_0.guidance]: AGENT 0 Remaining tasks AFTER UPDATE: [5, 14, 26, 30, 45, 49, 56]
[crazychoir_task_assignment_webots_guidance-7] [INFO] [1745223783.213669845] [agent_0.guidance]: AGENT 0 checking task Task(id=5, coordinates=array('d', [1.6762975307625148, -1.8138895523984815]), value=1, seq_num=5)
[crazychoir_task_assignment_webots_guidance-7] [INFO] [1745223783.214009801] [agent_0.guidance]: ***AGENT 0 Score for task 5: 0.9196155989519028
[crazychoir_task_assignment_webots_guidance-7] [INFO] [1745223783.214267271] [agent_0.guidance]: AGENT 0 checking task Task(id=14, coordinates=array('d', [1.4002810050634196, -0.5493368390879114]), value=1, seq_num=14)
[crazychoir_task_assignment_webots_guidance-7] [INFO] [1745223783.214541993] [agent_0.guidance]: ***AGENT 0 Score for task 14: 0.9442264705025881
[crazychoir_task_assignment_webots_guidance-7] [INFO] [1745223783.214792749] [agent_0.guidance]: AGENT 0 checking task Task(id=26, coordinates=array('d', [0.8253424381124201, -1.8513215872862199]), value=1, seq_num=26)
[crazychoir_task_assignment_webots_guidance-7] [INFO] [1745223783.215057254] [agent_0.guidance]: ***AGENT 0 Score for task 26: 0.8924681389697177
[crazychoir_task_assignment_webots_guidance-7] [INFO] [1745223783.216419804] [agent_0.guidance]: AGENT 0 checking task Task(id=30, coordinates=array('d', [2.428005532460202, -0.5710486961345635]), value=1, seq_num=30)
[crazychoir_task_assignment_webots_guidance-7] [INFO] [1745223783.216985079] [agent_0.guidance]: ***AGENT 0 Score for task 30: 0.9907239924693231
[crazychoir_task_assignment_webots_guidance-7] [INFO] [1745223783.217263597] [agent_0.guidance]: AGENT 0 checking task Task(id=45, coordinates=array('d', [1.0015666292377556, -2.107638963395658]), value=1, seq_num=45)
[crazychoir_task_assignment_webots_guidance-7] [INFO] [1745223783.217546794] [agent_0.guidance]: ***AGENT 0 Score for task 45: 0.8900016600024858
[crazychoir_task_assignment_webots_guidance-7] [INFO] [1745223783.217803729] [agent_0.guidance]: AGENT 0 checking task Task(id=49, coordinates=array('d', [0.713579559864562, -0.3794022483629207]), value=1, seq_num=49)
[crazychoir_task_assignment_webots_guidance-7] [INFO] [1745223783.218072450] [agent_0.guidance]: ***AGENT 0 Score for task 49: 0.9119481160892672
[crazychoir_task_assignment_webots_guidance-7] [INFO] [1745223783.218460372] [agent_0.guidance]: AGENT 0 checking task Task(id=56, coordinates=array('d', [0.6709308987317524, -2.255912290120368]), value=1, seq_num=56)
[crazychoir_task_assignment_webots_guidance-7] [INFO] [1745223783.218739400] [agent_0.guidance]: ***AGENT 0 Score for task 56: 0.8748537208197832
[crazychoir_task_assignment_webots_guidance-7] [INFO] [1745223783.218987133] [agent_0.guidance]: AGENT 0 ADDING Best task: 30 with score: 0.9907239924693231
[crazychoir_task_assignment_webots_guidance-7] [INFO] [1745223783.219229383] [agent_0.guidance]: AGENT 0 Removing from remaining tasks: 30
[crazychoir_task_assignment_webots_guidance-7] [INFO] [1745223783.219472089] [agent_0.guidance]: AGENT 0 Remaining tasks: [5, 14, 26, 30, 45, 49, 56]
[crazychoir_task_assignment_webots_guidance-7] [INFO] [1745223783.219714150] [agent_0.guidance]: AGENT 0 Remaining tasks AFTER UPDATE: [5, 14, 26, 45, 49, 56]
[crazychoir_task_assignment_webots_guidance-7] [INFO] [1745223783.219969976] [agent_0.guidance]: AGENT 0 checking task Task(id=5, coordinates=array('d', [1.6762975307625148, -1.8138895523984815]), value=1, seq_num=5)
[crazychoir_task_assignment_webots_guidance-7] [INFO] [1745223783.220267360] [agent_0.guidance]: ***AGENT 0 Score for task 5: 0.9282048377126447
[crazychoir_task_assignment_webots_guidance-7] [INFO] [1745223783.220527179] [agent_0.guidance]: AGENT 0 checking task Task(id=14, coordinates=array('d', [1.4002810050634196, -0.5493368390879114]), value=1, seq_num=14)
[crazychoir_task_assignment_webots_guidance-7] [INFO] [1745223783.220828132] [agent_0.guidance]: ***AGENT 0 Score for task 14: 0.9486388234948206
[crazychoir_task_assignment_webots_guidance-7] [INFO] [1745223783.221082754] [agent_0.guidance]: AGENT 0 checking task Task(id=26, coordinates=array('d', [0.8253424381124201, -1.8513215872862199]), value=1, seq_num=26)
[crazychoir_task_assignment_webots_guidance-7] [INFO] [1745223783.221382871] [agent_0.guidance]: ***AGENT 0 Score for task 26: 0.9001306280096552
[crazychoir_task_assignment_webots_guidance-7] [INFO] [1745223783.221635307] [agent_0.guidance]: AGENT 0 checking task Task(id=45, coordinates=array('d', [1.0015666292377556, -2.107638963395658]), value=1, seq_num=45)
[crazychoir_task_assignment_webots_guidance-7] [INFO] [1745223783.224216358] [agent_0.guidance]: ***AGENT 0 Score for task 45: 0.898038069374033
[crazychoir_task_assignment_webots_guidance-7] [INFO] [1745223783.225119347] [agent_0.guidance]: AGENT 0 checking task Task(id=49, coordinates=array('d', [0.713579559864562, -0.3794022483629207]), value=1, seq_num=49)
[crazychoir_task_assignment_webots_guidance-7] [INFO] [1745223783.225473331] [agent_0.guidance]: ***AGENT 0 Score for task 49: 0.9153156672458271
[crazychoir_task_assignment_webots_guidance-7] [INFO] [1745223783.225747197] [agent_0.guidance]: AGENT 0 checking task Task(id=56, coordinates=array('d', [0.6709308987317524, -2.255912290120368]), value=1, seq_num=56)
[crazychoir_task_assignment_webots_guidance-7] [INFO] [1745223783.226029526] [agent_0.guidance]: ***AGENT 0 Score for task 56: 0.8826151590182403
[crazychoir_task_assignment_webots_guidance-7] [INFO] [1745223783.226754772] [agent_0.guidance]: AGENT 0 ADDING Best task: 14 with score: 0.9486388234948206
[crazychoir_task_assignment_webots_guidance-7] [INFO] [1745223783.227279124] [agent_0.guidance]: AGENT 0 Removing from remaining tasks: 14
[crazychoir_task_assignment_webots_guidance-7] [INFO] [1745223783.227541523] [agent_0.guidance]: AGENT 0 Remaining tasks: [5, 14, 26, 45, 49, 56]
[crazychoir_task_assignment_webots_guidance-7] [INFO] [1745223783.227812476] [agent_0.guidance]: AGENT 0 Remaining tasks AFTER UPDATE: [5, 26, 45, 49, 56]
[crazychoir_task_assignment_webots_guidance-7] [INFO] [1745223783.228076261] [agent_0.guidance]: AGENT 0 checking task Task(id=5, coordinates=array('d', [1.6762975307625148, -1.8138895523984815]), value=1, seq_num=5)
[crazychoir_task_assignment_webots_guidance-7] [INFO] [1745223783.228364756] [agent_0.guidance]: ***AGENT 0 Score for task 5: 0.9357656361224499
[crazychoir_task_assignment_webots_guidance-7] [INFO] [1745223783.228636387] [agent_0.guidance]: AGENT 0 checking task Task(id=26, coordinates=array('d', [0.8253424381124201, -1.8513215872862199]), value=1, seq_num=26)
[crazychoir_task_assignment_webots_guidance-7] [INFO] [1745223783.228904857] [agent_0.guidance]: ***AGENT 0 Score for task 26: 0.9295965648706085
[crazychoir_task_assignment_webots_guidance-7] [INFO] [1745223783.229153871] [agent_0.guidance]: AGENT 0 checking task Task(id=45, coordinates=array('d', [1.0015666292377556, -2.107638963395658]), value=1, seq_num=45)
[crazychoir_task_assignment_webots_guidance-7] [INFO] [1745223783.229467699] [agent_0.guidance]: ***AGENT 0 Score for task 45: 0.9208064965271958
[crazychoir_task_assignment_webots_guidance-7] [INFO] [1745223783.229718797] [agent_0.guidance]: AGENT 0 checking task Task(id=49, coordinates=array('d', [0.713579559864562, -0.3794022483629207]), value=1, seq_num=49)
[crazychoir_task_assignment_webots_guidance-7] [INFO] [1745223783.229981002] [agent_0.guidance]: ***AGENT 0 Score for task 49: 0.9643647643419099
[crazychoir_task_assignment_webots_guidance-7] [INFO] [1745223783.230231386] [agent_0.guidance]: AGENT 0 checking task Task(id=56, coordinates=array('d', [0.6709308987317524, -2.255912290120368]), value=1, seq_num=56)
[crazychoir_task_assignment_webots_guidance-7] [INFO] [1745223783.231159238] [agent_0.guidance]: ***AGENT 0 Score for task 56: 0.9091955885593225
[crazychoir_task_assignment_webots_guidance-7] [INFO] [1745223783.231813246] [agent_0.guidance]: AGENT 0 ADDING Best task: 49 with score: 0.9643647643419099
[crazychoir_task_assignment_webots_guidance-7] [INFO] [1745223783.232128640] [agent_0.guidance]: AGENT 0 Removing from remaining tasks: 49
[crazychoir_task_assignment_webots_guidance-7] [INFO] [1745223783.232379494] [agent_0.guidance]: AGENT 0 Remaining tasks: [5, 26, 45, 49, 56]
[crazychoir_task_assignment_webots_guidance-7] [INFO] [1745223783.232627711] [agent_0.guidance]: AGENT 0 Remaining tasks AFTER UPDATE: [5, 26, 45, 56]
[crazychoir_task_assignment_webots_guidance-7] [INFO] [1745223783.232883295] [agent_0.guidance]: AGENT 0 checking task Task(id=5, coordinates=array('d', [1.6762975307625148, -1.8138895523984815]), value=1, seq_num=5)
[crazychoir_task_assignment_webots_guidance-7] [INFO] [1745223783.236360854] [agent_0.guidance]: ***AGENT 0 Score for task 5: 0.9151988012792275
[crazychoir_task_assignment_webots_guidance-7] [INFO] [1745223783.236759293] [agent_0.guidance]: AGENT 0 checking task Task(id=26, coordinates=array('d', [0.8253424381124201, -1.8513215872862199]), value=1, seq_num=26)
[crazychoir_task_assignment_webots_guidance-7] [INFO] [1745223783.237111226] [agent_0.guidance]: ***AGENT 0 Score for task 26: 0.9270786061927636
[crazychoir_task_assignment_webots_guidance-7] [INFO] [1745223783.237378654] [agent_0.guidance]: AGENT 0 checking task Task(id=45, coordinates=array('d', [1.0015666292377556, -2.107638963395658]), value=1, seq_num=45)
[crazychoir_task_assignment_webots_guidance-7] [INFO] [1745223783.237656039] [agent_0.guidance]: ***AGENT 0 Score for task 45: 0.9140506555029874
[crazychoir_task_assignment_webots_guidance-7] [INFO] [1745223783.238417171] [agent_0.guidance]: AGENT 0 checking task Task(id=56, coordinates=array('d', [0.6709308987317524, -2.255912290120368]), value=1, seq_num=56)
[crazychoir_task_assignment_webots_guidance-7] [INFO] [1745223783.238782266] [agent_0.guidance]: ***AGENT 0 Score for task 56: 0.9082121900714577
[crazychoir_task_assignment_webots_guidance-7] [INFO] [1745223783.239035043] [agent_0.guidance]: AGENT 0 ADDING Best task: 26 with score: 0.9270786061927636
[crazychoir_task_assignment_webots_guidance-7] [INFO] [1745223783.239275780] [agent_0.guidance]: AGENT 0 Removing from remaining tasks: 26
[crazychoir_task_assignment_webots_guidance-7] [INFO] [1745223783.239517003] [agent_0.guidance]: AGENT 0 Remaining tasks: [5, 26, 45, 56]
[crazychoir_task_assignment_webots_guidance-7] [INFO] [1745223783.242533554] [agent_0.guidance]: AGENT 0 Remaining tasks AFTER UPDATE: [5, 45, 56]
[crazychoir_task_assignment_webots_guidance-7] [INFO] [1745223783.242883615] [agent_0.guidance]: AGENT 0 checking task Task(id=5, coordinates=array('d', [1.6762975307625148, -1.8138895523984815]), value=1, seq_num=5)
[crazychoir_task_assignment_webots_guidance-7] [INFO] [1745223783.243274936] [agent_0.guidance]: ***AGENT 0 Score for task 5: 0.957250181831461
[crazychoir_task_assignment_webots_guidance-7] [INFO] [1745223783.243546809] [agent_0.guidance]: AGENT 0 checking task Task(id=45, coordinates=array('d', [1.0015666292377556, -2.107638963395658]), value=1, seq_num=45)
[crazychoir_task_assignment_webots_guidance-7] [INFO] [1745223783.243840082] [agent_0.guidance]: ***AGENT 0 Score for task 45: 0.9841717055663963
[crazychoir_task_assignment_webots_guidance-7] [INFO] [1745223783.244917271] [agent_0.guidance]: AGENT 0 checking task Task(id=56, coordinates=array('d', [0.6709308987317524, -2.255912290120368]), value=1, seq_num=56)
[crazychoir_task_assignment_webots_guidance-7] [INFO] [1745223783.245251958] [agent_0.guidance]: ***AGENT 0 Score for task 56: 0.9780320746740678
[crazychoir_task_assignment_webots_guidance-7] [INFO] [1745223783.248142915] [agent_0.guidance]: AGENT 0 ADDING Best task: 45 with score: 0.9841717055663963
[crazychoir_task_assignment_webots_guidance-7] [INFO] [1745223783.248449080] [agent_0.guidance]: AGENT 0 Removing from remaining tasks: 45
[crazychoir_task_assignment_webots_guidance-7] [INFO] [1745223783.248716685] [agent_0.guidance]: AGENT 0 Remaining tasks: [5, 45, 56]
[crazychoir_task_assignment_webots_guidance-7] [INFO] [1745223783.248963483] [agent_0.guidance]: AGENT 0 Remaining tasks AFTER UPDATE: [5, 56]
[crazychoir_task_assignment_webots_guidance-7] [INFO] [1745223783.249227235] [agent_0.guidance]: AGENT 0 checking task Task(id=5, coordinates=array('d', [1.6762975307625148, -1.8138895523984815]), value=1, seq_num=5)
[crazychoir_task_assignment_webots_guidance-7] [INFO] [1745223783.249508710] [agent_0.guidance]: ***AGENT 0 Score for task 5: 0.9629567360202494
[crazychoir_task_assignment_webots_guidance-7] [INFO] [1745223783.249762682] [agent_0.guidance]: AGENT 0 checking task Task(id=56, coordinates=array('d', [0.6709308987317524, -2.255912290120368]), value=1, seq_num=56)
[crazychoir_task_assignment_webots_guidance-7] [INFO] [1745223783.250029903] [agent_0.guidance]: ***AGENT 0 Score for task 56: 0.9815850145685242
[crazychoir_task_assignment_webots_guidance-7] [INFO] [1745223783.250275950] [agent_0.guidance]: AGENT 0 ADDING Best task: 56 with score: 0.9815850145685242
[crazychoir_task_assignment_webots_guidance-7] [INFO] [1745223783.250515888] [agent_0.guidance]: AGENT 0 Removing from remaining tasks: 56
[crazychoir_task_assignment_webots_guidance-7] [INFO] [1745223783.250759124] [agent_0.guidance]: AGENT 0 Remaining tasks: [5, 56]
[crazychoir_task_assignment_webots_guidance-7] [INFO] [1745223783.250995611] [agent_0.guidance]: AGENT 0 Remaining tasks AFTER UPDATE: [5]
[crazychoir_task_assignment_webots_guidance-7] [INFO] [1745223783.251317146] [agent_0.guidance]: AGENT 0 checking task Task(id=5, coordinates=array('d', [1.6762975307625148, -1.8138895523984815]), value=1, seq_num=5)
[crazychoir_task_assignment_webots_guidance-7] [INFO] [1745223783.251592990] [agent_0.guidance]: ***AGENT 0 Score for task 5: 0.9452246078178406
[crazychoir_task_assignment_webots_guidance-7] [INFO] [1745223783.251838389] [agent_0.guidance]: AGENT 0 ADDING Best task: 5 with score: 0.9452246078178406
[crazychoir_task_assignment_webots_guidance-7] [INFO] [1745223783.252076919] [agent_0.guidance]: AGENT 0 Removing from remaining tasks: 5
[crazychoir_task_assignment_webots_guidance-7] [INFO] [1745223783.252316266] [agent_0.guidance]: AGENT 0 Remaining tasks: [5]
[crazychoir_task_assignment_webots_guidance-7] [INFO] [1745223783.252561549] [agent_0.guidance]: AGENT 0 Remaining tasks AFTER UPDATE: []
[crazychoir_task_assignment_webots_guidance-7] [INFO] [1745223783.252806117] [agent_0.guidance]: AGENT 0 get_result: PATH AFTER UPDATE: [18, 36, 19, 22, 50, 47, 12, 8, 38, 59, 10, 44, 15, 57, 32, 6, 0, 28, 30, 14, 49, 26, 45, 56, 5]
[crazychoir_task_assignment_webots_guidance-7] [INFO] [1745223783.253053471] [agent_0.guidance]: AGENT 0 get_result: TASK 18 FOUND IN TASK MAP. NOW ADDING
[crazychoir_task_assignment_webots_guidance-7] [INFO] [1745223783.253303330] [agent_0.guidance]: AGENT 0 get_result: TASK 36 FOUND IN TASK MAP. NOW ADDING
[crazychoir_task_assignment_webots_guidance-7] [INFO] [1745223783.253539962] [agent_0.guidance]: AGENT 0 get_result: TASK 19 FOUND IN TASK MAP. NOW ADDING
[crazychoir_task_assignment_webots_guidance-7] [INFO] [1745223783.253776773] [agent_0.guidance]: AGENT 0 get_result: TASK 22 FOUND IN TASK MAP. NOW ADDING
[crazychoir_task_assignment_webots_guidance-7] [INFO] [1745223783.254010452] [agent_0.guidance]: AGENT 0 get_result: TASK 50 FOUND IN TASK MAP. NOW ADDING
[crazychoir_task_assignment_webots_guidance-7] [INFO] [1745223783.254246148] [agent_0.guidance]: AGENT 0 get_result: TASK 47 FOUND IN TASK MAP. NOW ADDING
[crazychoir_task_assignment_webots_guidance-7] [INFO] [1745223783.254480316] [agent_0.guidance]: AGENT 0 get_result: TASK 12 FOUND IN TASK MAP. NOW ADDING
[crazychoir_task_assignment_webots_guidance-7] [INFO] [1745223783.254714427] [agent_0.guidance]: AGENT 0 get_result: TASK 8 FOUND IN TASK MAP. NOW ADDING
[crazychoir_task_assignment_webots_guidance-7] [INFO] [1745223783.254948356] [agent_0.guidance]: AGENT 0 get_result: TASK 38 FOUND IN TASK MAP. NOW ADDING
[crazychoir_task_assignment_webots_guidance-7] [INFO] [1745223783.255183098] [agent_0.guidance]: AGENT 0 get_result: TASK 59 FOUND IN TASK MAP. NOW ADDING
[crazychoir_task_assignment_webots_guidance-7] [INFO] [1745223783.255417054] [agent_0.guidance]: AGENT 0 get_result: TASK 10 FOUND IN TASK MAP. NOW ADDING
[crazychoir_task_assignment_webots_guidance-7] [INFO] [1745223783.255653582] [agent_0.guidance]: AGENT 0 get_result: TASK 44 FOUND IN TASK MAP. NOW ADDING
[crazychoir_task_assignment_webots_guidance-7] [INFO] [1745223783.258725320] [agent_0.guidance]: AGENT 0 get_result: TASK 15 FOUND IN TASK MAP. NOW ADDING
[crazychoir_task_assignment_webots_guidance-7] [INFO] [1745223783.259017724] [agent_0.guidance]: AGENT 0 get_result: TASK 57 FOUND IN TASK MAP. NOW ADDING
[crazychoir_task_assignment_webots_guidance-7] [INFO] [1745223783.259270990] [agent_0.guidance]: AGENT 0 get_result: TASK 32 FOUND IN TASK MAP. NOW ADDING
[crazychoir_task_assignment_webots_guidance-7] [INFO] [1745223783.259511365] [agent_0.guidance]: AGENT 0 get_result: TASK 6 FOUND IN TASK MAP. NOW ADDING
[crazychoir_task_assignment_webots_guidance-7] [INFO] [1745223783.259749872] [agent_0.guidance]: AGENT 0 get_result: TASK 0 FOUND IN TASK MAP. NOW ADDING
[crazychoir_task_assignment_webots_guidance-7] [INFO] [1745223783.259987575] [agent_0.guidance]: AGENT 0 get_result: TASK 28 FOUND IN TASK MAP. NOW ADDING
[crazychoir_task_assignment_webots_guidance-7] [INFO] [1745223783.260224715] [agent_0.guidance]: AGENT 0 get_result: TASK 30 FOUND IN TASK MAP. NOW ADDING
[crazychoir_task_assignment_webots_guidance-7] [INFO] [1745223783.260459265] [agent_0.guidance]: AGENT 0 get_result: TASK 14 FOUND IN TASK MAP. NOW ADDING
[crazychoir_task_assignment_webots_guidance-7] [INFO] [1745223783.260699557] [agent_0.guidance]: AGENT 0 get_result: TASK 49 FOUND IN TASK MAP. NOW ADDING
[crazychoir_task_assignment_webots_guidance-7] [INFO] [1745223783.260933447] [agent_0.guidance]: AGENT 0 get_result: TASK 26 FOUND IN TASK MAP. NOW ADDING
[crazychoir_task_assignment_webots_guidance-7] [INFO] [1745223783.261168082] [agent_0.guidance]: AGENT 0 get_result: TASK 45 FOUND IN TASK MAP. NOW ADDING
[crazychoir_task_assignment_webots_guidance-7] [INFO] [1745223783.261402245] [agent_0.guidance]: AGENT 0 get_result: TASK 56 FOUND IN TASK MAP. NOW ADDING
[crazychoir_task_assignment_webots_guidance-7] [INFO] [1745223783.261637726] [agent_0.guidance]: AGENT 0 get_result: TASK 5 FOUND IN TASK MAP. NOW ADDING
[crazychoir_task_assignment_webots_guidance-7] [WARN] [1745223783.261928561] [agent_0.guidance]: AGENT 0 get_result: FINAL ASSIGNED TASKS: [18, 36, 19, 22, 50, 47, 12, 8, 38, 59, 10, 44, 15, 57, 32, 6, 0, 28, 30, 14, 49, 26, 45, 56, 5] NOW EXITING
[crazychoir_task_assignment_webots_guidance-7] [INFO] [1745223783.262211449] [agent_0.guidance]: AGENT 0 Optimization result: [18, 36, 19, 22, 50, 47, 12, 8, 38, 59, 10, 44, 15, 57, 32, 6, 0, 28, 30, 14, 49, 26, 45, 56, 5]
[crazychoir_task_assignment_webots_guidance-7] [INFO] [1745223783.262480281] [agent_0.guidance]: AGENT 0 task queue: [18, 36, 19, 22, 50, 47, 12, 8, 38, 59, 10, 44, 15, 57, 32, 6, 0, 28, 30, 14, 49, 26, 45, 56, 5]
[crazychoir_task_assignment_webots_guidance-7] [WARN] [1745223783.263247555] [agent_0.guidance]: ********AGENT 0 Entered start_new_task******
[crazychoir_task_assignment_webots_guidance-7] [INFO] [1745223783.263503091] [agent_0.guidance]: Got new task (seq_num 18) - starting execution
[crazychoir_task_assignment_webots_planner-9] [INFO] [1745223783.264939415] [agent_0.planner]: Moving robot to position [0.14642448 0.82566146]
[crazychoir_task_assignment_webots_planner-9] [INFO] [1745223783.265352426] [agent_0.planner]: Goal [0.14642448041084055, 0.8256614647559619, 0.5] sent
[crazychoir_task_assignment_webots_planner-29] [INFO] [1745223794.873788316] [agent_4.planner]: Goal reached - current position: [ 1.07064381 -1.48504643]
[crazychoir_task_assignment_webots_guidance-27] [INFO] [1745223794.875308957] [agent_4.guidance]: Task completed (seq_num 23)
[crazychoir_task_assignment_webots_guidance-27] [WARN] [1745223794.875953818] [agent_4.guidance]: ********AGENT 4 Entered start_new_task******
[crazychoir_task_assignment_webots_guidance-27] [INFO] [1745223794.876213945] [agent_4.guidance]: Got new task (seq_num 2) - starting execution
[crazychoir_task_assignment_webots_planner-29] [INFO] [1745223794.878438578] [agent_4.planner]: Moving robot to position [ 1.18637295 -1.70346303]
[crazychoir_task_assignment_webots_planner-29] [INFO] [1745223794.878811958] [agent_4.planner]: Goal [1.1863729475836244, -1.7034630265177417, 1.1] sent
[crazychoir_task_assignment_webots_planner-34] [INFO] [1745223796.845336898] [agent_5.planner]: Goal reached - current position: [ 2.40131861 -0.86404966]
[crazychoir_task_assignment_webots_guidance-32] [INFO] [1745223796.846450083] [agent_5.guidance]: Task completed (seq_num 25)
[crazychoir_task_assignment_webots_guidance-32] [WARN] [1745223796.847019818] [agent_5.guidance]: ********AGENT 5 Entered start_new_task******
[crazychoir_task_assignment_webots_guidance-32] [WARN] [1745223796.847317547] [agent_5.guidance]: ********AGENT 5 start_new_task: Queue is EMPTY.******
[crazychoir_task_assignment_webots_planner-14] [INFO] [1745223798.334788568] [agent_1.planner]: Goal reached - current position: [-0.06210602  1.81232522]
[crazychoir_task_assignment_webots_guidance-12] [INFO] [1745223798.337107706] [agent_1.guidance]: Task completed (seq_num 43)
[crazychoir_task_assignment_webots_guidance-12] [WARN] [1745223798.338289655] [agent_1.guidance]: ********AGENT 1 Entered start_new_task******
[crazychoir_task_assignment_webots_guidance-12] [INFO] [1745223798.338632200] [agent_1.guidance]: Got new task (seq_num 42) - starting execution
[crazychoir_task_assignment_webots_planner-14] [INFO] [1745223798.340363061] [agent_1.planner]: Moving robot to position [0.42984823 2.06224196]
[crazychoir_task_assignment_webots_planner-14] [INFO] [1745223798.340733112] [agent_1.planner]: Goal [0.4298482296884947, 2.062241963943933, 0.65] sent
[crazychoir_task_assignment_webots_planner-39] [INFO] [1745223798.620782027] [agent_6.planner]: Goal reached - current position: [ 1.98330938 -0.54904582]
[crazychoir_task_assignment_webots_guidance-37] [INFO] [1745223798.622980813] [agent_6.guidance]: Task completed (seq_num 29)
[crazychoir_task_assignment_webots_guidance-37] [WARN] [1745223798.623640806] [agent_6.guidance]: ********AGENT 6 Entered start_new_task******
[crazychoir_task_assignment_webots_guidance-37] [WARN] [1745223798.623953023] [agent_6.guidance]: ********AGENT 6 start_new_task: Queue is EMPTY.******
[crazychoir_task_assignment_webots_planner-49] [INFO] [1745223799.356415828] [agent_8.planner]: Goal reached - current position: [ 1.64497434 -1.89694748]
[crazychoir_task_assignment_webots_guidance-47] [INFO] [1745223799.357706791] [agent_8.guidance]: Task completed (seq_num 21)
[crazychoir_task_assignment_webots_guidance-47] [WARN] [1745223799.358356546] [agent_8.guidance]: ********AGENT 8 Entered start_new_task******
[crazychoir_task_assignment_webots_guidance-47] [INFO] [1745223799.358641453] [agent_8.guidance]: Got new task (seq_num 3) - starting execution
[crazychoir_task_assignment_webots_planner-49] [INFO] [1745223799.360424079] [agent_8.planner]: Moving robot to position [ 2.85764673 -2.96261847]
[crazychoir_task_assignment_webots_planner-49] [INFO] [1745223799.360776543] [agent_8.planner]: Goal [2.8576467286574507, -2.962618468772461, 1.7] sent
[crazychoir_task_assignment_webots_planner-24] [INFO] [1745223799.409625420] [agent_3.planner]: Goal reached - current position: [-1.44867942 -0.42815942]
[crazychoir_task_assignment_webots_guidance-22] [INFO] [1745223799.410931074] [agent_3.guidance]: Task completed (seq_num 4)
[crazychoir_task_assignment_webots_guidance-22] [WARN] [1745223799.411512488] [agent_3.guidance]: ********AGENT 3 Entered start_new_task******
[crazychoir_task_assignment_webots_guidance-22] [INFO] [1745223799.411891489] [agent_3.guidance]: Got new task (seq_num 17) - starting execution
[crazychoir_task_assignment_webots_planner-24] [INFO] [1745223799.413838539] [agent_3.planner]: Moving robot to position [-2.05065956  0.27121591]
[crazychoir_task_assignment_webots_planner-24] [INFO] [1745223799.414220817] [agent_3.planner]: Goal [-2.0506595568912034, 0.2712159102192766, 0.95] sent
[crazychoir_task_assignment_webots_planner-9] [INFO] [1745223800.015697212] [agent_0.planner]: Goal reached - current position: [0.19541896 0.83517151]
[crazychoir_task_assignment_webots_guidance-7] [INFO] [1745223800.016942990] [agent_0.guidance]: Task completed (seq_num 18)
[crazychoir_task_assignment_webots_guidance-7] [WARN] [1745223800.017550303] [agent_0.guidance]: ********AGENT 0 Entered start_new_task******
[crazychoir_task_assignment_webots_guidance-7] [INFO] [1745223800.017808803] [agent_0.guidance]: Got new task (seq_num 36) - starting execution
[crazychoir_task_assignment_webots_planner-9] [INFO] [1745223800.019737113] [agent_0.planner]: Moving robot to position [0.08840383 0.62138106]
[crazychoir_task_assignment_webots_planner-9] [INFO] [1745223800.020087431] [agent_0.planner]: Goal [0.0884038254788706, 0.6213810621612383, 0.5] sent
[crazychoir_task_assignment_webots_planner-19] [INFO] [1745223800.392938537] [agent_2.planner]: Goal reached - current position: [-2.45256512  1.38576001]
[crazychoir_task_assignment_webots_guidance-17] [INFO] [1745223800.393941606] [agent_2.guidance]: Task completed (seq_num 53)
[crazychoir_task_assignment_webots_guidance-17] [WARN] [1745223800.394516177] [agent_2.guidance]: ********AGENT 2 Entered start_new_task******
[crazychoir_task_assignment_webots_guidance-17] [INFO] [1745223800.394775254] [agent_2.guidance]: Got new task (seq_num 9) - starting execution
[crazychoir_task_assignment_webots_planner-19] [INFO] [1745223800.396654040] [agent_2.planner]: Moving robot to position [-2.73503965  2.73991781]
[crazychoir_task_assignment_webots_planner-19] [INFO] [1745223800.397002827] [agent_2.planner]: Goal [-2.7350396524110026, 2.7399178062854155, 0.8] sent
[crazychoir_task_assignment_webots_planner-29] [INFO] [1745223809.174140441] [agent_4.planner]: Goal reached - current position: [ 1.16259138 -1.65956521]
[crazychoir_task_assignment_webots_guidance-27] [INFO] [1745223809.176262406] [agent_4.guidance]: Task completed (seq_num 2)
[crazychoir_task_assignment_webots_guidance-27] [WARN] [1745223809.176859849] [agent_4.guidance]: ********AGENT 4 Entered start_new_task******
[crazychoir_task_assignment_webots_guidance-27] [INFO] [1745223809.177125306] [agent_4.guidance]: Got new task (seq_num 34) - starting execution
[crazychoir_task_assignment_webots_planner-29] [INFO] [1745223809.179520562] [agent_4.planner]: Moving robot to position [ 0.58359964 -1.52727775]
[crazychoir_task_assignment_webots_planner-29] [INFO] [1745223809.179862014] [agent_4.planner]: Goal [0.5835996439150497, -1.5272777485013873, 1.1] sent
[crazychoir_task_assignment_webots_planner-9] [INFO] [1745223814.167503946] [agent_0.planner]: Goal reached - current position: [0.10916907 0.66671239]
[crazychoir_task_assignment_webots_guidance-7] [INFO] [1745223814.168955852] [agent_0.guidance]: Task completed (seq_num 36)
[crazychoir_task_assignment_webots_guidance-7] [WARN] [1745223814.170404528] [agent_0.guidance]: ********AGENT 0 Entered start_new_task******
[crazychoir_task_assignment_webots_guidance-7] [INFO] [1745223814.170716274] [agent_0.guidance]: Got new task (seq_num 19) - starting execution
[crazychoir_task_assignment_webots_planner-9] [INFO] [1745223814.172613602] [agent_0.planner]: Moving robot to position [-0.59102734  0.89883065]
[crazychoir_task_assignment_webots_planner-9] [INFO] [1745223814.172957279] [agent_0.planner]: Goal [-0.5910273384583626, 0.898830654116054, 0.5] sent
[crazychoir_task_assignment_webots_planner-14] [INFO] [1745223814.258432618] [agent_1.planner]: Goal reached - current position: [0.38514553 2.04030504]
[crazychoir_task_assignment_webots_guidance-12] [INFO] [1745223814.259941181] [agent_1.guidance]: Task completed (seq_num 42)
[crazychoir_task_assignment_webots_guidance-12] [WARN] [1745223814.260529584] [agent_1.guidance]: ********AGENT 1 Entered start_new_task******
[crazychoir_task_assignment_webots_guidance-12] [INFO] [1745223814.260877654] [agent_1.guidance]: Got new task (seq_num 51) - starting execution
[crazychoir_task_assignment_webots_planner-14] [INFO] [1745223814.264249785] [agent_1.planner]: Moving robot to position [-0.48579579  2.41453114]
[crazychoir_task_assignment_webots_planner-14] [INFO] [1745223814.264639450] [agent_1.planner]: Goal [-0.485795792686198, 2.414531135256845, 0.65] sent
[crazychoir_task_assignment_webots_planner-24] [INFO] [1745223816.196637597] [agent_3.planner]: Goal reached - current position: [-2.01809185  0.23339963]
[crazychoir_task_assignment_webots_guidance-22] [INFO] [1745223816.197593669] [agent_3.guidance]: Task completed (seq_num 17)
[crazychoir_task_assignment_webots_guidance-22] [WARN] [1745223816.198148698] [agent_3.guidance]: ********AGENT 3 Entered start_new_task******
[crazychoir_task_assignment_webots_guidance-22] [INFO] [1745223816.198406099] [agent_3.guidance]: Got new task (seq_num 7) - starting execution
[crazychoir_task_assignment_webots_planner-24] [INFO] [1745223816.201144402] [agent_3.planner]: Moving robot to position [-2.01694655  0.58400366]
[crazychoir_task_assignment_webots_planner-24] [INFO] [1745223816.201483513] [agent_3.planner]: Goal [-2.0169465515718077, 0.584003663597155, 0.95] sent
[crazychoir_task_assignment_webots_planner-49] [INFO] [1745223816.873286003] [agent_8.planner]: Goal reached - current position: [ 2.82027836 -2.9295729 ]
[crazychoir_task_assignment_webots_guidance-47] [INFO] [1745223816.875483268] [agent_8.guidance]: Task completed (seq_num 3)
[crazychoir_task_assignment_webots_guidance-47] [WARN] [1745223816.876453520] [agent_8.guidance]: ********AGENT 8 Entered start_new_task******
[crazychoir_task_assignment_webots_guidance-47] [INFO] [1745223816.878703282] [agent_8.guidance]: Got new task (seq_num 41) - starting execution
[crazychoir_task_assignment_webots_planner-49] [INFO] [1745223816.880562062] [agent_8.planner]: Moving robot to position [1.10413929 0.08792218]
[crazychoir_task_assignment_webots_planner-49] [INFO] [1745223816.880916291] [agent_8.planner]: Goal [1.1041392907417658, 0.08792218250193873, 1.7] sent
[crazychoir_task_assignment_webots_planner-19] [INFO] [1745223817.664512209] [agent_2.planner]: Goal reached - current position: [-2.72286871  2.69154903]
[crazychoir_task_assignment_webots_guidance-17] [INFO] [1745223817.666834534] [agent_2.guidance]: Task completed (seq_num 9)
[crazychoir_task_assignment_webots_guidance-17] [WARN] [1745223817.667558601] [agent_2.guidance]: ********AGENT 2 Entered start_new_task******
[crazychoir_task_assignment_webots_guidance-17] [WARN] [1745223817.667873174] [agent_2.guidance]: ********AGENT 2 start_new_task: Queue is EMPTY.******
[crazychoir_task_assignment_webots_planner-29] [INFO] [1745223825.139428424] [agent_4.planner]: Goal reached - current position: [ 0.63233325 -1.53802774]
[crazychoir_task_assignment_webots_guidance-27] [INFO] [1745223825.140373430] [agent_4.guidance]: Task completed (seq_num 34)
[crazychoir_task_assignment_webots_guidance-27] [WARN] [1745223825.141657147] [agent_4.guidance]: ********AGENT 4 Entered start_new_task******
[crazychoir_task_assignment_webots_guidance-27] [INFO] [1745223825.142677979] [agent_4.guidance]: Got new task (seq_num 13) - starting execution
[crazychoir_task_assignment_webots_planner-29] [INFO] [1745223825.145005482] [agent_4.planner]: Moving robot to position [ 0.60445633 -1.9921669 ]
[crazychoir_task_assignment_webots_planner-29] [INFO] [1745223825.147238758] [agent_4.planner]: Goal [0.6044563282666156, -1.992166897689577, 1.1] sent
[crazychoir_task_assignment_webots_planner-9] [INFO] [1745223830.650265684] [agent_0.planner]: Goal reached - current position: [-0.54257881  0.88734902]
[crazychoir_task_assignment_webots_guidance-7] [INFO] [1745223830.652074108] [agent_0.guidance]: Task completed (seq_num 19)
[crazychoir_task_assignment_webots_guidance-7] [WARN] [1745223830.652684996] [agent_0.guidance]: ********AGENT 0 Entered start_new_task******
[crazychoir_task_assignment_webots_guidance-7] [INFO] [1745223830.652944673] [agent_0.guidance]: Got new task (seq_num 22) - starting execution
[crazychoir_task_assignment_webots_planner-9] [INFO] [1745223830.655026070] [agent_0.planner]: Moving robot to position [-0.74654539  0.01519836]
[crazychoir_task_assignment_webots_planner-9] [INFO] [1745223830.655371624] [agent_0.planner]: Goal [-0.7465453884747459, 0.015198355961606236, 0.5] sent
[crazychoir_task_assignment_webots_planner-14] [INFO] [1745223831.040598042] [agent_1.planner]: Goal reached - current position: [-0.44094053  2.392704  ]
[crazychoir_task_assignment_webots_guidance-12] [INFO] [1745223831.042686397] [agent_1.guidance]: Task completed (seq_num 51)
[crazychoir_task_assignment_webots_guidance-12] [WARN] [1745223831.043286491] [agent_1.guidance]: ********AGENT 1 Entered start_new_task******
[crazychoir_task_assignment_webots_guidance-12] [INFO] [1745223831.043550873] [agent_1.guidance]: Got new task (seq_num 58) - starting execution
[crazychoir_task_assignment_webots_planner-14] [INFO] [1745223831.045435544] [agent_1.planner]: Moving robot to position [-0.54823928  2.66278504]
[crazychoir_task_assignment_webots_planner-14] [INFO] [1745223831.045769936] [agent_1.planner]: Goal [-0.5482392795006126, 2.662785035298273, 0.65] sent
[crazychoir_task_assignment_webots_planner-24] [INFO] [1745223831.331460699] [agent_3.planner]: Goal reached - current position: [-2.01229616  0.53425017]
[crazychoir_task_assignment_webots_guidance-22] [INFO] [1745223831.333675805] [agent_3.guidance]: Task completed (seq_num 7)
[crazychoir_task_assignment_webots_guidance-22] [WARN] [1745223831.334323714] [agent_3.guidance]: ********AGENT 3 Entered start_new_task******
[crazychoir_task_assignment_webots_guidance-22] [INFO] [1745223831.334596561] [agent_3.guidance]: Got new task (seq_num 37) - starting execution
[crazychoir_task_assignment_webots_planner-24] [INFO] [1745223831.337054053] [agent_3.planner]: Moving robot to position [-2.60959313  0.24044838]
[crazychoir_task_assignment_webots_planner-24] [INFO] [1745223831.337390165] [agent_3.planner]: Goal [-2.6095931257031557, 0.24044837785683804, 0.95] sent
[crazychoir_task_assignment_webots_planner-49] [INFO] [1745223835.188021509] [agent_8.planner]: Goal reached - current position: [1.12523081 0.04270298]
[crazychoir_task_assignment_webots_guidance-47] [INFO] [1745223835.189791326] [agent_8.guidance]: Task completed (seq_num 41)
[crazychoir_task_assignment_webots_guidance-47] [WARN] [1745223835.190431222] [agent_8.guidance]: ********AGENT 8 Entered start_new_task******
[crazychoir_task_assignment_webots_guidance-47] [WARN] [1745223835.190743491] [agent_8.guidance]: ********AGENT 8 start_new_task: Queue is EMPTY.******
[crazychoir_task_assignment_webots_planner-29] [INFO] [1745223840.709543463] [agent_4.planner]: Goal reached - current position: [ 0.60778422 -1.94234149]
[crazychoir_task_assignment_webots_guidance-27] [INFO] [1745223840.715965091] [agent_4.guidance]: Task completed (seq_num 13)
[crazychoir_task_assignment_webots_guidance-27] [WARN] [1745223840.716650800] [agent_4.guidance]: ********AGENT 4 Entered start_new_task******
[crazychoir_task_assignment_webots_guidance-27] [INFO] [1745223840.716918780] [agent_4.guidance]: Got new task (seq_num 33) - starting execution
[crazychoir_task_assignment_webots_planner-29] [INFO] [1745223840.719652476] [agent_4.planner]: Moving robot to position [ 0.5741287  -2.49203033]
[crazychoir_task_assignment_webots_planner-29] [INFO] [1745223840.720004005] [agent_4.planner]: Goal [0.5741287024100066, -2.4920303338775387, 1.1] sent
[crazychoir_task_assignment_webots_planner-14] [INFO] [1745223845.726250291] [agent_1.planner]: Goal reached - current position: [-0.53008795  2.61622879]
[crazychoir_task_assignment_webots_guidance-12] [INFO] [1745223845.729127024] [agent_1.guidance]: Task completed (seq_num 58)
[crazychoir_task_assignment_webots_guidance-12] [WARN] [1745223845.729796173] [agent_1.guidance]: ********AGENT 1 Entered start_new_task******
[crazychoir_task_assignment_webots_guidance-12] [INFO] [1745223845.730073414] [agent_1.guidance]: Got new task (seq_num 46) - starting execution
[crazychoir_task_assignment_webots_planner-14] [INFO] [1745223845.732380998] [agent_1.planner]: Moving robot to position [-0.81268095  2.1946495 ]
[crazychoir_task_assignment_webots_planner-14] [INFO] [1745223845.732738232] [agent_1.planner]: Goal [-0.8126809480454651, 2.1946494956645957, 0.65] sent
[crazychoir_task_assignment_webots_planner-9] [INFO] [1745223847.315076071] [agent_0.planner]: Goal reached - current position: [-0.73400033  0.06358558]
[crazychoir_task_assignment_webots_guidance-7] [INFO] [1745223847.317896872] [agent_0.guidance]: Task completed (seq_num 22)
[crazychoir_task_assignment_webots_guidance-7] [WARN] [1745223847.318591728] [agent_0.guidance]: ********AGENT 0 Entered start_new_task******
[crazychoir_task_assignment_webots_guidance-7] [INFO] [1745223847.318906427] [agent_0.guidance]: Got new task (seq_num 50) - starting execution
[crazychoir_task_assignment_webots_planner-9] [INFO] [1745223847.320856064] [agent_0.planner]: Moving robot to position [-1.43446706 -0.52516673]
[crazychoir_task_assignment_webots_planner-9] [INFO] [1745223847.321194129] [agent_0.planner]: Goal [-1.4344670562330268, -0.525166730023459, 0.5] sent
[crazychoir_task_assignment_webots_planner-24] [INFO] [1745223847.579543439] [agent_3.planner]: Goal reached - current position: [-2.5655308   0.26354618]
[crazychoir_task_assignment_webots_guidance-22] [INFO] [1745223847.580867587] [agent_3.guidance]: Task completed (seq_num 37)
[crazychoir_task_assignment_webots_guidance-22] [WARN] [1745223847.581542604] [agent_3.guidance]: ********AGENT 3 Entered start_new_task******
[crazychoir_task_assignment_webots_guidance-22] [INFO] [1745223847.581820815] [agent_3.guidance]: Got new task (seq_num 31) - starting execution
[crazychoir_task_assignment_webots_planner-24] [INFO] [1745223847.583949893] [agent_3.planner]: Moving robot to position [-1.01295298  0.43283262]
[crazychoir_task_assignment_webots_planner-24] [INFO] [1745223847.584305211] [agent_3.planner]: Goal [-1.0129529814532636, 0.43283262163649194, 0.95] sent
[crazychoir_task_assignment_webots_planner-29] [INFO] [1745223856.662744052] [agent_4.planner]: Goal reached - current position: [ 0.5764021  -2.44209626]
[crazychoir_task_assignment_webots_guidance-27] [INFO] [1745223856.663762819] [agent_4.guidance]: Task completed (seq_num 33)
[crazychoir_task_assignment_webots_guidance-27] [WARN] [1745223856.664322029] [agent_4.guidance]: ********AGENT 4 Entered start_new_task******
[crazychoir_task_assignment_webots_guidance-27] [INFO] [1745223856.664587373] [agent_4.guidance]: Got new task (seq_num 16) - starting execution
[crazychoir_task_assignment_webots_planner-29] [INFO] [1745223856.666674419] [agent_4.planner]: Moving robot to position [ 0.13017673 -2.3508397 ]
[crazychoir_task_assignment_webots_planner-29] [INFO] [1745223856.667010759] [agent_4.planner]: Goal [0.13017673466974777, -2.350839702676616, 1.1] sent
[crazychoir_task_assignment_webots_planner-14] [INFO] [1745223861.593014965] [agent_1.planner]: Goal reached - current position: [-0.78523521  2.23633115]
[crazychoir_task_assignment_webots_guidance-12] [INFO] [1745223861.595701653] [agent_1.guidance]: Task completed (seq_num 46)
[crazychoir_task_assignment_webots_guidance-12] [WARN] [1745223861.597556011] [agent_1.guidance]: ********AGENT 1 Entered start_new_task******
[crazychoir_task_assignment_webots_guidance-12] [INFO] [1745223861.597829301] [agent_1.guidance]: Got new task (seq_num 39) - starting execution
[crazychoir_task_assignment_webots_planner-14] [INFO] [1745223861.599716782] [agent_1.planner]: Moving robot to position [-0.81809792  1.60654821]
[crazychoir_task_assignment_webots_planner-14] [INFO] [1745223861.600064167] [agent_1.planner]: Goal [-0.8180979177309728, 1.606548205984474, 0.65] sent
[crazychoir_task_assignment_webots_planner-9] [INFO] [1745223864.052403235] [agent_0.planner]: Goal reached - current position: [-1.39779408 -0.49165196]
[crazychoir_task_assignment_webots_guidance-7] [INFO] [1745223864.054527234] [agent_0.guidance]: Task completed (seq_num 50)
[crazychoir_task_assignment_webots_guidance-7] [WARN] [1745223864.055786685] [agent_0.guidance]: ********AGENT 0 Entered start_new_task******
[crazychoir_task_assignment_webots_guidance-7] [INFO] [1745223864.056081849] [agent_0.guidance]: Got new task (seq_num 47) - starting execution
[crazychoir_task_assignment_webots_planner-9] [INFO] [1745223864.057887871] [agent_0.planner]: Moving robot to position [-0.89828873 -1.86584544]
[crazychoir_task_assignment_webots_planner-9] [INFO] [1745223864.058228685] [agent_0.planner]: Goal [-0.898288734866906, -1.865845443263071, 0.5] sent
[crazychoir_task_assignment_webots_planner-24] [INFO] [1745223865.084842773] [agent_3.planner]: Goal reached - current position: [-1.06228721  0.42800426]
[crazychoir_task_assignment_webots_guidance-22] [INFO] [1745223865.086214601] [agent_3.guidance]: Task completed (seq_num 31)
[crazychoir_task_assignment_webots_guidance-22] [WARN] [1745223865.086809628] [agent_3.guidance]: ********AGENT 3 Entered start_new_task******
[crazychoir_task_assignment_webots_guidance-22] [INFO] [1745223865.087072278] [agent_3.guidance]: Got new task (seq_num 48) - starting execution
[crazychoir_task_assignment_webots_planner-24] [INFO] [1745223865.089119705] [agent_3.planner]: Moving robot to position [-0.16427215 -0.64331295]
[crazychoir_task_assignment_webots_planner-24] [INFO] [1745223865.089461868] [agent_3.planner]: Goal [-0.1642721450053619, -0.6433129510672204, 0.95] sent
[crazychoir_task_assignment_webots_planner-29] [INFO] [1745223872.273122674] [agent_4.planner]: Goal reached - current position: [ 0.17914673 -2.36068437]
[crazychoir_task_assignment_webots_guidance-27] [INFO] [1745223872.274309307] [agent_4.guidance]: Task completed (seq_num 16)
[crazychoir_task_assignment_webots_guidance-27] [WARN] [1745223872.274862495] [agent_4.guidance]: ********AGENT 4 Entered start_new_task******
[crazychoir_task_assignment_webots_guidance-27] [INFO] [1745223872.275119803] [agent_4.guidance]: Got new task (seq_num 27) - starting execution
[crazychoir_task_assignment_webots_planner-29] [INFO] [1745223872.277001767] [agent_4.planner]: Moving robot to position [-0.01323531 -1.90532757]
[crazychoir_task_assignment_webots_planner-29] [INFO] [1745223872.277342308] [agent_4.planner]: Goal [-0.013235312296165702, -1.905327572572759, 1.1] sent
[crazychoir_task_assignment_webots_planner-14] [INFO] [1745223877.880480478] [agent_1.planner]: Goal reached - current position: [-0.81908609  1.65647497]
[crazychoir_task_assignment_webots_guidance-12] [INFO] [1745223877.882135433] [agent_1.guidance]: Task completed (seq_num 39)
[crazychoir_task_assignment_webots_guidance-12] [WARN] [1745223877.882716247] [agent_1.guidance]: ********AGENT 1 Entered start_new_task******
[crazychoir_task_assignment_webots_guidance-12] [INFO] [1745223877.882977069] [agent_1.guidance]: Got new task (seq_num 20) - starting execution
[crazychoir_task_assignment_webots_planner-14] [INFO] [1745223877.885138634] [agent_1.planner]: Moving robot to position [-0.61859998  0.74349668]
[crazychoir_task_assignment_webots_planner-14] [INFO] [1745223877.885479987] [agent_1.planner]: Goal [-0.618599982589604, 0.7434966812893382, 0.65] sent
[crazychoir_task_assignment_webots_planner-9] [INFO] [1745223881.572276908] [agent_0.planner]: Goal reached - current position: [-0.9147422  -1.81882052]
[crazychoir_task_assignment_webots_guidance-7] [INFO] [1745223881.573202933] [agent_0.guidance]: Task completed (seq_num 47)
[crazychoir_task_assignment_webots_guidance-7] [WARN] [1745223881.573762948] [agent_0.guidance]: ********AGENT 0 Entered start_new_task******
[crazychoir_task_assignment_webots_guidance-7] [INFO] [1745223881.574022066] [agent_0.guidance]: Got new task (seq_num 12) - starting execution
[crazychoir_task_assignment_webots_planner-9] [INFO] [1745223881.576094827] [agent_0.planner]: Moving robot to position [-1.96100747 -2.55030848]
[crazychoir_task_assignment_webots_planner-9] [INFO] [1745223881.576462752] [agent_0.planner]: Goal [-1.961007471024311, -2.550308477921358, 0.5] sent
[crazychoir_task_assignment_webots_planner-24] [INFO] [1745223882.467222901] [agent_3.planner]: Goal reached - current position: [-0.19438574 -0.60389797]
[crazychoir_task_assignment_webots_guidance-22] [INFO] [1745223882.468996889] [agent_3.guidance]: Task completed (seq_num 48)
[crazychoir_task_assignment_webots_guidance-22] [WARN] [1745223882.469632912] [agent_3.guidance]: ********AGENT 3 Entered start_new_task******
[crazychoir_task_assignment_webots_guidance-22] [INFO] [1745223882.469896217] [agent_3.guidance]: Got new task (seq_num 54) - starting execution
[crazychoir_task_assignment_webots_planner-24] [INFO] [1745223882.472531232] [agent_3.planner]: Moving robot to position [1.07211241 1.9561372 ]
[crazychoir_task_assignment_webots_planner-24] [INFO] [1745223882.472881828] [agent_3.planner]: Goal [1.0721124148739039, 1.956137202151317, 0.95] sent
[crazychoir_task_assignment_webots_planner-29] [INFO] [1745223888.084484556] [agent_4.planner]: Goal reached - current position: [ 0.00535634 -1.95154355]
[crazychoir_task_assignment_webots_guidance-27] [INFO] [1745223888.085569169] [agent_4.guidance]: Task completed (seq_num 27)
[crazychoir_task_assignment_webots_guidance-27] [WARN] [1745223888.086127912] [agent_4.guidance]: ********AGENT 4 Entered start_new_task******
[crazychoir_task_assignment_webots_guidance-27] [INFO] [1745223888.086389493] [agent_4.guidance]: Got new task (seq_num 55) - starting execution
[crazychoir_task_assignment_webots_planner-29] [INFO] [1745223888.088127618] [agent_4.planner]: Moving robot to position [-0.91529198 -2.64671944]
[crazychoir_task_assignment_webots_planner-29] [INFO] [1745223888.088461994] [agent_4.planner]: Goal [-0.915291979733666, -2.6467194350512613, 1.1] sent
[crazychoir_task_assignment_webots_planner-14] [INFO] [1745223894.750010860] [agent_1.planner]: Goal reached - current position: [-0.62922259  0.79224514]
[crazychoir_task_assignment_webots_guidance-12] [INFO] [1745223894.751476450] [agent_1.guidance]: Task completed (seq_num 20)
[crazychoir_task_assignment_webots_guidance-12] [WARN] [1745223894.752066264] [agent_1.guidance]: ********AGENT 1 Entered start_new_task******
[crazychoir_task_assignment_webots_guidance-12] [INFO] [1745223894.752343041] [agent_1.guidance]: Got new task (seq_num 24) - starting execution
[crazychoir_task_assignment_webots_planner-14] [INFO] [1745223894.753739344] [agent_1.planner]: Moving robot to position [0.32844518 0.74958506]
[crazychoir_task_assignment_webots_planner-14] [INFO] [1745223894.754074178] [agent_1.planner]: Goal [0.3284451776553512, 0.7495850643845863, 0.65] sent
[crazychoir_task_assignment_webots_planner-9] [INFO] [1745223898.849522013] [agent_0.planner]: Goal reached - current position: [-1.92225596 -2.51885328]
[crazychoir_task_assignment_webots_guidance-7] [INFO] [1745223898.850875422] [agent_0.guidance]: Task completed (seq_num 12)
[crazychoir_task_assignment_webots_guidance-7] [WARN] [1745223898.851572450] [agent_0.guidance]: ********AGENT 0 Entered start_new_task******
[crazychoir_task_assignment_webots_guidance-7] [INFO] [1745223898.851839681] [agent_0.guidance]: Got new task (seq_num 8) - starting execution
[crazychoir_task_assignment_webots_planner-9] [INFO] [1745223898.853794869] [agent_0.planner]: Moving robot to position [-2.94608341 -0.6805723 ]
[crazychoir_task_assignment_webots_planner-9] [INFO] [1745223898.854170443] [agent_0.planner]: Goal [-2.9460834139946703, -0.6805723041382237, 0.5] sent
[crazychoir_task_assignment_webots_planner-24] [INFO] [1745223900.704362305] [agent_3.planner]: Goal reached - current position: [1.05191403 1.91078162]
[crazychoir_task_assignment_webots_guidance-22] [INFO] [1745223900.706392853] [agent_3.guidance]: Task completed (seq_num 54)
[crazychoir_task_assignment_webots_guidance-22] [WARN] [1745223900.707046427] [agent_3.guidance]: ********AGENT 3 Entered start_new_task******
[crazychoir_task_assignment_webots_guidance-22] [INFO] [1745223900.707313164] [agent_3.guidance]: Got new task (seq_num 35) - starting execution
[crazychoir_task_assignment_webots_planner-24] [INFO] [1745223900.709318720] [agent_3.planner]: Moving robot to position [1.39556069 2.36790775]
[crazychoir_task_assignment_webots_planner-24] [INFO] [1745223900.709662251] [agent_3.planner]: Goal [1.3955606915398064, 2.3679077539004325, 0.95] sent
[crazychoir_task_assignment_webots_planner-29] [INFO] [1745223905.165297711] [agent_4.planner]: Goal reached - current position: [-0.87671533 -2.61548235]
[crazychoir_task_assignment_webots_guidance-27] [INFO] [1745223905.167909350] [agent_4.guidance]: Task completed (seq_num 55)
[crazychoir_task_assignment_webots_guidance-27] [WARN] [1745223905.168636765] [agent_4.guidance]: ********AGENT 4 Entered start_new_task******
[crazychoir_task_assignment_webots_guidance-27] [INFO] [1745223905.168918663] [agent_4.guidance]: Got new task (seq_num 40) - starting execution
[crazychoir_task_assignment_webots_planner-29] [INFO] [1745223905.171606223] [agent_4.planner]: Moving robot to position [-2.70879518 -2.34109129]
[crazychoir_task_assignment_webots_planner-29] [INFO] [1745223905.172006726] [agent_4.planner]: Goal [-2.708795181482685, -2.341091291292936, 1.1] sent
[crazychoir_task_assignment_webots_planner-14] [INFO] [1745223911.535851181] [agent_1.planner]: Goal reached - current position: [0.27869584 0.7533187 ]
[crazychoir_task_assignment_webots_guidance-12] [INFO] [1745223911.538352749] [agent_1.guidance]: Task completed (seq_num 24)
[crazychoir_task_assignment_webots_guidance-12] [WARN] [1745223911.539191037] [agent_1.guidance]: ********AGENT 1 Entered start_new_task******
[crazychoir_task_assignment_webots_guidance-12] [WARN] [1745223911.539502425] [agent_1.guidance]: ********AGENT 1 start_new_task: Queue is EMPTY.******
[crazychoir_task_assignment_webots_planner-9] [INFO] [1745223916.587107151] [agent_0.planner]: Goal reached - current position: [-2.91943918 -0.72232326]
[crazychoir_task_assignment_webots_guidance-7] [INFO] [1745223916.589882953] [agent_0.guidance]: Task completed (seq_num 8)
[crazychoir_task_assignment_webots_guidance-7] [WARN] [1745223916.590490080] [agent_0.guidance]: ********AGENT 0 Entered start_new_task******
[crazychoir_task_assignment_webots_guidance-7] [INFO] [1745223916.590748575] [agent_0.guidance]: Got new task (seq_num 38) - starting execution
[crazychoir_task_assignment_webots_planner-9] [INFO] [1745223916.592650411] [agent_0.planner]: Moving robot to position [-2.2248793   0.68737708]
[crazychoir_task_assignment_webots_planner-9] [INFO] [1745223916.592990571] [agent_0.planner]: Goal [-2.224879297977374, 0.6873770781019921, 0.5] sent
[crazychoir_task_assignment_webots_planner-24] [INFO] [1745223916.662889433] [agent_3.planner]: Goal reached - current position: [1.36674242 2.3271085 ]
[crazychoir_task_assignment_webots_guidance-22] [INFO] [1745223916.664720678] [agent_3.guidance]: Task completed (seq_num 35)
[crazychoir_task_assignment_webots_guidance-22] [WARN] [1745223916.666073030] [agent_3.guidance]: ********AGENT 3 Entered start_new_task******
[crazychoir_task_assignment_webots_guidance-22] [INFO] [1745223916.667048429] [agent_3.guidance]: Got new task (seq_num 11) - starting execution
[crazychoir_task_assignment_webots_planner-24] [INFO] [1745223916.669505275] [agent_3.planner]: Moving robot to position [1.71783592 2.19773579]
[crazychoir_task_assignment_webots_planner-24] [INFO] [1745223916.669953550] [agent_3.planner]: Goal [1.7178359156103653, 2.1977357914901905, 0.95] sent
[crazychoir_task_assignment_webots_planner-29] [INFO] [1745223922.854855322] [agent_4.planner]: Goal reached - current position: [-2.66032348 -2.35187538]
[crazychoir_task_assignment_webots_guidance-27] [INFO] [1745223922.855966911] [agent_4.guidance]: Task completed (seq_num 40)
[crazychoir_task_assignment_webots_guidance-27] [WARN] [1745223922.856645992] [agent_4.guidance]: ********AGENT 4 Entered start_new_task******
[crazychoir_task_assignment_webots_guidance-27] [WARN] [1745223922.857023486] [agent_4.guidance]: ********AGENT 4 start_new_task: Queue is EMPTY.******
[crazychoir_task_assignment_webots_planner-24] [INFO] [1745223931.810446184] [agent_3.planner]: Goal reached - current position: [1.67168148 2.21675331]
[crazychoir_task_assignment_webots_guidance-22] [INFO] [1745223931.813422833] [agent_3.guidance]: Task completed (seq_num 11)
[crazychoir_task_assignment_webots_guidance-22] [WARN] [1745223931.814037480] [agent_3.guidance]: ********AGENT 3 Entered start_new_task******
[crazychoir_task_assignment_webots_guidance-22] [INFO] [1745223931.814298598] [agent_3.guidance]: Got new task (seq_num 1) - starting execution
[crazychoir_task_assignment_webots_planner-24] [INFO] [1745223931.816460279] [agent_3.planner]: Moving robot to position [2.83610616 1.28889596]
[crazychoir_task_assignment_webots_planner-24] [INFO] [1745223931.816837554] [agent_3.planner]: Goal [2.8361061597893062, 1.2888959620461877, 0.95] sent
[crazychoir_task_assignment_webots_planner-9] [INFO] [1745223934.073561397] [agent_0.planner]: Goal reached - current position: [-2.24880207  0.64378296]
[crazychoir_task_assignment_webots_guidance-7] [INFO] [1745223934.075451962] [agent_0.guidance]: Task completed (seq_num 38)
[crazychoir_task_assignment_webots_guidance-7] [WARN] [1745223934.076706069] [agent_0.guidance]: ********AGENT 0 Entered start_new_task******
[crazychoir_task_assignment_webots_guidance-7] [INFO] [1745223934.077000982] [agent_0.guidance]: Got new task (seq_num 59) - starting execution
[crazychoir_task_assignment_webots_planner-9] [INFO] [1745223934.078848101] [agent_0.planner]: Moving robot to position [-1.95732124  2.6555151 ]
[crazychoir_task_assignment_webots_planner-9] [INFO] [1745223934.079342035] [agent_0.planner]: Goal [-1.9573212374683449, 2.6555150983618816, 0.5] sent
[crazychoir_task_assignment_webots_planner-24] [INFO] [1745223949.301385070] [agent_3.planner]: Goal reached - current position: [2.79627189 1.31836307]
[crazychoir_task_assignment_webots_guidance-22] [INFO] [1745223949.302406950] [agent_3.guidance]: Task completed (seq_num 1)
[crazychoir_task_assignment_webots_guidance-22] [WARN] [1745223949.302991777] [agent_3.guidance]: ********AGENT 3 Entered start_new_task******
[crazychoir_task_assignment_webots_guidance-22] [INFO] [1745223949.303290637] [agent_3.guidance]: Got new task (seq_num 52) - starting execution
[crazychoir_task_assignment_webots_planner-24] [INFO] [1745223949.305104736] [agent_3.planner]: Moving robot to position [2.87769757 0.74141304]
[crazychoir_task_assignment_webots_planner-24] [INFO] [1745223949.305443460] [agent_3.planner]: Goal [2.877697572242912, 0.7414130364414833, 0.95] sent
[crazychoir_task_assignment_webots_planner-9] [INFO] [1745223951.865120885] [agent_0.planner]: Goal reached - current position: [-1.96436204  2.60609282]
[crazychoir_task_assignment_webots_guidance-7] [INFO] [1745223951.866130684] [agent_0.guidance]: Task completed (seq_num 59)
[crazychoir_task_assignment_webots_guidance-7] [WARN] [1745223951.866745863] [agent_0.guidance]: ********AGENT 0 Entered start_new_task******
[crazychoir_task_assignment_webots_guidance-7] [INFO] [1745223951.867003317] [agent_0.guidance]: Got new task (seq_num 10) - starting execution
[crazychoir_task_assignment_webots_planner-9] [INFO] [1745223951.868456417] [agent_0.planner]: Moving robot to position [-0.38312012  2.69386384]
[crazychoir_task_assignment_webots_planner-9] [INFO] [1745223951.868799399] [agent_0.planner]: Goal [-0.3831201187212141, 2.6938638406893762, 0.5] sent
[crazychoir_task_assignment_webots_planner-24] [INFO] [1745223965.165188306] [agent_3.planner]: Goal reached - current position: [2.87353189 0.7912234 ]
[crazychoir_task_assignment_webots_guidance-22] [INFO] [1745223965.166351594] [agent_3.guidance]: Task completed (seq_num 52)
[crazychoir_task_assignment_webots_guidance-22] [WARN] [1745223965.166942791] [agent_3.guidance]: ********AGENT 3 Entered start_new_task******
[crazychoir_task_assignment_webots_guidance-22] [WARN] [1745223965.167252796] [agent_3.guidance]: ********AGENT 3 start_new_task: Queue is EMPTY.******
[crazychoir_task_assignment_webots_planner-9] [INFO] [1745223969.263729676] [agent_0.planner]: Goal reached - current position: [-0.43292572  2.6913754 ]
[crazychoir_task_assignment_webots_guidance-7] [INFO] [1745223969.267882695] [agent_0.guidance]: Task completed (seq_num 10)
[crazychoir_task_assignment_webots_guidance-7] [WARN] [1745223969.268483519] [agent_0.guidance]: ********AGENT 0 Entered start_new_task******
[crazychoir_task_assignment_webots_guidance-7] [INFO] [1745223969.268741669] [agent_0.guidance]: Got new task (seq_num 44) - starting execution
[crazychoir_task_assignment_webots_planner-9] [INFO] [1745223969.270420984] [agent_0.planner]: Moving robot to position [0.06146178 2.56032416]
[crazychoir_task_assignment_webots_planner-9] [INFO] [1745223969.270760677] [agent_0.planner]: Goal [0.06146177576964007, 2.5603241594415067, 0.5] sent
[crazychoir_task_assignment_webots_planner-9] [INFO] [1745223985.241609829] [agent_0.planner]: Goal reached - current position: [0.01383479 2.5749587 ]
[crazychoir_task_assignment_webots_guidance-7] [INFO] [1745223985.243876770] [agent_0.guidance]: Task completed (seq_num 44)
[crazychoir_task_assignment_webots_guidance-7] [WARN] [1745223985.244552959] [agent_0.guidance]: ********AGENT 0 Entered start_new_task******
[crazychoir_task_assignment_webots_guidance-7] [INFO] [1745223985.244838688] [agent_0.guidance]: Got new task (seq_num 15) - starting execution
[crazychoir_task_assignment_webots_planner-9] [INFO] [1745223985.246628539] [agent_0.planner]: Moving robot to position [0.16745294 2.6254295 ]
[crazychoir_task_assignment_webots_planner-9] [INFO] [1745223985.246994071] [agent_0.planner]: Goal [0.16745294050752202, 2.625429503705652, 0.5] sent
[crazychoir_task_assignment_webots_planner-9] [INFO] [1745223998.086767989] [agent_0.planner]: Goal reached - current position: [0.11968632 2.61071611]
[crazychoir_task_assignment_webots_guidance-7] [INFO] [1745223998.088765643] [agent_0.guidance]: Task completed (seq_num 15)
[crazychoir_task_assignment_webots_guidance-7] [WARN] [1745223998.089410775] [agent_0.guidance]: ********AGENT 0 Entered start_new_task******
[crazychoir_task_assignment_webots_guidance-7] [INFO] [1745223998.089676635] [agent_0.guidance]: Got new task (seq_num 57) - starting execution
[crazychoir_task_assignment_webots_planner-9] [INFO] [1745223998.092018170] [agent_0.planner]: Moving robot to position [1.55717717 1.76653991]
[crazychoir_task_assignment_webots_planner-9] [INFO] [1745223998.092360682] [agent_0.planner]: Goal [1.557177174979988, 1.7665399054598527, 0.5] sent
[crazychoir_task_assignment_webots_planner-9] [INFO] [1745224015.649704000] [agent_0.planner]: Goal reached - current position: [1.51465868 1.79247387]
[crazychoir_task_assignment_webots_guidance-7] [INFO] [1745224015.650886417] [agent_0.guidance]: Task completed (seq_num 57)
[crazychoir_task_assignment_webots_guidance-7] [WARN] [1745224015.651452566] [agent_0.guidance]: ********AGENT 0 Entered start_new_task******
[crazychoir_task_assignment_webots_guidance-7] [INFO] [1745224015.651709689] [agent_0.guidance]: Got new task (seq_num 32) - starting execution
[crazychoir_task_assignment_webots_planner-9] [INFO] [1745224015.653507079] [agent_0.planner]: Moving robot to position [2.07266189 2.16608587]
[crazychoir_task_assignment_webots_planner-9] [INFO] [1745224015.653848659] [agent_0.planner]: Goal [2.07266189456468, 2.1660858705184314, 0.5] sent
[crazychoir_task_assignment_webots_planner-9] [INFO] [1745224032.068502125] [agent_0.planner]: Goal reached - current position: [2.03223577 2.13703674]
[crazychoir_task_assignment_webots_guidance-7] [INFO] [1745224032.070373349] [agent_0.guidance]: Task completed (seq_num 32)
[crazychoir_task_assignment_webots_guidance-7] [WARN] [1745224032.070947988] [agent_0.guidance]: ********AGENT 0 Entered start_new_task******
[crazychoir_task_assignment_webots_guidance-7] [INFO] [1745224032.071208087] [agent_0.guidance]: Got new task (seq_num 6) - starting execution
[crazychoir_task_assignment_webots_planner-9] [INFO] [1745224032.073683194] [agent_0.planner]: Moving robot to position [2.17795941 2.90040406]
[crazychoir_task_assignment_webots_planner-9] [INFO] [1745224032.074026612] [agent_0.planner]: Goal [2.1779594135953335, 2.9004040630518766, 0.5] sent
[crazychoir_task_assignment_webots_planner-9] [INFO] [1745224048.589644357] [agent_0.planner]: Goal reached - current position: [2.17087047 2.85115703]
[crazychoir_task_assignment_webots_guidance-7] [INFO] [1745224048.591692558] [agent_0.guidance]: Task completed (seq_num 6)
[crazychoir_task_assignment_webots_guidance-7] [WARN] [1745224048.592323701] [agent_0.guidance]: ********AGENT 0 Entered start_new_task******
[crazychoir_task_assignment_webots_guidance-7] [INFO] [1745224048.592596712] [agent_0.guidance]: Got new task (seq_num 0) - starting execution
[crazychoir_task_assignment_webots_planner-9] [INFO] [1745224048.595854335] [agent_0.planner]: Moving robot to position [2.80217903 0.2833935 ]
[crazychoir_task_assignment_webots_planner-9] [INFO] [1745224048.596229446] [agent_0.planner]: Goal [2.8021790340820605, 0.28339349505433375, 0.5] sent
[crazychoir_task_assignment_webots_planner-9] [INFO] [1745224066.675573737] [agent_0.planner]: Goal reached - current position: [2.79128028 0.33187155]
[crazychoir_task_assignment_webots_guidance-7] [INFO] [1745224066.677176005] [agent_0.guidance]: Task completed (seq_num 0)
[crazychoir_task_assignment_webots_guidance-7] [WARN] [1745224066.677763913] [agent_0.guidance]: ********AGENT 0 Entered start_new_task******
[crazychoir_task_assignment_webots_guidance-7] [INFO] [1745224066.678024342] [agent_0.guidance]: Got new task (seq_num 28) - starting execution
[crazychoir_task_assignment_webots_planner-9] [INFO] [1745224066.679381537] [agent_0.planner]: Moving robot to position [ 2.51029823 -0.40906757]
[crazychoir_task_assignment_webots_planner-9] [INFO] [1745224066.679715689] [agent_0.planner]: Goal [2.510298234838576, -0.409067571952634, 0.5] sent
[crazychoir_task_assignment_webots_planner-9] [INFO] [1745224083.177549386] [agent_0.planner]: Goal reached - current position: [ 2.527701   -0.36243077]
[crazychoir_task_assignment_webots_guidance-7] [INFO] [1745224083.179290043] [agent_0.guidance]: Task completed (seq_num 28)
[crazychoir_task_assignment_webots_guidance-7] [WARN] [1745224083.181562485] [agent_0.guidance]: ********AGENT 0 Entered start_new_task******
[crazychoir_task_assignment_webots_guidance-7] [INFO] [1745224083.181872422] [agent_0.guidance]: Got new task (seq_num 30) - starting execution
[crazychoir_task_assignment_webots_planner-9] [INFO] [1745224083.183901541] [agent_0.planner]: Moving robot to position [ 2.42800553 -0.5710487 ]
[crazychoir_task_assignment_webots_planner-9] [INFO] [1745224083.184242375] [agent_0.planner]: Goal [2.428005532460202, -0.5710486961345635, 0.5] sent
[crazychoir_task_assignment_webots_planner-9] [INFO] [1745224097.237912724] [agent_0.planner]: Goal reached - current position: [ 2.45051822 -0.52644184]
[crazychoir_task_assignment_webots_guidance-7] [INFO] [1745224097.239958494] [agent_0.guidance]: Task completed (seq_num 30)
[crazychoir_task_assignment_webots_guidance-7] [WARN] [1745224097.240896141] [agent_0.guidance]: ********AGENT 0 Entered start_new_task******
[crazychoir_task_assignment_webots_guidance-7] [INFO] [1745224097.241209420] [agent_0.guidance]: Got new task (seq_num 14) - starting execution
[crazychoir_task_assignment_webots_planner-9] [INFO] [1745224097.243042008] [agent_0.planner]: Moving robot to position [ 1.40028101 -0.54933684]
[crazychoir_task_assignment_webots_planner-9] [INFO] [1745224097.243390113] [agent_0.planner]: Goal [1.4002810050634196, -0.5493368390879114, 0.5] sent
[crazychoir_task_assignment_webots_planner-9] [INFO] [1745224114.133020531] [agent_0.planner]: Goal reached - current position: [ 1.45010682 -0.55131958]
[crazychoir_task_assignment_webots_guidance-7] [INFO] [1745224114.135314475] [agent_0.guidance]: Task completed (seq_num 14)
[crazychoir_task_assignment_webots_guidance-7] [WARN] [1745224114.135942833] [agent_0.guidance]: ********AGENT 0 Entered start_new_task******
[crazychoir_task_assignment_webots_guidance-7] [INFO] [1745224114.136204331] [agent_0.guidance]: Got new task (seq_num 49) - starting execution
[crazychoir_task_assignment_webots_planner-9] [INFO] [1745224114.138592756] [agent_0.planner]: Moving robot to position [ 0.71357956 -0.37940225]
[crazychoir_task_assignment_webots_planner-9] [INFO] [1745224114.138955302] [agent_0.planner]: Goal [0.713579559864562, -0.3794022483629207, 0.5] sent
[crazychoir_task_assignment_webots_planner-9] [INFO] [1745224130.634452009] [agent_0.planner]: Goal reached - current position: [ 0.76195418 -0.39143717]
[crazychoir_task_assignment_webots_guidance-7] [INFO] [1745224130.635739972] [agent_0.guidance]: Task completed (seq_num 49)
[crazychoir_task_assignment_webots_guidance-7] [WARN] [1745224130.636294504] [agent_0.guidance]: ********AGENT 0 Entered start_new_task******
[crazychoir_task_assignment_webots_guidance-7] [INFO] [1745224130.636592830] [agent_0.guidance]: Got new task (seq_num 26) - starting execution
[crazychoir_task_assignment_webots_planner-9] [INFO] [1745224130.638380284] [agent_0.planner]: Moving robot to position [ 0.82534244 -1.85132159]
[crazychoir_task_assignment_webots_planner-9] [INFO] [1745224130.638727812] [agent_0.planner]: Goal [0.8253424381124201, -1.8513215872862199, 0.5] sent
[crazychoir_task_assignment_webots_planner-9] [INFO] [1745224148.124902845] [agent_0.planner]: Goal reached - current position: [ 0.8229238  -1.80151076]
[crazychoir_task_assignment_webots_guidance-7] [INFO] [1745224148.126891509] [agent_0.guidance]: Task completed (seq_num 26)
[crazychoir_task_assignment_webots_guidance-7] [WARN] [1745224148.127522213] [agent_0.guidance]: ********AGENT 0 Entered start_new_task******
[crazychoir_task_assignment_webots_guidance-7] [INFO] [1745224148.127784747] [agent_0.guidance]: Got new task (seq_num 45) - starting execution
[crazychoir_task_assignment_webots_planner-9] [INFO] [1745224148.129129836] [agent_0.planner]: Moving robot to position [ 1.00156663 -2.10763896]
[crazychoir_task_assignment_webots_planner-9] [INFO] [1745224148.129462287] [agent_0.planner]: Goal [1.0015666292377556, -2.107638963395658, 0.5] sent
[crazychoir_task_assignment_webots_planner-9] [INFO] [1745224163.297077248] [agent_0.planner]: Goal reached - current position: [ 0.97633822 -2.06478058]
[crazychoir_task_assignment_webots_guidance-7] [INFO] [1745224163.300555658] [agent_0.guidance]: Task completed (seq_num 45)
[crazychoir_task_assignment_webots_guidance-7] [WARN] [1745224163.301195836] [agent_0.guidance]: ********AGENT 0 Entered start_new_task******
[crazychoir_task_assignment_webots_guidance-7] [INFO] [1745224163.301455766] [agent_0.guidance]: Got new task (seq_num 56) - starting execution
[crazychoir_task_assignment_webots_planner-9] [INFO] [1745224163.303340799] [agent_0.planner]: Moving robot to position [ 0.6709309  -2.25591229]
[crazychoir_task_assignment_webots_planner-9] [INFO] [1745224163.303676252] [agent_0.planner]: Goal [0.6709308987317524, -2.255912290120368, 0.5] sent
[crazychoir_task_assignment_webots_planner-9] [INFO] [1745224178.380814897] [agent_0.planner]: Goal reached - current position: [ 0.713679   -2.23046861]
[crazychoir_task_assignment_webots_guidance-7] [INFO] [1745224178.383812722] [agent_0.guidance]: Task completed (seq_num 56)
[crazychoir_task_assignment_webots_guidance-7] [WARN] [1745224178.384480291] [agent_0.guidance]: ********AGENT 0 Entered start_new_task******
[crazychoir_task_assignment_webots_guidance-7] [INFO] [1745224178.384746817] [agent_0.guidance]: Got new task (seq_num 5) - starting execution
[crazychoir_task_assignment_webots_planner-9] [INFO] [1745224178.387489225] [agent_0.planner]: Moving robot to position [ 1.67629753 -1.81388955]
[crazychoir_task_assignment_webots_planner-9] [INFO] [1745224178.387830966] [agent_0.planner]: Goal [1.6762975307625148, -1.8138895523984815, 0.5] sent
[crazychoir_task_assignment_webots_planner-9] [INFO] [1745224195.331381356] [agent_0.planner]: Goal reached - current position: [ 1.63133883 -1.8351336 ]
[crazychoir_task_assignment_webots_guidance-7] [INFO] [1745224195.332966743] [agent_0.guidance]: Task completed (seq_num 5)
[crazychoir_task_assignment_webots_guidance-7] [WARN] [1745224195.334028270] [agent_0.guidance]: ********AGENT 0 Entered start_new_task******
[crazychoir_task_assignment_webots_guidance-7] [WARN] [1745224195.334419716] [agent_0.guidance]: ********AGENT 0 start_new_task: Queue is EMPTY.******
[WARNING] [launch]: user interrupted with ctrl-c (SIGINT)
[robot_state_publisher-46] [INFO] [1745224299.265620356] [rclcpp]: signal_handler(signal_value=2)
[ERROR] [crazychoir_task_assignment_webots_table-3]: process has died [pid 102726, exit code 2, cmd 'xterm -title Table -hold -e /home/mohammed/crazychoir_ws/install/crazychoir_examples/lib/crazychoir_examples/crazychoir_task_assignment_webots_table --ros-args --params-file /tmp/launch_params_3_cu2vl4'].
[ERROR] [ros2-4]: process has died [pid 102730, exit code 2, cmd 'xterm -title ROS2 Bag -hold -e ros2 bag record -o crazychoir_task_assignment_webots_bag -a'].
[INFO] [robot_state_publisher-16]: process has finished cleanly [pid 102801]
[INFO] [robot_state_publisher-36]: process has finished cleanly [pid 103017]
[ERROR] [driver-15]: process has died [pid 102799, exit code -2, cmd '/home/mohammed/crazychoir_ws/install/webots_ros2_driver/lib/webots_ros2_driver/driver --ros-args -r __ns:=/agent_2 --params-file /tmp/launch_params_x9f6rs8m'].
[INFO] [robot_state_publisher-26]: process has finished cleanly [pid 102868]
[ERROR] [driver-10]: process has died [pid 102754, exit code -2, cmd '/home/mohammed/crazychoir_ws/install/webots_ros2_driver/lib/webots_ros2_driver/driver --ros-args -r __ns:=/agent_1 --params-file /tmp/launch_params_5t0wasak'].
[INFO] [robot_state_publisher-21]: process has finished cleanly [pid 102827]
[INFO] [robot_state_publisher-6]: process has finished cleanly [pid 102735]
[ERROR] [driver-20]: process has died [pid 102825, exit code -2, cmd '/home/mohammed/crazychoir_ws/install/webots_ros2_driver/lib/webots_ros2_driver/driver --ros-args -r __ns:=/agent_3 --params-file /tmp/launch_params_a2hnmosy'].
[INFO] [robot_state_publisher-46]: process has finished cleanly [pid 103114]
[INFO] [robot_state_publisher-11]: process has finished cleanly [pid 102756]
[INFO] [robot_state_publisher-51]: process has finished cleanly [pid 103132]
[INFO] [robot_state_publisher-41]: process has finished cleanly [pid 103056]
[ERROR] [driver-40]: process has died [pid 103054, exit code -2, cmd '/home/mohammed/crazychoir_ws/install/webots_ros2_driver/lib/webots_ros2_driver/driver --ros-args -r __ns:=/agent_7 --params-file /tmp/launch_params_5y7lkv8a'].
[ERROR] [driver-50]: process has died [pid 103130, exit code -2, cmd '/home/mohammed/crazychoir_ws/install/webots_ros2_driver/lib/webots_ros2_driver/driver --ros-args -r __ns:=/agent_9 --params-file /tmp/launch_params_4yfuznvt'].
[ERROR] [driver-30]: process has died [pid 102916, exit code -2, cmd '/home/mohammed/crazychoir_ws/install/webots_ros2_driver/lib/webots_ros2_driver/driver --ros-args -r __ns:=/agent_5 --params-file /tmp/launch_params_kjxtzg5m'].
[ERROR] [driver-35]: process has died [pid 102991, exit code -2, cmd '/home/mohammed/crazychoir_ws/install/webots_ros2_driver/lib/webots_ros2_driver/driver --ros-args -r __ns:=/agent_6 --params-file /tmp/launch_params_6qi99ctr'].
[ERROR] [driver-5]: process has died [pid 102733, exit code -2, cmd '/home/mohammed/crazychoir_ws/install/webots_ros2_driver/lib/webots_ros2_driver/driver --ros-args -r __ns:=/agent_0 --params-file /tmp/launch_params_onijc815'].
[ERROR] [driver-45]: process has died [pid 103098, exit code -2, cmd '/home/mohammed/crazychoir_ws/install/webots_ros2_driver/lib/webots_ros2_driver/driver --ros-args -r __ns:=/agent_8 --params-file /tmp/launch_params_dus3nigp'].
[INFO] [robot_state_publisher-31]: process has finished cleanly [pid 102919]
[ERROR] [driver-25]: process has died [pid 102865, exit code -2, cmd '/home/mohammed/crazychoir_ws/install/webots_ros2_driver/lib/webots_ros2_driver/driver --ros-args -r __ns:=/agent_4 --params-file /tmp/launch_params_7ciwtbj1'].
[robot_state_publisher-41] [INFO] [1745224299.265649507] [rclcpp]: signal_handler(signal_value=2)
[robot_state_publisher-51] [INFO] [1745224299.265657772] [rclcpp]: signal_handler(signal_value=2)
[robot_state_publisher-6] [INFO] [1745224299.265680182] [rclcpp]: signal_handler(signal_value=2)
[robot_state_publisher-26] [INFO] [1745224299.265688271] [rclcpp]: signal_handler(signal_value=2)
[robot_state_publisher-36] [INFO] [1745224299.265688288] [rclcpp]: signal_handler(signal_value=2)
[robot_state_publisher-16] [INFO] [1745224299.265834469] [rclcpp]: signal_handler(signal_value=2)
[robot_state_publisher-11] [INFO] [1745224299.265865371] [rclcpp]: signal_handler(signal_value=2)
[crazychoir_task_assignment_webots_simple_guidance-43] Traceback (most recent call last):
[crazychoir_task_assignment_webots_simple_guidance-43]   File "/home/mohammed/crazychoir_ws/install/crazychoir_examples/lib/crazychoir_examples/crazychoir_task_assignment_webots_simple_guidance", line 33, in <module>
[crazychoir_task_assignment_webots_simple_guidance-43]     sys.exit(load_entry_point('crazychoir-examples', 'console_scripts', 'crazychoir_task_assignment_webots_simple_guidance')())
[crazychoir_task_assignment_webots_simple_guidance-43]   File "/home/mohammed/crazychoir_ws/build/crazychoir_examples/crazychoir_examples/task_assignment_webots/simple_guidance.py", line 11, in main
[crazychoir_task_assignment_webots_simple_guidance-43]     rclpy.spin(guidance)
[crazychoir_task_assignment_webots_simple_guidance-43]   File "/opt/ros/foxy/lib/python3.8/site-packages/rclpy/__init__.py", line 191, in spin
[crazychoir_task_assignment_webots_simple_guidance-43]     executor.spin_once()
[crazychoir_task_assignment_webots_simple_guidance-43]   File "/opt/ros/foxy/lib/python3.8/site-packages/rclpy/executors.py", line 711, in spin_once
[crazychoir_task_assignment_webots_simple_guidance-43]     handler, entity, node = self.wait_for_ready_callbacks(timeout_sec=timeout_sec)
[crazychoir_task_assignment_webots_simple_guidance-43]   File "/opt/ros/foxy/lib/python3.8/site-packages/rclpy/executors.py", line 697, in wait_for_ready_callbacks
[crazychoir_task_assignment_webots_simple_guidance-43]     return next(self._cb_iter)
[crazychoir_task_assignment_webots_simple_guidance-43]   File "/opt/ros/foxy/lib/python3.8/site-packages/rclpy/executors.py", line 593, in _wait_for_ready_callbacks
[crazychoir_task_assignment_webots_simple_guidance-43]     _rclpy.rclpy_wait(wait_set, timeout_nsec)
[crazychoir_task_assignment_webots_simple_guidance-43] KeyboardInterrupt
[crazychoir_task_assignment_webots_simple_guidance-23] Traceback (most recent call last):
[crazychoir_task_assignment_webots_simple_guidance-23]   File "/home/mohammed/crazychoir_ws/install/crazychoir_examples/lib/crazychoir_examples/crazychoir_task_assignment_webots_simple_guidance", line 33, in <module>
[crazychoir_task_assignment_webots_simple_guidance-23]     sys.exit(load_entry_point('crazychoir-examples', 'console_scripts', 'crazychoir_task_assignment_webots_simple_guidance')())
[crazychoir_task_assignment_webots_simple_guidance-23]   File "/home/mohammed/crazychoir_ws/build/crazychoir_examples/crazychoir_examples/task_assignment_webots/simple_guidance.py", line 11, in main
[crazychoir_task_assignment_webots_simple_guidance-23]     rclpy.spin(guidance)
[crazychoir_task_assignment_webots_simple_guidance-23]   File "/opt/ros/foxy/lib/python3.8/site-packages/rclpy/__init__.py", line 191, in spin
[crazychoir_task_assignment_webots_simple_guidance-23]     executor.spin_once()
[crazychoir_task_assignment_webots_simple_guidance-23]   File "/opt/ros/foxy/lib/python3.8/site-packages/rclpy/executors.py", line 711, in spin_once
[crazychoir_task_assignment_webots_simple_guidance-23]     handler, entity, node = self.wait_for_ready_callbacks(timeout_sec=timeout_sec)
[crazychoir_task_assignment_webots_simple_guidance-23]   File "/opt/ros/foxy/lib/python3.8/site-packages/rclpy/executors.py", line 697, in wait_for_ready_callbacks
[crazychoir_task_assignment_webots_simple_guidance-23]     return next(self._cb_iter)
[crazychoir_task_assignment_webots_simple_guidance-23]   File "/opt/ros/foxy/lib/python3.8/site-packages/rclpy/executors.py", line 593, in _wait_for_ready_callbacks
[crazychoir_task_assignment_webots_simple_guidance-23]     _rclpy.rclpy_wait(wait_set, timeout_nsec)
[crazychoir_task_assignment_webots_simple_guidance-23] KeyboardInterrupt
[crazychoir_task_assignment_webots_simple_guidance-48] Traceback (most recent call last):
[crazychoir_task_assignment_webots_simple_guidance-48]   File "/home/mohammed/crazychoir_ws/install/crazychoir_examples/lib/crazychoir_examples/crazychoir_task_assignment_webots_simple_guidance", line 33, in <module>
[crazychoir_task_assignment_webots_simple_guidance-48]     sys.exit(load_entry_point('crazychoir-examples', 'console_scripts', 'crazychoir_task_assignment_webots_simple_guidance')())
[crazychoir_task_assignment_webots_simple_guidance-48]   File "/home/mohammed/crazychoir_ws/build/crazychoir_examples/crazychoir_examples/task_assignment_webots/simple_guidance.py", line 11, in main
[crazychoir_task_assignment_webots_simple_guidance-48]     rclpy.spin(guidance)
[crazychoir_task_assignment_webots_simple_guidance-48]   File "/opt/ros/foxy/lib/python3.8/site-packages/rclpy/__init__.py", line 191, in spin
[crazychoir_task_assignment_webots_simple_guidance-48]     executor.spin_once()
[crazychoir_task_assignment_webots_simple_guidance-48]   File "/opt/ros/foxy/lib/python3.8/site-packages/rclpy/executors.py", line 711, in spin_once
[crazychoir_task_assignment_webots_simple_guidance-48]     handler, entity, node = self.wait_for_ready_callbacks(timeout_sec=timeout_sec)
[crazychoir_task_assignment_webots_simple_guidance-48]   File "/opt/ros/foxy/lib/python3.8/site-packages/rclpy/executors.py", line 697, in wait_for_ready_callbacks
[crazychoir_task_assignment_webots_simple_guidance-48]     return next(self._cb_iter)
[crazychoir_task_assignment_webots_simple_guidance-48]   File "/opt/ros/foxy/lib/python3.8/site-packages/rclpy/executors.py", line 593, in _wait_for_ready_callbacks
[crazychoir_task_assignment_webots_simple_guidance-48]     _rclpy.rclpy_wait(wait_set, timeout_nsec)
[crazychoir_task_assignment_webots_simple_guidance-48] KeyboardInterrupt
[robot_state_publisher-21] [INFO] [1745224299.269922482] [rclcpp]: signal_handler(signal_value=2)
[robot_state_publisher-31] [INFO] [1745224299.272492629] [rclcpp]: signal_handler(signal_value=2)
[crazychoir_task_assignment_webots_planner-29] Traceback (most recent call last):
[crazychoir_task_assignment_webots_planner-29]   File "/home/mohammed/crazychoir_ws/install/crazychoir_examples/lib/crazychoir_examples/crazychoir_task_assignment_webots_planner", line 33, in <module>
[crazychoir_task_assignment_webots_planner-29]     sys.exit(load_entry_point('crazychoir-examples', 'console_scripts', 'crazychoir_task_assignment_webots_planner')())
[crazychoir_task_assignment_webots_planner-29]   File "/home/mohammed/crazychoir_ws/build/crazychoir_examples/crazychoir_examples/task_assignment_webots/planner.py", line 14, in main
[crazychoir_task_assignment_webots_planner-29]     rclpy.spin(planner, executor)
[crazychoir_task_assignment_webots_planner-29]   File "/opt/ros/foxy/lib/python3.8/site-packages/rclpy/__init__.py", line 191, in spin
[crazychoir_task_assignment_webots_planner-29]     executor.spin_once()
[crazychoir_task_assignment_webots_planner-29]   File "/opt/ros/foxy/lib/python3.8/site-packages/rclpy/executors.py", line 770, in spin_once
[crazychoir_task_assignment_webots_planner-29]     self._spin_once_impl(timeout_sec)
[crazychoir_task_assignment_webots_planner-29]   File "/opt/ros/foxy/lib/python3.8/site-packages/rclpy/executors.py", line 751, in _spin_once_impl
[crazychoir_task_assignment_webots_planner-29]     handler, entity, node = self.wait_for_ready_callbacks(
[crazychoir_task_assignment_webots_planner-29]   File "/opt/ros/foxy/lib/python3.8/site-packages/rclpy/executors.py", line 697, in wait_for_ready_callbacks
[crazychoir_task_assignment_webots_planner-29]     return next(self._cb_iter)
[crazychoir_task_assignment_webots_planner-29]   File "/opt/ros/foxy/lib/python3.8/site-packages/rclpy/executors.py", line 593, in _wait_for_ready_callbacks
[crazychoir_task_assignment_webots_planner-29]     _rclpy.rclpy_wait(wait_set, timeout_nsec)
[crazychoir_task_assignment_webots_planner-29] KeyboardInterrupt
[crazychoir_task_assignment_webots_planner-14] Traceback (most recent call last):
[crazychoir_task_assignment_webots_planner-14]   File "/home/mohammed/crazychoir_ws/install/crazychoir_examples/lib/crazychoir_examples/crazychoir_task_assignment_webots_planner", line 33, in <module>
[crazychoir_task_assignment_webots_planner-14]     sys.exit(load_entry_point('crazychoir-examples', 'console_scripts', 'crazychoir_task_assignment_webots_planner')())
[crazychoir_task_assignment_webots_planner-14]   File "/home/mohammed/crazychoir_ws/build/crazychoir_examples/crazychoir_examples/task_assignment_webots/planner.py", line 14, in main
[crazychoir_task_assignment_webots_planner-14]     rclpy.spin(planner, executor)
[crazychoir_task_assignment_webots_planner-14]   File "/opt/ros/foxy/lib/python3.8/site-packages/rclpy/__init__.py", line 191, in spin
[crazychoir_task_assignment_webots_planner-14]     executor.spin_once()
[crazychoir_task_assignment_webots_planner-14]   File "/opt/ros/foxy/lib/python3.8/site-packages/rclpy/executors.py", line 770, in spin_once
[crazychoir_task_assignment_webots_planner-14]     self._spin_once_impl(timeout_sec)
[crazychoir_task_assignment_webots_planner-14]   File "/opt/ros/foxy/lib/python3.8/site-packages/rclpy/executors.py", line 751, in _spin_once_impl
[crazychoir_task_assignment_webots_planner-14]     handler, entity, node = self.wait_for_ready_callbacks(
[crazychoir_task_assignment_webots_planner-14]   File "/opt/ros/foxy/lib/python3.8/site-packages/rclpy/executors.py", line 697, in wait_for_ready_callbacks
[crazychoir_task_assignment_webots_planner-14]     return next(self._cb_iter)
[crazychoir_task_assignment_webots_planner-14]   File "/opt/ros/foxy/lib/python3.8/site-packages/rclpy/executors.py", line 593, in _wait_for_ready_callbacks
[crazychoir_task_assignment_webots_planner-14]     _rclpy.rclpy_wait(wait_set, timeout_nsec)
[crazychoir_task_assignment_webots_planner-14] KeyboardInterrupt
[crazychoir_task_assignment_webots_planner-49] Traceback (most recent call last):
[crazychoir_task_assignment_webots_planner-49]   File "/home/mohammed/crazychoir_ws/install/crazychoir_examples/lib/crazychoir_examples/crazychoir_task_assignment_webots_planner", line 33, in <module>
[crazychoir_task_assignment_webots_planner-49]     sys.exit(load_entry_point('crazychoir-examples', 'console_scripts', 'crazychoir_task_assignment_webots_planner')())
[crazychoir_task_assignment_webots_planner-49]   File "/home/mohammed/crazychoir_ws/build/crazychoir_examples/crazychoir_examples/task_assignment_webots/planner.py", line 14, in main
[crazychoir_task_assignment_webots_planner-49]     rclpy.spin(planner, executor)
[crazychoir_task_assignment_webots_planner-49]   File "/opt/ros/foxy/lib/python3.8/site-packages/rclpy/__init__.py", line 191, in spin
[crazychoir_task_assignment_webots_planner-49]     executor.spin_once()
[crazychoir_task_assignment_webots_planner-49]   File "/opt/ros/foxy/lib/python3.8/site-packages/rclpy/executors.py", line 770, in spin_once
[crazychoir_task_assignment_webots_planner-49]     self._spin_once_impl(timeout_sec)
[crazychoir_task_assignment_webots_planner-49]   File "/opt/ros/foxy/lib/python3.8/site-packages/rclpy/executors.py", line 751, in _spin_once_impl
[crazychoir_task_assignment_webots_planner-49]     handler, entity, node = self.wait_for_ready_callbacks(
[crazychoir_task_assignment_webots_planner-49]   File "/opt/ros/foxy/lib/python3.8/site-packages/rclpy/executors.py", line 697, in wait_for_ready_callbacks
[crazychoir_task_assignment_webots_planner-49]     return next(self._cb_iter)
[crazychoir_task_assignment_webots_planner-49]   File "/opt/ros/foxy/lib/python3.8/site-packages/rclpy/executors.py", line 593, in _wait_for_ready_callbacks
[crazychoir_task_assignment_webots_planner-49]     _rclpy.rclpy_wait(wait_set, timeout_nsec)
[crazychoir_task_assignment_webots_planner-49] KeyboardInterrupt
[crazychoir_task_assignment_webots_planner-19] Traceback (most recent call last):
[crazychoir_task_assignment_webots_planner-19]   File "/home/mohammed/crazychoir_ws/install/crazychoir_examples/lib/crazychoir_examples/crazychoir_task_assignment_webots_planner", line 33, in <module>
[crazychoir_task_assignment_webots_planner-19]     sys.exit(load_entry_point('crazychoir-examples', 'console_scripts', 'crazychoir_task_assignment_webots_planner')())
[crazychoir_task_assignment_webots_planner-19]   File "/home/mohammed/crazychoir_ws/build/crazychoir_examples/crazychoir_examples/task_assignment_webots/planner.py", line 14, in main
[crazychoir_task_assignment_webots_planner-19]     rclpy.spin(planner, executor)
[crazychoir_task_assignment_webots_planner-19]   File "/opt/ros/foxy/lib/python3.8/site-packages/rclpy/__init__.py", line 191, in spin
[crazychoir_task_assignment_webots_planner-19]     executor.spin_once()
[crazychoir_task_assignment_webots_planner-19]   File "/opt/ros/foxy/lib/python3.8/site-packages/rclpy/executors.py", line 770, in spin_once
[crazychoir_task_assignment_webots_planner-19]     self._spin_once_impl(timeout_sec)
[crazychoir_task_assignment_webots_planner-19]   File "/opt/ros/foxy/lib/python3.8/site-packages/rclpy/executors.py", line 751, in _spin_once_impl
[crazychoir_task_assignment_webots_planner-19]     handler, entity, node = self.wait_for_ready_callbacks(
[crazychoir_task_assignment_webots_planner-19]   File "/opt/ros/foxy/lib/python3.8/site-packages/rclpy/executors.py", line 697, in wait_for_ready_callbacks
[crazychoir_task_assignment_webots_planner-19]     return next(self._cb_iter)
[crazychoir_task_assignment_webots_planner-19]   File "/opt/ros/foxy/lib/python3.8/site-packages/rclpy/executors.py", line 593, in _wait_for_ready_callbacks
[crazychoir_task_assignment_webots_planner-19]     _rclpy.rclpy_wait(wait_set, timeout_nsec)
[crazychoir_task_assignment_webots_planner-19] KeyboardInterrupt
[crazychoir_task_assignment_webots_simple_guidance-18] Traceback (most recent call last):
[crazychoir_task_assignment_webots_simple_guidance-18]   File "/home/mohammed/crazychoir_ws/install/crazychoir_examples/lib/crazychoir_examples/crazychoir_task_assignment_webots_simple_guidance", line 33, in <module>
[crazychoir_task_assignment_webots_simple_guidance-18]     sys.exit(load_entry_point('crazychoir-examples', 'console_scripts', 'crazychoir_task_assignment_webots_simple_guidance')())
[crazychoir_task_assignment_webots_simple_guidance-18]   File "/home/mohammed/crazychoir_ws/build/crazychoir_examples/crazychoir_examples/task_assignment_webots/simple_guidance.py", line 11, in main
[crazychoir_task_assignment_webots_simple_guidance-18]     rclpy.spin(guidance)
[crazychoir_task_assignment_webots_simple_guidance-18]   File "/opt/ros/foxy/lib/python3.8/site-packages/rclpy/__init__.py", line 191, in spin
[crazychoir_task_assignment_webots_simple_guidance-18]     executor.spin_once()
[crazychoir_task_assignment_webots_simple_guidance-18]   File "/opt/ros/foxy/lib/python3.8/site-packages/rclpy/executors.py", line 711, in spin_once
[crazychoir_task_assignment_webots_simple_guidance-18]     handler, entity, node = self.wait_for_ready_callbacks(timeout_sec=timeout_sec)
[crazychoir_task_assignment_webots_simple_guidance-18]   File "/opt/ros/foxy/lib/python3.8/site-packages/rclpy/executors.py", line 697, in wait_for_ready_callbacks
[crazychoir_task_assignment_webots_simple_guidance-18]     return next(self._cb_iter)
[crazychoir_task_assignment_webots_simple_guidance-18]   File "/opt/ros/foxy/lib/python3.8/site-packages/rclpy/executors.py", line 593, in _wait_for_ready_callbacks
[crazychoir_task_assignment_webots_simple_guidance-18]     _rclpy.rclpy_wait(wait_set, timeout_nsec)
[crazychoir_task_assignment_webots_simple_guidance-18] KeyboardInterrupt
[crazychoir_task_assignment_webots_simple_guidance-13] Traceback (most recent call last):
[crazychoir_task_assignment_webots_simple_guidance-13]   File "/home/mohammed/crazychoir_ws/install/crazychoir_examples/lib/crazychoir_examples/crazychoir_task_assignment_webots_simple_guidance", line 33, in <module>
[crazychoir_task_assignment_webots_simple_guidance-13]     sys.exit(load_entry_point('crazychoir-examples', 'console_scripts', 'crazychoir_task_assignment_webots_simple_guidance')())
[crazychoir_task_assignment_webots_simple_guidance-13]   File "/home/mohammed/crazychoir_ws/build/crazychoir_examples/crazychoir_examples/task_assignment_webots/simple_guidance.py", line 11, in main
[crazychoir_task_assignment_webots_simple_guidance-13]     rclpy.spin(guidance)
[crazychoir_task_assignment_webots_simple_guidance-13]   File "/opt/ros/foxy/lib/python3.8/site-packages/rclpy/__init__.py", line 191, in spin
[crazychoir_task_assignment_webots_simple_guidance-13]     executor.spin_once()
[crazychoir_task_assignment_webots_simple_guidance-13]   File "/opt/ros/foxy/lib/python3.8/site-packages/rclpy/executors.py", line 711, in spin_once
[crazychoir_task_assignment_webots_simple_guidance-13]     handler, entity, node = self.wait_for_ready_callbacks(timeout_sec=timeout_sec)
[crazychoir_task_assignment_webots_simple_guidance-13]   File "/opt/ros/foxy/lib/python3.8/site-packages/rclpy/executors.py", line 697, in wait_for_ready_callbacks
[crazychoir_task_assignment_webots_simple_guidance-13]     return next(self._cb_iter)
[crazychoir_task_assignment_webots_simple_guidance-13]   File "/opt/ros/foxy/lib/python3.8/site-packages/rclpy/executors.py", line 593, in _wait_for_ready_callbacks
[crazychoir_task_assignment_webots_simple_guidance-13]     _rclpy.rclpy_wait(wait_set, timeout_nsec)
[crazychoir_task_assignment_webots_simple_guidance-13] KeyboardInterrupt
[crazychoir_task_assignment_webots_planner-34] Traceback (most recent call last):
[crazychoir_task_assignment_webots_planner-34]   File "/home/mohammed/crazychoir_ws/install/crazychoir_examples/lib/crazychoir_examples/crazychoir_task_assignment_webots_planner", line 33, in <module>
[crazychoir_task_assignment_webots_planner-34]     sys.exit(load_entry_point('crazychoir-examples', 'console_scripts', 'crazychoir_task_assignment_webots_planner')())
[crazychoir_task_assignment_webots_planner-34]   File "/home/mohammed/crazychoir_ws/build/crazychoir_examples/crazychoir_examples/task_assignment_webots/planner.py", line 14, in main
[crazychoir_task_assignment_webots_planner-34]     rclpy.spin(planner, executor)
[crazychoir_task_assignment_webots_planner-34]   File "/opt/ros/foxy/lib/python3.8/site-packages/rclpy/__init__.py", line 191, in spin
[crazychoir_task_assignment_webots_planner-34]     executor.spin_once()
[crazychoir_task_assignment_webots_planner-34]   File "/opt/ros/foxy/lib/python3.8/site-packages/rclpy/executors.py", line 770, in spin_once
[crazychoir_task_assignment_webots_planner-34]     self._spin_once_impl(timeout_sec)
[crazychoir_task_assignment_webots_planner-34]   File "/opt/ros/foxy/lib/python3.8/site-packages/rclpy/executors.py", line 751, in _spin_once_impl
[crazychoir_task_assignment_webots_planner-34]     handler, entity, node = self.wait_for_ready_callbacks(
[crazychoir_task_assignment_webots_planner-34]   File "/opt/ros/foxy/lib/python3.8/site-packages/rclpy/executors.py", line 697, in wait_for_ready_callbacks
[crazychoir_task_assignment_webots_planner-34]     return next(self._cb_iter)
[crazychoir_task_assignment_webots_planner-34]   File "/opt/ros/foxy/lib/python3.8/site-packages/rclpy/executors.py", line 593, in _wait_for_ready_callbacks
[crazychoir_task_assignment_webots_planner-34]     _rclpy.rclpy_wait(wait_set, timeout_nsec)
[crazychoir_task_assignment_webots_planner-34] KeyboardInterrupt
[crazychoir_task_assignment_webots_planner-9] Traceback (most recent call last):
[crazychoir_task_assignment_webots_planner-9]   File "/home/mohammed/crazychoir_ws/install/crazychoir_examples/lib/crazychoir_examples/crazychoir_task_assignment_webots_planner", line 33, in <module>
[crazychoir_task_assignment_webots_planner-9]     sys.exit(load_entry_point('crazychoir-examples', 'console_scripts', 'crazychoir_task_assignment_webots_planner')())
[crazychoir_task_assignment_webots_planner-9]   File "/home/mohammed/crazychoir_ws/build/crazychoir_examples/crazychoir_examples/task_assignment_webots/planner.py", line 14, in main
[crazychoir_task_assignment_webots_planner-9]     rclpy.spin(planner, executor)
[crazychoir_task_assignment_webots_planner-9]   File "/opt/ros/foxy/lib/python3.8/site-packages/rclpy/__init__.py", line 191, in spin
[crazychoir_task_assignment_webots_planner-9]     executor.spin_once()
[crazychoir_task_assignment_webots_planner-9]   File "/opt/ros/foxy/lib/python3.8/site-packages/rclpy/executors.py", line 770, in spin_once
[crazychoir_task_assignment_webots_planner-9]     self._spin_once_impl(timeout_sec)
[crazychoir_task_assignment_webots_planner-9]   File "/opt/ros/foxy/lib/python3.8/site-packages/rclpy/executors.py", line 751, in _spin_once_impl
[crazychoir_task_assignment_webots_planner-9]     handler, entity, node = self.wait_for_ready_callbacks(
[crazychoir_task_assignment_webots_planner-9]   File "/opt/ros/foxy/lib/python3.8/site-packages/rclpy/executors.py", line 697, in wait_for_ready_callbacks
[crazychoir_task_assignment_webots_planner-9]     return next(self._cb_iter)
[crazychoir_task_assignment_webots_planner-9]   File "/opt/ros/foxy/lib/python3.8/site-packages/rclpy/executors.py", line 593, in _wait_for_ready_callbacks
[crazychoir_task_assignment_webots_planner-9]     _rclpy.rclpy_wait(wait_set, timeout_nsec)
[crazychoir_task_assignment_webots_planner-9] KeyboardInterrupt
[crazychoir_task_assignment_webots_guidance-17] EARLY RETURN
[crazychoir_task_assignment_webots_guidance-17] EARLY RETURN
[crazychoir_task_assignment_webots_guidance-17] EARLY RETURN
[crazychoir_task_assignment_webots_guidance-17] EARLY RETURN
[crazychoir_task_assignment_webots_guidance-17] EARLY RETURN
[crazychoir_task_assignment_webots_guidance-17] EARLY RETURN
[crazychoir_task_assignment_webots_guidance-17] Traceback (most recent call last):
[crazychoir_task_assignment_webots_guidance-17]   File "/home/mohammed/crazychoir_ws/install/crazychoir_examples/lib/crazychoir_examples/crazychoir_task_assignment_webots_guidance", line 33, in <module>
[crazychoir_task_assignment_webots_guidance-17]     sys.exit(load_entry_point('crazychoir-examples', 'console_scripts', 'crazychoir_task_assignment_webots_guidance')())
[crazychoir_task_assignment_webots_guidance-17]   File "/home/mohammed/crazychoir_ws/build/crazychoir_examples/crazychoir_examples/task_assignment_webots/guidance.py", line 16, in main
[crazychoir_task_assignment_webots_guidance-17]     rclpy.spin(guidance)
[crazychoir_task_assignment_webots_guidance-17]   File "/opt/ros/foxy/lib/python3.8/site-packages/rclpy/__init__.py", line 191, in spin
[crazychoir_task_assignment_webots_guidance-17]     executor.spin_once()
[crazychoir_task_assignment_webots_guidance-17]   File "/opt/ros/foxy/lib/python3.8/site-packages/rclpy/executors.py", line 711, in spin_once
[crazychoir_task_assignment_webots_guidance-17]     handler, entity, node = self.wait_for_ready_callbacks(timeout_sec=timeout_sec)
[crazychoir_task_assignment_webots_guidance-17]   File "/opt/ros/foxy/lib/python3.8/site-packages/rclpy/executors.py", line 697, in wait_for_ready_callbacks
[crazychoir_task_assignment_webots_guidance-17]     return next(self._cb_iter)
[crazychoir_task_assignment_webots_guidance-17]   File "/opt/ros/foxy/lib/python3.8/site-packages/rclpy/executors.py", line 593, in _wait_for_ready_callbacks
[crazychoir_task_assignment_webots_guidance-17]     _rclpy.rclpy_wait(wait_set, timeout_nsec)
[crazychoir_task_assignment_webots_guidance-17] KeyboardInterrupt
[crazychoir_task_assignment_webots_simple_guidance-53] Traceback (most recent call last):
[crazychoir_task_assignment_webots_simple_guidance-53]   File "/home/mohammed/crazychoir_ws/install/crazychoir_examples/lib/crazychoir_examples/crazychoir_task_assignment_webots_simple_guidance", line 33, in <module>
[crazychoir_task_assignment_webots_simple_guidance-53]     sys.exit(load_entry_point('crazychoir-examples', 'console_scripts', 'crazychoir_task_assignment_webots_simple_guidance')())
[crazychoir_task_assignment_webots_simple_guidance-53]   File "/home/mohammed/crazychoir_ws/build/crazychoir_examples/crazychoir_examples/task_assignment_webots/simple_guidance.py", line 11, in main
[crazychoir_task_assignment_webots_simple_guidance-53]     rclpy.spin(guidance)
[crazychoir_task_assignment_webots_simple_guidance-53]   File "/opt/ros/foxy/lib/python3.8/site-packages/rclpy/__init__.py", line 191, in spin
[crazychoir_task_assignment_webots_simple_guidance-53]     executor.spin_once()
[crazychoir_task_assignment_webots_simple_guidance-53]   File "/opt/ros/foxy/lib/python3.8/site-packages/rclpy/executors.py", line 711, in spin_once
[crazychoir_task_assignment_webots_simple_guidance-53]     handler, entity, node = self.wait_for_ready_callbacks(timeout_sec=timeout_sec)
[crazychoir_task_assignment_webots_simple_guidance-53]   File "/opt/ros/foxy/lib/python3.8/site-packages/rclpy/executors.py", line 697, in wait_for_ready_callbacks
[crazychoir_task_assignment_webots_simple_guidance-53]     return next(self._cb_iter)
[crazychoir_task_assignment_webots_simple_guidance-53]   File "/opt/ros/foxy/lib/python3.8/site-packages/rclpy/executors.py", line 593, in _wait_for_ready_callbacks
[crazychoir_task_assignment_webots_simple_guidance-53]     _rclpy.rclpy_wait(wait_set, timeout_nsec)
[crazychoir_task_assignment_webots_simple_guidance-53] KeyboardInterrupt
[crazychoir_task_assignment_webots_simple_guidance-28] Traceback (most recent call last):
[crazychoir_task_assignment_webots_simple_guidance-28]   File "/home/mohammed/crazychoir_ws/install/crazychoir_examples/lib/crazychoir_examples/crazychoir_task_assignment_webots_simple_guidance", line 33, in <module>
[crazychoir_task_assignment_webots_simple_guidance-28]     sys.exit(load_entry_point('crazychoir-examples', 'console_scripts', 'crazychoir_task_assignment_webots_simple_guidance')())
[crazychoir_task_assignment_webots_simple_guidance-28]   File "/home/mohammed/crazychoir_ws/build/crazychoir_examples/crazychoir_examples/task_assignment_webots/simple_guidance.py", line 11, in main
[crazychoir_task_assignment_webots_simple_guidance-28]     rclpy.spin(guidance)
[crazychoir_task_assignment_webots_simple_guidance-28]   File "/opt/ros/foxy/lib/python3.8/site-packages/rclpy/__init__.py", line 191, in spin
[crazychoir_task_assignment_webots_simple_guidance-28]     executor.spin_once()
[crazychoir_task_assignment_webots_simple_guidance-28]   File "/opt/ros/foxy/lib/python3.8/site-packages/rclpy/executors.py", line 711, in spin_once
[crazychoir_task_assignment_webots_simple_guidance-28]     handler, entity, node = self.wait_for_ready_callbacks(timeout_sec=timeout_sec)
[crazychoir_task_assignment_webots_simple_guidance-28]   File "/opt/ros/foxy/lib/python3.8/site-packages/rclpy/executors.py", line 697, in wait_for_ready_callbacks
[crazychoir_task_assignment_webots_simple_guidance-28]     return next(self._cb_iter)
[crazychoir_task_assignment_webots_simple_guidance-28]   File "/opt/ros/foxy/lib/python3.8/site-packages/rclpy/executors.py", line 593, in _wait_for_ready_callbacks
[crazychoir_task_assignment_webots_simple_guidance-28]     _rclpy.rclpy_wait(wait_set, timeout_nsec)
[crazychoir_task_assignment_webots_simple_guidance-28] KeyboardInterrupt
[crazychoir_task_assignment_webots_simple_guidance-8] Traceback (most recent call last):
[crazychoir_task_assignment_webots_simple_guidance-8]   File "/home/mohammed/crazychoir_ws/install/crazychoir_examples/lib/crazychoir_examples/crazychoir_task_assignment_webots_simple_guidance", line 33, in <module>
[crazychoir_task_assignment_webots_simple_guidance-8]     sys.exit(load_entry_point('crazychoir-examples', 'console_scripts', 'crazychoir_task_assignment_webots_simple_guidance')())
[crazychoir_task_assignment_webots_simple_guidance-8]   File "/home/mohammed/crazychoir_ws/build/crazychoir_examples/crazychoir_examples/task_assignment_webots/simple_guidance.py", line 11, in main
[crazychoir_task_assignment_webots_simple_guidance-8]     rclpy.spin(guidance)
[crazychoir_task_assignment_webots_simple_guidance-8]   File "/opt/ros/foxy/lib/python3.8/site-packages/rclpy/__init__.py", line 191, in spin
[crazychoir_task_assignment_webots_simple_guidance-8]     executor.spin_once()
[crazychoir_task_assignment_webots_simple_guidance-8]   File "/opt/ros/foxy/lib/python3.8/site-packages/rclpy/executors.py", line 711, in spin_once
[crazychoir_task_assignment_webots_simple_guidance-8]     handler, entity, node = self.wait_for_ready_callbacks(timeout_sec=timeout_sec)
[crazychoir_task_assignment_webots_simple_guidance-8]   File "/opt/ros/foxy/lib/python3.8/site-packages/rclpy/executors.py", line 697, in wait_for_ready_callbacks
[crazychoir_task_assignment_webots_simple_guidance-8]     return next(self._cb_iter)
[crazychoir_task_assignment_webots_simple_guidance-8]   File "/opt/ros/foxy/lib/python3.8/site-packages/rclpy/executors.py", line 593, in _wait_for_ready_callbacks
[crazychoir_task_assignment_webots_simple_guidance-8]     _rclpy.rclpy_wait(wait_set, timeout_nsec)
[crazychoir_task_assignment_webots_simple_guidance-8] KeyboardInterrupt
[crazychoir_task_assignment_webots_guidance-37] Traceback (most recent call last):
[crazychoir_task_assignment_webots_guidance-37]   File "/home/mohammed/crazychoir_ws/install/crazychoir_examples/lib/crazychoir_examples/crazychoir_task_assignment_webots_guidance", line 33, in <module>
[crazychoir_task_assignment_webots_guidance-37]     sys.exit(load_entry_point('crazychoir-examples', 'console_scripts', 'crazychoir_task_assignment_webots_guidance')())
[crazychoir_task_assignment_webots_guidance-37]   File "/home/mohammed/crazychoir_ws/build/crazychoir_examples/crazychoir_examples/task_assignment_webots/guidance.py", line 16, in main
[crazychoir_task_assignment_webots_guidance-37]     rclpy.spin(guidance)
[crazychoir_task_assignment_webots_guidance-37]   File "/opt/ros/foxy/lib/python3.8/site-packages/rclpy/__init__.py", line 191, in spin
[crazychoir_task_assignment_webots_guidance-37]     executor.spin_once()
[crazychoir_task_assignment_webots_guidance-37]   File "/opt/ros/foxy/lib/python3.8/site-packages/rclpy/executors.py", line 711, in spin_once
[crazychoir_task_assignment_webots_guidance-37]     handler, entity, node = self.wait_for_ready_callbacks(timeout_sec=timeout_sec)
[crazychoir_task_assignment_webots_guidance-37]   File "/opt/ros/foxy/lib/python3.8/site-packages/rclpy/executors.py", line 697, in wait_for_ready_callbacks
[crazychoir_task_assignment_webots_guidance-37]     return next(self._cb_iter)
[crazychoir_task_assignment_webots_guidance-37]   File "/opt/ros/foxy/lib/python3.8/site-packages/rclpy/executors.py", line 593, in _wait_for_ready_callbacks
[crazychoir_task_assignment_webots_guidance-37]     _rclpy.rclpy_wait(wait_set, timeout_nsec)
[crazychoir_task_assignment_webots_guidance-37] KeyboardInterrupt
[crazychoir_task_assignment_webots_simple_guidance-33] Traceback (most recent call last):
[crazychoir_task_assignment_webots_simple_guidance-33]   File "/home/mohammed/crazychoir_ws/install/crazychoir_examples/lib/crazychoir_examples/crazychoir_task_assignment_webots_simple_guidance", line 33, in <module>
[crazychoir_task_assignment_webots_simple_guidance-33]     sys.exit(load_entry_point('crazychoir-examples', 'console_scripts', 'crazychoir_task_assignment_webots_simple_guidance')())
[crazychoir_task_assignment_webots_simple_guidance-33]   File "/home/mohammed/crazychoir_ws/build/crazychoir_examples/crazychoir_examples/task_assignment_webots/simple_guidance.py", line 11, in main
[crazychoir_task_assignment_webots_simple_guidance-33]     rclpy.spin(guidance)
[crazychoir_task_assignment_webots_simple_guidance-33]   File "/opt/ros/foxy/lib/python3.8/site-packages/rclpy/__init__.py", line 191, in spin
[crazychoir_task_assignment_webots_simple_guidance-33]     executor.spin_once()
[crazychoir_task_assignment_webots_simple_guidance-33]   File "/opt/ros/foxy/lib/python3.8/site-packages/rclpy/executors.py", line 711, in spin_once
[crazychoir_task_assignment_webots_simple_guidance-33]     handler, entity, node = self.wait_for_ready_callbacks(timeout_sec=timeout_sec)
[crazychoir_task_assignment_webots_simple_guidance-33]   File "/opt/ros/foxy/lib/python3.8/site-packages/rclpy/executors.py", line 697, in wait_for_ready_callbacks
[crazychoir_task_assignment_webots_simple_guidance-33]     return next(self._cb_iter)
[crazychoir_task_assignment_webots_simple_guidance-33]   File "/opt/ros/foxy/lib/python3.8/site-packages/rclpy/executors.py", line 593, in _wait_for_ready_callbacks
[crazychoir_task_assignment_webots_simple_guidance-33]     _rclpy.rclpy_wait(wait_set, timeout_nsec)
[crazychoir_task_assignment_webots_simple_guidance-33] KeyboardInterrupt
[crazychoir_task_assignment_webots_simple_guidance-38] Traceback (most recent call last):
[crazychoir_task_assignment_webots_simple_guidance-38]   File "/home/mohammed/crazychoir_ws/install/crazychoir_examples/lib/crazychoir_examples/crazychoir_task_assignment_webots_simple_guidance", line 33, in <module>
[crazychoir_task_assignment_webots_simple_guidance-38]     sys.exit(load_entry_point('crazychoir-examples', 'console_scripts', 'crazychoir_task_assignment_webots_simple_guidance')())
[crazychoir_task_assignment_webots_simple_guidance-38]   File "/home/mohammed/crazychoir_ws/build/crazychoir_examples/crazychoir_examples/task_assignment_webots/simple_guidance.py", line 11, in main
[crazychoir_task_assignment_webots_simple_guidance-38]     rclpy.spin(guidance)
[crazychoir_task_assignment_webots_simple_guidance-38]   File "/opt/ros/foxy/lib/python3.8/site-packages/rclpy/__init__.py", line 191, in spin
[crazychoir_task_assignment_webots_simple_guidance-38]     executor.spin_once()
[crazychoir_task_assignment_webots_simple_guidance-38]   File "/opt/ros/foxy/lib/python3.8/site-packages/rclpy/executors.py", line 711, in spin_once
[crazychoir_task_assignment_webots_simple_guidance-38]     handler, entity, node = self.wait_for_ready_callbacks(timeout_sec=timeout_sec)
[crazychoir_task_assignment_webots_simple_guidance-38]   File "/opt/ros/foxy/lib/python3.8/site-packages/rclpy/executors.py", line 697, in wait_for_ready_callbacks
[crazychoir_task_assignment_webots_simple_guidance-38]     return next(self._cb_iter)
[crazychoir_task_assignment_webots_simple_guidance-38]   File "/opt/ros/foxy/lib/python3.8/site-packages/rclpy/executors.py", line 593, in _wait_for_ready_callbacks
[crazychoir_task_assignment_webots_simple_guidance-38]     _rclpy.rclpy_wait(wait_set, timeout_nsec)
[crazychoir_task_assignment_webots_simple_guidance-38] KeyboardInterrupt
[crazychoir_task_assignment_webots_planner-24] Traceback (most recent call last):
[crazychoir_task_assignment_webots_planner-24]   File "/home/mohammed/crazychoir_ws/install/crazychoir_examples/lib/crazychoir_examples/crazychoir_task_assignment_webots_planner", line 33, in <module>
[crazychoir_task_assignment_webots_planner-24]     sys.exit(load_entry_point('crazychoir-examples', 'console_scripts', 'crazychoir_task_assignment_webots_planner')())
[crazychoir_task_assignment_webots_planner-24]   File "/home/mohammed/crazychoir_ws/build/crazychoir_examples/crazychoir_examples/task_assignment_webots/planner.py", line 14, in main
[crazychoir_task_assignment_webots_planner-24]     rclpy.spin(planner, executor)
[crazychoir_task_assignment_webots_planner-24]   File "/opt/ros/foxy/lib/python3.8/site-packages/rclpy/__init__.py", line 191, in spin
[crazychoir_task_assignment_webots_planner-24]     executor.spin_once()
[crazychoir_task_assignment_webots_planner-24]   File "/opt/ros/foxy/lib/python3.8/site-packages/rclpy/executors.py", line 770, in spin_once
[crazychoir_task_assignment_webots_planner-24]     self._spin_once_impl(timeout_sec)
[crazychoir_task_assignment_webots_planner-24]   File "/opt/ros/foxy/lib/python3.8/site-packages/rclpy/executors.py", line 751, in _spin_once_impl
[crazychoir_task_assignment_webots_planner-24]     handler, entity, node = self.wait_for_ready_callbacks(
[crazychoir_task_assignment_webots_planner-24]   File "/opt/ros/foxy/lib/python3.8/site-packages/rclpy/executors.py", line 697, in wait_for_ready_callbacks
[crazychoir_task_assignment_webots_planner-24]     return next(self._cb_iter)
[crazychoir_task_assignment_webots_planner-24]   File "/opt/ros/foxy/lib/python3.8/site-packages/rclpy/executors.py", line 593, in _wait_for_ready_callbacks
[crazychoir_task_assignment_webots_planner-24]     _rclpy.rclpy_wait(wait_set, timeout_nsec)
[crazychoir_task_assignment_webots_planner-24] KeyboardInterrupt
[crazychoir_task_assignment_webots_planner-39] Traceback (most recent call last):
[crazychoir_task_assignment_webots_planner-39]   File "/home/mohammed/crazychoir_ws/install/crazychoir_examples/lib/crazychoir_examples/crazychoir_task_assignment_webots_planner", line 33, in <module>
[crazychoir_task_assignment_webots_planner-39]     sys.exit(load_entry_point('crazychoir-examples', 'console_scripts', 'crazychoir_task_assignment_webots_planner')())
[crazychoir_task_assignment_webots_planner-39]   File "/home/mohammed/crazychoir_ws/build/crazychoir_examples/crazychoir_examples/task_assignment_webots/planner.py", line 14, in main
[crazychoir_task_assignment_webots_planner-39]     rclpy.spin(planner, executor)
[crazychoir_task_assignment_webots_planner-39]   File "/opt/ros/foxy/lib/python3.8/site-packages/rclpy/__init__.py", line 191, in spin
[crazychoir_task_assignment_webots_planner-39]     executor.spin_once()
[crazychoir_task_assignment_webots_planner-39]   File "/opt/ros/foxy/lib/python3.8/site-packages/rclpy/executors.py", line 770, in spin_once
[crazychoir_task_assignment_webots_planner-39]     self._spin_once_impl(timeout_sec)
[crazychoir_task_assignment_webots_planner-39]   File "/opt/ros/foxy/lib/python3.8/site-packages/rclpy/executors.py", line 751, in _spin_once_impl
[crazychoir_task_assignment_webots_planner-39]     handler, entity, node = self.wait_for_ready_callbacks(
[crazychoir_task_assignment_webots_planner-39]   File "/opt/ros/foxy/lib/python3.8/site-packages/rclpy/executors.py", line 697, in wait_for_ready_callbacks
[crazychoir_task_assignment_webots_planner-39]     return next(self._cb_iter)
[crazychoir_task_assignment_webots_planner-39]   File "/opt/ros/foxy/lib/python3.8/site-packages/rclpy/executors.py", line 593, in _wait_for_ready_callbacks
[crazychoir_task_assignment_webots_planner-39]     _rclpy.rclpy_wait(wait_set, timeout_nsec)
[crazychoir_task_assignment_webots_planner-39] KeyboardInterrupt
[crazychoir_task_assignment_webots_guidance-27] EARLY RETURN
[crazychoir_task_assignment_webots_guidance-27] Traceback (most recent call last):
[crazychoir_task_assignment_webots_guidance-27]   File "/home/mohammed/crazychoir_ws/install/crazychoir_examples/lib/crazychoir_examples/crazychoir_task_assignment_webots_guidance", line 33, in <module>
[crazychoir_task_assignment_webots_guidance-27]     sys.exit(load_entry_point('crazychoir-examples', 'console_scripts', 'crazychoir_task_assignment_webots_guidance')())
[crazychoir_task_assignment_webots_guidance-27]   File "/home/mohammed/crazychoir_ws/build/crazychoir_examples/crazychoir_examples/task_assignment_webots/guidance.py", line 16, in main
[crazychoir_task_assignment_webots_guidance-27]     rclpy.spin(guidance)
[crazychoir_task_assignment_webots_guidance-27]   File "/opt/ros/foxy/lib/python3.8/site-packages/rclpy/__init__.py", line 191, in spin
[crazychoir_task_assignment_webots_guidance-27]     executor.spin_once()
[crazychoir_task_assignment_webots_guidance-27]   File "/opt/ros/foxy/lib/python3.8/site-packages/rclpy/executors.py", line 711, in spin_once
[crazychoir_task_assignment_webots_guidance-27]     handler, entity, node = self.wait_for_ready_callbacks(timeout_sec=timeout_sec)
[crazychoir_task_assignment_webots_guidance-27]   File "/opt/ros/foxy/lib/python3.8/site-packages/rclpy/executors.py", line 697, in wait_for_ready_callbacks
[crazychoir_task_assignment_webots_guidance-27]     return next(self._cb_iter)
[crazychoir_task_assignment_webots_guidance-27]   File "/opt/ros/foxy/lib/python3.8/site-packages/rclpy/executors.py", line 593, in _wait_for_ready_callbacks
[crazychoir_task_assignment_webots_guidance-27]     _rclpy.rclpy_wait(wait_set, timeout_nsec)
[crazychoir_task_assignment_webots_guidance-27] KeyboardInterrupt
[crazychoir_task_assignment_webots_planner-44] Traceback (most recent call last):
[crazychoir_task_assignment_webots_planner-44]   File "/home/mohammed/crazychoir_ws/install/crazychoir_examples/lib/crazychoir_examples/crazychoir_task_assignment_webots_planner", line 33, in <module>
[crazychoir_task_assignment_webots_planner-44]     sys.exit(load_entry_point('crazychoir-examples', 'console_scripts', 'crazychoir_task_assignment_webots_planner')())
[crazychoir_task_assignment_webots_planner-44]   File "/home/mohammed/crazychoir_ws/build/crazychoir_examples/crazychoir_examples/task_assignment_webots/planner.py", line 14, in main
[crazychoir_task_assignment_webots_planner-44]     rclpy.spin(planner, executor)
[crazychoir_task_assignment_webots_planner-44]   File "/opt/ros/foxy/lib/python3.8/site-packages/rclpy/__init__.py", line 191, in spin
[crazychoir_task_assignment_webots_planner-44]     executor.spin_once()
[crazychoir_task_assignment_webots_planner-44]   File "/opt/ros/foxy/lib/python3.8/site-packages/rclpy/executors.py", line 770, in spin_once
[crazychoir_task_assignment_webots_planner-44]     self._spin_once_impl(timeout_sec)
[crazychoir_task_assignment_webots_planner-44]   File "/opt/ros/foxy/lib/python3.8/site-packages/rclpy/executors.py", line 751, in _spin_once_impl
[crazychoir_task_assignment_webots_planner-44]     handler, entity, node = self.wait_for_ready_callbacks(
[crazychoir_task_assignment_webots_planner-44]   File "/opt/ros/foxy/lib/python3.8/site-packages/rclpy/executors.py", line 697, in wait_for_ready_callbacks
[crazychoir_task_assignment_webots_planner-44]     return next(self._cb_iter)
[crazychoir_task_assignment_webots_planner-44]   File "/opt/ros/foxy/lib/python3.8/site-packages/rclpy/executors.py", line 593, in _wait_for_ready_callbacks
[crazychoir_task_assignment_webots_planner-44]     _rclpy.rclpy_wait(wait_set, timeout_nsec)
[crazychoir_task_assignment_webots_planner-44] KeyboardInterrupt
[crazychoir_task_assignment_webots_guidance-47] EARLY RETURN
[crazychoir_task_assignment_webots_guidance-47] Traceback (most recent call last):
[crazychoir_task_assignment_webots_guidance-47]   File "/home/mohammed/crazychoir_ws/install/crazychoir_examples/lib/crazychoir_examples/crazychoir_task_assignment_webots_guidance", line 33, in <module>
[crazychoir_task_assignment_webots_guidance-47]     sys.exit(load_entry_point('crazychoir-examples', 'console_scripts', 'crazychoir_task_assignment_webots_guidance')())
[crazychoir_task_assignment_webots_guidance-47]   File "/home/mohammed/crazychoir_ws/build/crazychoir_examples/crazychoir_examples/task_assignment_webots/guidance.py", line 16, in main
[crazychoir_task_assignment_webots_guidance-47]     rclpy.spin(guidance)
[crazychoir_task_assignment_webots_guidance-47]   File "/opt/ros/foxy/lib/python3.8/site-packages/rclpy/__init__.py", line 191, in spin
[crazychoir_task_assignment_webots_guidance-47]     executor.spin_once()
[crazychoir_task_assignment_webots_guidance-47]   File "/opt/ros/foxy/lib/python3.8/site-packages/rclpy/executors.py", line 711, in spin_once
[crazychoir_task_assignment_webots_guidance-47]     handler, entity, node = self.wait_for_ready_callbacks(timeout_sec=timeout_sec)
[crazychoir_task_assignment_webots_guidance-47]   File "/opt/ros/foxy/lib/python3.8/site-packages/rclpy/executors.py", line 697, in wait_for_ready_callbacks
[crazychoir_task_assignment_webots_guidance-47]     return next(self._cb_iter)
[crazychoir_task_assignment_webots_guidance-47]   File "/opt/ros/foxy/lib/python3.8/site-packages/rclpy/executors.py", line 593, in _wait_for_ready_callbacks
[crazychoir_task_assignment_webots_guidance-47]     _rclpy.rclpy_wait(wait_set, timeout_nsec)
[crazychoir_task_assignment_webots_guidance-47] KeyboardInterrupt
[crazychoir_task_assignment_webots_planner-54] Traceback (most recent call last):
[crazychoir_task_assignment_webots_planner-54]   File "/home/mohammed/crazychoir_ws/install/crazychoir_examples/lib/crazychoir_examples/crazychoir_task_assignment_webots_planner", line 33, in <module>
[crazychoir_task_assignment_webots_planner-54]     sys.exit(load_entry_point('crazychoir-examples', 'console_scripts', 'crazychoir_task_assignment_webots_planner')())
[crazychoir_task_assignment_webots_planner-54]   File "/home/mohammed/crazychoir_ws/build/crazychoir_examples/crazychoir_examples/task_assignment_webots/planner.py", line 14, in main
[crazychoir_task_assignment_webots_planner-54]     rclpy.spin(planner, executor)
[crazychoir_task_assignment_webots_planner-54]   File "/opt/ros/foxy/lib/python3.8/site-packages/rclpy/__init__.py", line 191, in spin
[crazychoir_task_assignment_webots_planner-54]     executor.spin_once()
[crazychoir_task_assignment_webots_planner-54]   File "/opt/ros/foxy/lib/python3.8/site-packages/rclpy/executors.py", line 770, in spin_once
[crazychoir_task_assignment_webots_planner-54]     self._spin_once_impl(timeout_sec)
[crazychoir_task_assignment_webots_planner-54]   File "/opt/ros/foxy/lib/python3.8/site-packages/rclpy/executors.py", line 751, in _spin_once_impl
[crazychoir_task_assignment_webots_planner-54]     handler, entity, node = self.wait_for_ready_callbacks(
[crazychoir_task_assignment_webots_planner-54]   File "/opt/ros/foxy/lib/python3.8/site-packages/rclpy/executors.py", line 697, in wait_for_ready_callbacks
[crazychoir_task_assignment_webots_planner-54]     return next(self._cb_iter)
[crazychoir_task_assignment_webots_planner-54]   File "/opt/ros/foxy/lib/python3.8/site-packages/rclpy/executors.py", line 593, in _wait_for_ready_callbacks
[crazychoir_task_assignment_webots_planner-54]     _rclpy.rclpy_wait(wait_set, timeout_nsec)
[crazychoir_task_assignment_webots_planner-54] KeyboardInterrupt
[crazychoir_task_assignment_webots_guidance-42] EARLY RETURN
[crazychoir_task_assignment_webots_guidance-42] EARLY RETURN
[crazychoir_task_assignment_webots_guidance-42] EARLY RETURN
[crazychoir_task_assignment_webots_guidance-42] EARLY RETURN
[crazychoir_task_assignment_webots_guidance-42] EARLY RETURN
[crazychoir_task_assignment_webots_guidance-42] EARLY RETURN
[crazychoir_task_assignment_webots_guidance-42] Traceback (most recent call last):
[crazychoir_task_assignment_webots_guidance-42]   File "/home/mohammed/crazychoir_ws/install/crazychoir_examples/lib/crazychoir_examples/crazychoir_task_assignment_webots_guidance", line 33, in <module>
[crazychoir_task_assignment_webots_guidance-42]     sys.exit(load_entry_point('crazychoir-examples', 'console_scripts', 'crazychoir_task_assignment_webots_guidance')())
[crazychoir_task_assignment_webots_guidance-42]   File "/home/mohammed/crazychoir_ws/build/crazychoir_examples/crazychoir_examples/task_assignment_webots/guidance.py", line 16, in main
[crazychoir_task_assignment_webots_guidance-42]     rclpy.spin(guidance)
[crazychoir_task_assignment_webots_guidance-42]   File "/opt/ros/foxy/lib/python3.8/site-packages/rclpy/__init__.py", line 191, in spin
[crazychoir_task_assignment_webots_guidance-42]     executor.spin_once()
[crazychoir_task_assignment_webots_guidance-42]   File "/opt/ros/foxy/lib/python3.8/site-packages/rclpy/executors.py", line 711, in spin_once
[crazychoir_task_assignment_webots_guidance-42]     handler, entity, node = self.wait_for_ready_callbacks(timeout_sec=timeout_sec)
[crazychoir_task_assignment_webots_guidance-42]   File "/opt/ros/foxy/lib/python3.8/site-packages/rclpy/executors.py", line 697, in wait_for_ready_callbacks
[crazychoir_task_assignment_webots_guidance-42]     return next(self._cb_iter)
[crazychoir_task_assignment_webots_guidance-42]   File "/opt/ros/foxy/lib/python3.8/site-packages/rclpy/executors.py", line 593, in _wait_for_ready_callbacks
[crazychoir_task_assignment_webots_guidance-42]     _rclpy.rclpy_wait(wait_set, timeout_nsec)
[crazychoir_task_assignment_webots_guidance-42] KeyboardInterrupt
[crazychoir_task_assignment_webots_guidance-7] EARLY RETURN
[crazychoir_task_assignment_webots_guidance-7] EARLY RETURN
[crazychoir_task_assignment_webots_guidance-7] EARLY RETURN
[crazychoir_task_assignment_webots_guidance-7] EARLY RETURN
[crazychoir_task_assignment_webots_guidance-7] EARLY RETURN
[crazychoir_task_assignment_webots_guidance-7] EARLY RETURN
[crazychoir_task_assignment_webots_guidance-7] Traceback (most recent call last):
[crazychoir_task_assignment_webots_guidance-7]   File "/home/mohammed/crazychoir_ws/install/crazychoir_examples/lib/crazychoir_examples/crazychoir_task_assignment_webots_guidance", line 33, in <module>
[crazychoir_task_assignment_webots_guidance-7]     sys.exit(load_entry_point('crazychoir-examples', 'console_scripts', 'crazychoir_task_assignment_webots_guidance')())
[crazychoir_task_assignment_webots_guidance-7]   File "/home/mohammed/crazychoir_ws/build/crazychoir_examples/crazychoir_examples/task_assignment_webots/guidance.py", line 16, in main
[crazychoir_task_assignment_webots_guidance-7]     rclpy.spin(guidance)
[crazychoir_task_assignment_webots_guidance-7]   File "/opt/ros/foxy/lib/python3.8/site-packages/rclpy/__init__.py", line 191, in spin
[crazychoir_task_assignment_webots_guidance-7]     executor.spin_once()
[crazychoir_task_assignment_webots_guidance-7]   File "/opt/ros/foxy/lib/python3.8/site-packages/rclpy/executors.py", line 711, in spin_once
[crazychoir_task_assignment_webots_guidance-7]     handler, entity, node = self.wait_for_ready_callbacks(timeout_sec=timeout_sec)
[crazychoir_task_assignment_webots_guidance-7]   File "/opt/ros/foxy/lib/python3.8/site-packages/rclpy/executors.py", line 697, in wait_for_ready_callbacks
[crazychoir_task_assignment_webots_guidance-7]     return next(self._cb_iter)
[crazychoir_task_assignment_webots_guidance-7]   File "/opt/ros/foxy/lib/python3.8/site-packages/rclpy/executors.py", line 593, in _wait_for_ready_callbacks
[crazychoir_task_assignment_webots_guidance-7]     _rclpy.rclpy_wait(wait_set, timeout_nsec)
[crazychoir_task_assignment_webots_guidance-7] KeyboardInterrupt
[crazychoir_task_assignment_webots_guidance-12] EARLY RETURN
[crazychoir_task_assignment_webots_guidance-12] EARLY RETURN
[crazychoir_task_assignment_webots_guidance-12] EARLY RETURN
[crazychoir_task_assignment_webots_guidance-12] EARLY RETURN
[crazychoir_task_assignment_webots_guidance-12] EARLY RETURN
[crazychoir_task_assignment_webots_guidance-12] EARLY RETURN
[crazychoir_task_assignment_webots_guidance-12] Traceback (most recent call last):
[crazychoir_task_assignment_webots_guidance-12]   File "/home/mohammed/crazychoir_ws/install/crazychoir_examples/lib/crazychoir_examples/crazychoir_task_assignment_webots_guidance", line 33, in <module>
[crazychoir_task_assignment_webots_guidance-12]     sys.exit(load_entry_point('crazychoir-examples', 'console_scripts', 'crazychoir_task_assignment_webots_guidance')())
[crazychoir_task_assignment_webots_guidance-12]   File "/home/mohammed/crazychoir_ws/build/crazychoir_examples/crazychoir_examples/task_assignment_webots/guidance.py", line 16, in main
[crazychoir_task_assignment_webots_guidance-12]     rclpy.spin(guidance)
[crazychoir_task_assignment_webots_guidance-12]   File "/opt/ros/foxy/lib/python3.8/site-packages/rclpy/__init__.py", line 191, in spin
[crazychoir_task_assignment_webots_guidance-12]     executor.spin_once()
[crazychoir_task_assignment_webots_guidance-12]   File "/opt/ros/foxy/lib/python3.8/site-packages/rclpy/executors.py", line 711, in spin_once
[crazychoir_task_assignment_webots_guidance-12]     handler, entity, node = self.wait_for_ready_callbacks(timeout_sec=timeout_sec)
[crazychoir_task_assignment_webots_guidance-12]   File "/opt/ros/foxy/lib/python3.8/site-packages/rclpy/executors.py", line 697, in wait_for_ready_callbacks
[crazychoir_task_assignment_webots_guidance-12]     return next(self._cb_iter)
[crazychoir_task_assignment_webots_guidance-12]   File "/opt/ros/foxy/lib/python3.8/site-packages/rclpy/executors.py", line 593, in _wait_for_ready_callbacks
[crazychoir_task_assignment_webots_guidance-12]     _rclpy.rclpy_wait(wait_set, timeout_nsec)
[crazychoir_task_assignment_webots_guidance-12] KeyboardInterrupt
[crazychoir_task_assignment_webots_guidance-32] EARLY RETURN
[crazychoir_task_assignment_webots_guidance-32] EARLY RETURN
[crazychoir_task_assignment_webots_guidance-32] EARLY RETURN
[crazychoir_task_assignment_webots_guidance-32] EARLY RETURN
[crazychoir_task_assignment_webots_guidance-32] EARLY RETURN
[crazychoir_task_assignment_webots_guidance-32] EARLY RETURN
[crazychoir_task_assignment_webots_guidance-32] Traceback (most recent call last):
[crazychoir_task_assignment_webots_guidance-32]   File "/home/mohammed/crazychoir_ws/install/crazychoir_examples/lib/crazychoir_examples/crazychoir_task_assignment_webots_guidance", line 33, in <module>
[crazychoir_task_assignment_webots_guidance-32]     sys.exit(load_entry_point('crazychoir-examples', 'console_scripts', 'crazychoir_task_assignment_webots_guidance')())
[crazychoir_task_assignment_webots_guidance-32]   File "/home/mohammed/crazychoir_ws/build/crazychoir_examples/crazychoir_examples/task_assignment_webots/guidance.py", line 16, in main
[crazychoir_task_assignment_webots_guidance-32]     rclpy.spin(guidance)
[crazychoir_task_assignment_webots_guidance-32]   File "/opt/ros/foxy/lib/python3.8/site-packages/rclpy/__init__.py", line 191, in spin
[crazychoir_task_assignment_webots_guidance-32]     executor.spin_once()
[crazychoir_task_assignment_webots_guidance-32]   File "/opt/ros/foxy/lib/python3.8/site-packages/rclpy/executors.py", line 711, in spin_once
[crazychoir_task_assignment_webots_guidance-32]     handler, entity, node = self.wait_for_ready_callbacks(timeout_sec=timeout_sec)
[crazychoir_task_assignment_webots_guidance-32]   File "/opt/ros/foxy/lib/python3.8/site-packages/rclpy/executors.py", line 697, in wait_for_ready_callbacks
[crazychoir_task_assignment_webots_guidance-32]     return next(self._cb_iter)
[crazychoir_task_assignment_webots_guidance-32]   File "/opt/ros/foxy/lib/python3.8/site-packages/rclpy/executors.py", line 593, in _wait_for_ready_callbacks
[crazychoir_task_assignment_webots_guidance-32]     _rclpy.rclpy_wait(wait_set, timeout_nsec)
[crazychoir_task_assignment_webots_guidance-32] KeyboardInterrupt
[crazychoir_task_assignment_webots_guidance-22] EARLY RETURN
[crazychoir_task_assignment_webots_guidance-22] Traceback (most recent call last):
[crazychoir_task_assignment_webots_guidance-22]   File "/home/mohammed/crazychoir_ws/install/crazychoir_examples/lib/crazychoir_examples/crazychoir_task_assignment_webots_guidance", line 33, in <module>
[crazychoir_task_assignment_webots_guidance-22]     sys.exit(load_entry_point('crazychoir-examples', 'console_scripts', 'crazychoir_task_assignment_webots_guidance')())
[crazychoir_task_assignment_webots_guidance-22]   File "/home/mohammed/crazychoir_ws/build/crazychoir_examples/crazychoir_examples/task_assignment_webots/guidance.py", line 16, in main
[crazychoir_task_assignment_webots_guidance-22]     rclpy.spin(guidance)
[crazychoir_task_assignment_webots_guidance-22]   File "/opt/ros/foxy/lib/python3.8/site-packages/rclpy/__init__.py", line 191, in spin
[crazychoir_task_assignment_webots_guidance-22]     executor.spin_once()
[crazychoir_task_assignment_webots_guidance-22]   File "/opt/ros/foxy/lib/python3.8/site-packages/rclpy/executors.py", line 717, in spin_once
[crazychoir_task_assignment_webots_guidance-22]     handler()
[crazychoir_task_assignment_webots_guidance-22]   File "/opt/ros/foxy/lib/python3.8/site-packages/rclpy/task.py", line 239, in __call__
[crazychoir_task_assignment_webots_guidance-22]     self._handler.send(None)
[crazychoir_task_assignment_webots_guidance-22]   File "/opt/ros/foxy/lib/python3.8/site-packages/rclpy/executors.py", line 429, in handler
[crazychoir_task_assignment_webots_guidance-22]     await call_coroutine(entity, arg)
[crazychoir_task_assignment_webots_guidance-22]   File "/opt/ros/foxy/lib/python3.8/site-packages/rclpy/executors.py", line 354, in _execute_subscription
[crazychoir_task_assignment_webots_guidance-22]     await await_or_execute(sub.callback, msg)
[crazychoir_task_assignment_webots_guidance-22]   File "/opt/ros/foxy/lib/python3.8/site-packages/rclpy/executors.py", line 118, in await_or_execute
[crazychoir_task_assignment_webots_guidance-22]     return callback(*args)
[crazychoir_task_assignment_webots_guidance-22]   File "/home/mohammed/crazychoir_ws/build/choirbot/choirbot/utils/position_getter.py", line 16, in <lambda>
[crazychoir_task_assignment_webots_guidance-22]     lambda x: odom_callback(x, dest_pose, callback),
[crazychoir_task_assignment_webots_guidance-22]   File "/home/mohammed/crazychoir_ws/build/choirbot/choirbot/utils/position_getter.py", line 32, in odom_callback
[crazychoir_task_assignment_webots_guidance-22]     dest_pose.position = np.array([point.x, point.y, point.z])
[crazychoir_task_assignment_webots_guidance-22] KeyboardInterrupt
[crazychoir_task_assignment_webots_guidance-52] EARLY RETURN
[crazychoir_task_assignment_webots_guidance-52] Traceback (most recent call last):
[crazychoir_task_assignment_webots_guidance-52]   File "/home/mohammed/crazychoir_ws/install/crazychoir_examples/lib/crazychoir_examples/crazychoir_task_assignment_webots_guidance", line 33, in <module>
[crazychoir_task_assignment_webots_guidance-52]     sys.exit(load_entry_point('crazychoir-examples', 'console_scripts', 'crazychoir_task_assignment_webots_guidance')())
[crazychoir_task_assignment_webots_guidance-52]   File "/home/mohammed/crazychoir_ws/build/crazychoir_examples/crazychoir_examples/task_assignment_webots/guidance.py", line 16, in main
[crazychoir_task_assignment_webots_guidance-52]     rclpy.spin(guidance)
[crazychoir_task_assignment_webots_guidance-52]   File "/opt/ros/foxy/lib/python3.8/site-packages/rclpy/__init__.py", line 191, in spin
[crazychoir_task_assignment_webots_guidance-52]     executor.spin_once()
[crazychoir_task_assignment_webots_guidance-52]   File "/opt/ros/foxy/lib/python3.8/site-packages/rclpy/executors.py", line 711, in spin_once
[crazychoir_task_assignment_webots_guidance-52]     handler, entity, node = self.wait_for_ready_callbacks(timeout_sec=timeout_sec)
[crazychoir_task_assignment_webots_guidance-52]   File "/opt/ros/foxy/lib/python3.8/site-packages/rclpy/executors.py", line 697, in wait_for_ready_callbacks
[crazychoir_task_assignment_webots_guidance-52]     return next(self._cb_iter)
[crazychoir_task_assignment_webots_guidance-52]   File "/opt/ros/foxy/lib/python3.8/site-packages/rclpy/executors.py", line 593, in _wait_for_ready_callbacks
[crazychoir_task_assignment_webots_guidance-52]     _rclpy.rclpy_wait(wait_set, timeout_nsec)
[crazychoir_task_assignment_webots_guidance-52] KeyboardInterrupt
[webots-1] INFO: <extern>: Terminating.
[webots-1] INFO: <extern>: Terminating.
[webots-1] INFO: <extern>: Terminating.
[webots-1] INFO: <extern>: Terminating.
[webots-1] INFO: <extern>: Terminating.
[webots-1] INFO: <extern>: Terminating.
[webots-1] INFO: <extern>: Terminating.
[webots-1] INFO: <extern>: Terminating.
[webots-1] INFO: <extern>: Terminating.
[webots-1] INFO: <extern>: Terminating.
[crazychoir_task_assignment_webots_simple_guidance-13] Exception ignored in: <function Executor.__del__ at 0x7fcd2553ed30>
[crazychoir_task_assignment_webots_simple_guidance-13] Traceback (most recent call last):
[crazychoir_task_assignment_webots_simple_guidance-13]   File "/opt/ros/foxy/lib/python3.8/site-packages/rclpy/executors.py", line 240, in __del__
[crazychoir_task_assignment_webots_simple_guidance-13]   File "/opt/ros/foxy/lib/python3.8/site-packages/rclpy/signals.py", line 39, in destroy
[crazychoir_task_assignment_webots_simple_guidance-13] AttributeError: 'NoneType' object has no attribute 'rclpy_unregister_sigint_guard_condition'
[crazychoir_task_assignment_webots_simple_guidance-13] Exception ignored in: <function SignalHandlerGuardCondition.__del__ at 0x7fcd24c685e0>
[crazychoir_task_assignment_webots_simple_guidance-13] Traceback (most recent call last):
[crazychoir_task_assignment_webots_simple_guidance-13]   File "/opt/ros/foxy/lib/python3.8/site-packages/rclpy/signals.py", line 30, in __del__
[crazychoir_task_assignment_webots_simple_guidance-13] TypeError: catching classes that do not inherit from BaseException is not allowed
[crazychoir_task_assignment_webots_simple_guidance-43] Exception ignored in: <function Executor.__del__ at 0x7f07339d8d30>
[crazychoir_task_assignment_webots_simple_guidance-43] Traceback (most recent call last):
[crazychoir_task_assignment_webots_simple_guidance-43]   File "/opt/ros/foxy/lib/python3.8/site-packages/rclpy/executors.py", line 240, in __del__
[crazychoir_task_assignment_webots_simple_guidance-43]   File "/opt/ros/foxy/lib/python3.8/site-packages/rclpy/signals.py", line 39, in destroy
[crazychoir_task_assignment_webots_simple_guidance-43] AttributeError: 'NoneType' object has no attribute 'rclpy_unregister_sigint_guard_condition'
[crazychoir_task_assignment_webots_simple_guidance-43] Exception ignored in: <function SignalHandlerGuardCondition.__del__ at 0x7f07331035e0>
[crazychoir_task_assignment_webots_simple_guidance-43] Traceback (most recent call last):
[crazychoir_task_assignment_webots_simple_guidance-43]   File "/opt/ros/foxy/lib/python3.8/site-packages/rclpy/signals.py", line 30, in __del__
[crazychoir_task_assignment_webots_simple_guidance-43] TypeError: catching classes that do not inherit from BaseException is not allowed
[ERROR] [crazychoir_task_assignment_webots_planner-34]: process has died [pid 102979, exit code -2, cmd '/home/mohammed/crazychoir_ws/install/crazychoir_examples/lib/crazychoir_examples/crazychoir_task_assignment_webots_planner --ros-args -r __ns:=/agent_5 --params-file /tmp/launch_params_4vja61_k'].
[crazychoir_task_assignment_webots_simple_guidance-23] Exception ignored in: <function Executor.__del__ at 0x7f9ec7a41d30>
[crazychoir_task_assignment_webots_simple_guidance-23] Traceback (most recent call last):
[crazychoir_task_assignment_webots_simple_guidance-23]   File "/opt/ros/foxy/lib/python3.8/site-packages/rclpy/executors.py", line 240, in __del__
[crazychoir_task_assignment_webots_simple_guidance-23]   File "/opt/ros/foxy/lib/python3.8/site-packages/rclpy/signals.py", line 39, in destroy
[crazychoir_task_assignment_webots_simple_guidance-23] AttributeError: 'NoneType' object has no attribute 'rclpy_unregister_sigint_guard_condition'
[crazychoir_task_assignment_webots_simple_guidance-23] Exception ignored in: <function SignalHandlerGuardCondition.__del__ at 0x7f9ec79df5e0>
[crazychoir_task_assignment_webots_simple_guidance-23] Traceback (most recent call last):
[crazychoir_task_assignment_webots_simple_guidance-23]   File "/opt/ros/foxy/lib/python3.8/site-packages/rclpy/signals.py", line 30, in __del__
[crazychoir_task_assignment_webots_simple_guidance-23] TypeError: catching classes that do not inherit from BaseException is not allowed
[ERROR] [crazychoir_task_assignment_webots_planner-54]: process has died [pid 103146, exit code -2, cmd '/home/mohammed/crazychoir_ws/install/crazychoir_examples/lib/crazychoir_examples/crazychoir_task_assignment_webots_planner --ros-args -r __ns:=/agent_9 --params-file /tmp/launch_params_xpnj2y5l'].
[crazychoir_task_assignment_webots_simple_guidance-8] Exception ignored in: <function Executor.__del__ at 0x7f9a1e23fd30>
[crazychoir_task_assignment_webots_simple_guidance-8] Traceback (most recent call last):
[crazychoir_task_assignment_webots_simple_guidance-8]   File "/opt/ros/foxy/lib/python3.8/site-packages/rclpy/executors.py", line 240, in __del__
[crazychoir_task_assignment_webots_simple_guidance-8]   File "/opt/ros/foxy/lib/python3.8/site-packages/rclpy/signals.py", line 39, in destroy
[crazychoir_task_assignment_webots_simple_guidance-8] AttributeError: 'NoneType' object has no attribute 'rclpy_unregister_sigint_guard_condition'
[crazychoir_task_assignment_webots_simple_guidance-8] Exception ignored in: <function SignalHandlerGuardCondition.__del__ at 0x7f9a1d9685e0>
[crazychoir_task_assignment_webots_simple_guidance-8] Traceback (most recent call last):
[crazychoir_task_assignment_webots_simple_guidance-8]   File "/opt/ros/foxy/lib/python3.8/site-packages/rclpy/signals.py", line 30, in __del__
[crazychoir_task_assignment_webots_simple_guidance-8] TypeError: catching classes that do not inherit from BaseException is not allowed
[crazychoir_task_assignment_webots_simple_guidance-38] Exception ignored in: <function Executor.__del__ at 0x7f60ce042d30>
[crazychoir_task_assignment_webots_simple_guidance-38] Traceback (most recent call last):
[crazychoir_task_assignment_webots_simple_guidance-38]   File "/opt/ros/foxy/lib/python3.8/site-packages/rclpy/executors.py", line 240, in __del__
[crazychoir_task_assignment_webots_simple_guidance-38]   File "/opt/ros/foxy/lib/python3.8/site-packages/rclpy/signals.py", line 39, in destroy
[crazychoir_task_assignment_webots_simple_guidance-38] AttributeError: 'NoneType' object has no attribute 'rclpy_unregister_sigint_guard_condition'
[crazychoir_task_assignment_webots_simple_guidance-38] Exception ignored in: <function SignalHandlerGuardCondition.__del__ at 0x7f60ce0225e0>
[crazychoir_task_assignment_webots_simple_guidance-38] Traceback (most recent call last):
[crazychoir_task_assignment_webots_simple_guidance-38]   File "/opt/ros/foxy/lib/python3.8/site-packages/rclpy/signals.py", line 30, in __del__
[crazychoir_task_assignment_webots_simple_guidance-38] TypeError: catching classes that do not inherit from BaseException is not allowed
[crazychoir_task_assignment_webots_simple_guidance-28] Exception ignored in: <function Executor.__del__ at 0x7f53361d6d30>
[crazychoir_task_assignment_webots_simple_guidance-28] Traceback (most recent call last):
[crazychoir_task_assignment_webots_simple_guidance-28]   File "/opt/ros/foxy/lib/python3.8/site-packages/rclpy/executors.py", line 240, in __del__
[crazychoir_task_assignment_webots_simple_guidance-28]   File "/opt/ros/foxy/lib/python3.8/site-packages/rclpy/signals.py", line 39, in destroy
[crazychoir_task_assignment_webots_simple_guidance-28] AttributeError: 'NoneType' object has no attribute 'rclpy_unregister_sigint_guard_condition'
[crazychoir_task_assignment_webots_simple_guidance-28] Exception ignored in: <function SignalHandlerGuardCondition.__del__ at 0x7f53361745e0>
[crazychoir_task_assignment_webots_simple_guidance-28] Traceback (most recent call last):
[crazychoir_task_assignment_webots_simple_guidance-28]   File "/opt/ros/foxy/lib/python3.8/site-packages/rclpy/signals.py", line 30, in __del__
[crazychoir_task_assignment_webots_simple_guidance-28] TypeError: catching classes that do not inherit from BaseException is not allowed
[ERROR] [crazychoir_task_assignment_webots_planner-44]: process has died [pid 103074, exit code -2, cmd '/home/mohammed/crazychoir_ws/install/crazychoir_examples/lib/crazychoir_examples/crazychoir_task_assignment_webots_planner --ros-args -r __ns:=/agent_7 --params-file /tmp/launch_params_k865uosy'].
[ERROR] [crazychoir_task_assignment_webots_planner-14]: process has died [pid 102776, exit code -2, cmd '/home/mohammed/crazychoir_ws/install/crazychoir_examples/lib/crazychoir_examples/crazychoir_task_assignment_webots_planner --ros-args -r __ns:=/agent_1 --params-file /tmp/launch_params_u0x2xaf9'].
[crazychoir_task_assignment_webots_simple_guidance-33] Exception ignored in: <function Executor.__del__ at 0x7f010625fd30>
[crazychoir_task_assignment_webots_simple_guidance-33] Traceback (most recent call last):
[crazychoir_task_assignment_webots_simple_guidance-33]   File "/opt/ros/foxy/lib/python3.8/site-packages/rclpy/executors.py", line 240, in __del__
[crazychoir_task_assignment_webots_simple_guidance-33]   File "/opt/ros/foxy/lib/python3.8/site-packages/rclpy/signals.py", line 39, in destroy
[crazychoir_task_assignment_webots_simple_guidance-33] AttributeError: 'NoneType' object has no attribute 'rclpy_unregister_sigint_guard_condition'
[crazychoir_task_assignment_webots_simple_guidance-33] Exception ignored in: <function SignalHandlerGuardCondition.__del__ at 0x7f01059855e0>
[crazychoir_task_assignment_webots_simple_guidance-33] Traceback (most recent call last):
[crazychoir_task_assignment_webots_simple_guidance-33]   File "/opt/ros/foxy/lib/python3.8/site-packages/rclpy/signals.py", line 30, in __del__
[crazychoir_task_assignment_webots_simple_guidance-33] TypeError: catching classes that do not inherit from BaseException is not allowed
[ERROR] [crazychoir_task_assignment_webots_planner-24]: process has died [pid 102853, exit code -2, cmd '/home/mohammed/crazychoir_ws/install/crazychoir_examples/lib/crazychoir_examples/crazychoir_task_assignment_webots_planner --ros-args -r __ns:=/agent_3 --params-file /tmp/launch_params_0g09ys0g'].
[crazychoir_task_assignment_webots_simple_guidance-48] Exception ignored in: <function Executor.__del__ at 0x7f0141440d30>
[crazychoir_task_assignment_webots_simple_guidance-48] Traceback (most recent call last):
[crazychoir_task_assignment_webots_simple_guidance-48]   File "/opt/ros/foxy/lib/python3.8/site-packages/rclpy/executors.py", line 240, in __del__
[crazychoir_task_assignment_webots_simple_guidance-48]   File "/opt/ros/foxy/lib/python3.8/site-packages/rclpy/signals.py", line 39, in destroy
[crazychoir_task_assignment_webots_simple_guidance-48] AttributeError: 'NoneType' object has no attribute 'rclpy_unregister_sigint_guard_condition'
[crazychoir_task_assignment_webots_simple_guidance-48] Exception ignored in: <function SignalHandlerGuardCondition.__del__ at 0x7f01413de5e0>
[crazychoir_task_assignment_webots_simple_guidance-48] Traceback (most recent call last):
[crazychoir_task_assignment_webots_simple_guidance-48]   File "/opt/ros/foxy/lib/python3.8/site-packages/rclpy/signals.py", line 30, in __del__
[crazychoir_task_assignment_webots_simple_guidance-48] TypeError: catching classes that do not inherit from BaseException is not allowed
[ERROR] [crazychoir_task_assignment_webots_planner-49]: process has died [pid 103128, exit code -2, cmd '/home/mohammed/crazychoir_ws/install/crazychoir_examples/lib/crazychoir_examples/crazychoir_task_assignment_webots_planner --ros-args -r __ns:=/agent_8 --params-file /tmp/launch_params_6f9an7ho'].
[ERROR] [crazychoir_task_assignment_webots_planner-29]: process has died [pid 102914, exit code -2, cmd '/home/mohammed/crazychoir_ws/install/crazychoir_examples/lib/crazychoir_examples/crazychoir_task_assignment_webots_planner --ros-args -r __ns:=/agent_4 --params-file /tmp/launch_params_7tbwacew'].
[ERROR] [crazychoir_task_assignment_webots_planner-19]: process has died [pid 102819, exit code -2, cmd '/home/mohammed/crazychoir_ws/install/crazychoir_examples/lib/crazychoir_examples/crazychoir_task_assignment_webots_planner --ros-args -r __ns:=/agent_2 --params-file /tmp/launch_params_w99vq90y'].
[crazychoir_task_assignment_webots_simple_guidance-53] Exception ignored in: <function Executor.__del__ at 0x7fc9b1f03d30>
[crazychoir_task_assignment_webots_simple_guidance-53] Traceback (most recent call last):
[crazychoir_task_assignment_webots_simple_guidance-53]   File "/opt/ros/foxy/lib/python3.8/site-packages/rclpy/executors.py", line 240, in __del__
[crazychoir_task_assignment_webots_simple_guidance-53]   File "/opt/ros/foxy/lib/python3.8/site-packages/rclpy/signals.py", line 39, in destroy
[crazychoir_task_assignment_webots_simple_guidance-53] AttributeError: 'NoneType' object has no attribute 'rclpy_unregister_sigint_guard_condition'
[crazychoir_task_assignment_webots_simple_guidance-53] Exception ignored in: <function SignalHandlerGuardCondition.__del__ at 0x7fc9b1ea15e0>
[crazychoir_task_assignment_webots_simple_guidance-53] Traceback (most recent call last):
[crazychoir_task_assignment_webots_simple_guidance-53]   File "/opt/ros/foxy/lib/python3.8/site-packages/rclpy/signals.py", line 30, in __del__
[crazychoir_task_assignment_webots_simple_guidance-53] TypeError: catching classes that do not inherit from BaseException is not allowed
[ERROR] [crazychoir_task_assignment_webots_planner-39]: process has died [pid 103052, exit code -2, cmd '/home/mohammed/crazychoir_ws/install/crazychoir_examples/lib/crazychoir_examples/crazychoir_task_assignment_webots_planner --ros-args -r __ns:=/agent_6 --params-file /tmp/launch_params_6cvowek8'].
[ERROR] [crazychoir_task_assignment_webots_planner-9]: process has died [pid 102752, exit code -2, cmd '/home/mohammed/crazychoir_ws/install/crazychoir_examples/lib/crazychoir_examples/crazychoir_task_assignment_webots_planner --ros-args -r __ns:=/agent_0 --params-file /tmp/launch_params_198s3qao'].
[INFO] [webots-1]: process has finished cleanly [pid 102720]
[crazychoir_task_assignment_webots_simple_guidance-18] Exception ignored in: <function Executor.__del__ at 0x7fa7ee594d30>
[crazychoir_task_assignment_webots_simple_guidance-18] Traceback (most recent call last):
[crazychoir_task_assignment_webots_simple_guidance-18]   File "/opt/ros/foxy/lib/python3.8/site-packages/rclpy/executors.py", line 240, in __del__
[crazychoir_task_assignment_webots_simple_guidance-18]   File "/opt/ros/foxy/lib/python3.8/site-packages/rclpy/signals.py", line 39, in destroy
[crazychoir_task_assignment_webots_simple_guidance-18] AttributeError: 'NoneType' object has no attribute 'rclpy_unregister_sigint_guard_condition'
[crazychoir_task_assignment_webots_simple_guidance-18] Exception ignored in: <function SignalHandlerGuardCondition.__del__ at 0x7fa7edcbf5e0>
[crazychoir_task_assignment_webots_simple_guidance-18] Traceback (most recent call last):
[crazychoir_task_assignment_webots_simple_guidance-18]   File "/opt/ros/foxy/lib/python3.8/site-packages/rclpy/signals.py", line 30, in __del__
[crazychoir_task_assignment_webots_simple_guidance-18] TypeError: catching classes that do not inherit from BaseException is not allowed
[ERROR] [crazychoir_task_assignment_webots_simple_guidance-43]: process has died [pid 103063, exit code -2, cmd '/home/mohammed/crazychoir_ws/install/crazychoir_examples/lib/crazychoir_examples/crazychoir_task_assignment_webots_simple_guidance --ros-args -r __ns:=/agent_7 --params-file /tmp/launch_params_vije1x25'].
[ERROR] [crazychoir_task_assignment_webots_simple_guidance-13]: process has died [pid 102773, exit code -2, cmd '/home/mohammed/crazychoir_ws/install/crazychoir_examples/lib/crazychoir_examples/crazychoir_task_assignment_webots_simple_guidance --ros-args -r __ns:=/agent_1 --params-file /tmp/launch_params_l_yc_tga'].
[ERROR] [crazychoir_task_assignment_webots_simple_guidance-8]: process has died [pid 102750, exit code -2, cmd '/home/mohammed/crazychoir_ws/install/crazychoir_examples/lib/crazychoir_examples/crazychoir_task_assignment_webots_simple_guidance --ros-args -r __ns:=/agent_0 --params-file /tmp/launch_params_6f3m7jci'].
[ERROR] [crazychoir_task_assignment_webots_simple_guidance-23]: process has died [pid 102849, exit code -2, cmd '/home/mohammed/crazychoir_ws/install/crazychoir_examples/lib/crazychoir_examples/crazychoir_task_assignment_webots_simple_guidance --ros-args -r __ns:=/agent_3 --params-file /tmp/launch_params_1ebn9ris'].
[ERROR] [crazychoir_task_assignment_webots_simple_guidance-48]: process has died [pid 103125, exit code -2, cmd '/home/mohammed/crazychoir_ws/install/crazychoir_examples/lib/crazychoir_examples/crazychoir_task_assignment_webots_simple_guidance --ros-args -r __ns:=/agent_8 --params-file /tmp/launch_params_o4ad5qsl'].
[ERROR] [crazychoir_task_assignment_webots_simple_guidance-33]: process has died [pid 102925, exit code -2, cmd '/home/mohammed/crazychoir_ws/install/crazychoir_examples/lib/crazychoir_examples/crazychoir_task_assignment_webots_simple_guidance --ros-args -r __ns:=/agent_5 --params-file /tmp/launch_params_67z96yh3'].
[ERROR] [crazychoir_task_assignment_webots_simple_guidance-38]: process has died [pid 103025, exit code -2, cmd '/home/mohammed/crazychoir_ws/install/crazychoir_examples/lib/crazychoir_examples/crazychoir_task_assignment_webots_simple_guidance --ros-args -r __ns:=/agent_6 --params-file /tmp/launch_params_wfqk2ocw'].
[ERROR] [crazychoir_task_assignment_webots_simple_guidance-28]: process has died [pid 102912, exit code -2, cmd '/home/mohammed/crazychoir_ws/install/crazychoir_examples/lib/crazychoir_examples/crazychoir_task_assignment_webots_simple_guidance --ros-args -r __ns:=/agent_4 --params-file /tmp/launch_params_jwtvyxko'].
[ERROR] [crazychoir_task_assignment_webots_simple_guidance-53]: process has died [pid 103136, exit code -2, cmd '/home/mohammed/crazychoir_ws/install/crazychoir_examples/lib/crazychoir_examples/crazychoir_task_assignment_webots_simple_guidance --ros-args -r __ns:=/agent_9 --params-file /tmp/launch_params_kvxx9oru'].
[ERROR] [crazychoir_task_assignment_webots_simple_guidance-18]: process has died [pid 102807, exit code -2, cmd '/home/mohammed/crazychoir_ws/install/crazychoir_examples/lib/crazychoir_examples/crazychoir_task_assignment_webots_simple_guidance --ros-args -r __ns:=/agent_2 --params-file /tmp/launch_params_enf_z2iq'].
[ERROR] [crazychoir_task_assignment_webots_guidance-52]: process[crazychoir_task_assignment_webots_guidance-52] failed to terminate '5' seconds after receiving 'SIGINT', escalating to 'SIGTERM'
[ERROR] [crazychoir_task_assignment_webots_guidance-47]: process[crazychoir_task_assignment_webots_guidance-47] failed to terminate '5' seconds after receiving 'SIGINT', escalating to 'SIGTERM'
[ERROR] [crazychoir_task_assignment_webots_guidance-42]: process[crazychoir_task_assignment_webots_guidance-42] failed to terminate '5' seconds after receiving 'SIGINT', escalating to 'SIGTERM'
[INFO] [crazychoir_task_assignment_webots_guidance-52]: sending signal 'SIGTERM' to process[crazychoir_task_assignment_webots_guidance-52]
[INFO] [crazychoir_task_assignment_webots_guidance-47]: sending signal 'SIGTERM' to process[crazychoir_task_assignment_webots_guidance-47]
[INFO] [crazychoir_task_assignment_webots_guidance-42]: sending signal 'SIGTERM' to process[crazychoir_task_assignment_webots_guidance-42]
[ERROR] [crazychoir_task_assignment_webots_guidance-52]: process has died [pid 103134, exit code -15, cmd '/home/mohammed/crazychoir_ws/install/crazychoir_examples/lib/crazychoir_examples/crazychoir_task_assignment_webots_guidance --ros-args -r __ns:=/agent_9 --params-file /tmp/launch_params_ojwdptrx'].
[ERROR] [crazychoir_task_assignment_webots_guidance-37]: process[crazychoir_task_assignment_webots_guidance-37] failed to terminate '5' seconds after receiving 'SIGINT', escalating to 'SIGTERM'
[ERROR] [crazychoir_task_assignment_webots_guidance-47]: process has died [pid 103116, exit code -15, cmd '/home/mohammed/crazychoir_ws/install/crazychoir_examples/lib/crazychoir_examples/crazychoir_task_assignment_webots_guidance --ros-args -r __ns:=/agent_8 --params-file /tmp/launch_params_vyf9vjqm'].
[ERROR] [crazychoir_task_assignment_webots_guidance-32]: process[crazychoir_task_assignment_webots_guidance-32] failed to terminate '5' seconds after receiving 'SIGINT', escalating to 'SIGTERM'
[ERROR] [crazychoir_task_assignment_webots_guidance-27]: process[crazychoir_task_assignment_webots_guidance-27] failed to terminate '5' seconds after receiving 'SIGINT', escalating to 'SIGTERM'
[ERROR] [crazychoir_task_assignment_webots_guidance-42]: process has died [pid 103058, exit code -15, cmd '/home/mohammed/crazychoir_ws/install/crazychoir_examples/lib/crazychoir_examples/crazychoir_task_assignment_webots_guidance --ros-args -r __ns:=/agent_7 --params-file /tmp/launch_params_4v6gbs9z'].
[ERROR] [crazychoir_task_assignment_webots_guidance-22]: process[crazychoir_task_assignment_webots_guidance-22] failed to terminate '5' seconds after receiving 'SIGINT', escalating to 'SIGTERM'
[ERROR] [crazychoir_task_assignment_webots_guidance-17]: process[crazychoir_task_assignment_webots_guidance-17] failed to terminate '5' seconds after receiving 'SIGINT', escalating to 'SIGTERM'
[ERROR] [crazychoir_task_assignment_webots_guidance-12]: process[crazychoir_task_assignment_webots_guidance-12] failed to terminate '5' seconds after receiving 'SIGINT', escalating to 'SIGTERM'
[ERROR] [crazychoir_task_assignment_webots_guidance-7]: process[crazychoir_task_assignment_webots_guidance-7] failed to terminate '5' seconds after receiving 'SIGINT', escalating to 'SIGTERM'
[ERROR] [crazychoir_task_assignment_webots_gui-2]: process[crazychoir_task_assignment_webots_gui-2] failed to terminate '5' seconds after receiving 'SIGINT', escalating to 'SIGTERM'
[INFO] [crazychoir_task_assignment_webots_guidance-37]: sending signal 'SIGTERM' to process[crazychoir_task_assignment_webots_guidance-37]
[INFO] [crazychoir_task_assignment_webots_guidance-32]: sending signal 'SIGTERM' to process[crazychoir_task_assignment_webots_guidance-32]
[INFO] [crazychoir_task_assignment_webots_guidance-27]: sending signal 'SIGTERM' to process[crazychoir_task_assignment_webots_guidance-27]
[ERROR] [crazychoir_task_assignment_webots_guidance-37]: process has died [pid 103021, exit code -15, cmd '/home/mohammed/crazychoir_ws/install/crazychoir_examples/lib/crazychoir_examples/crazychoir_task_assignment_webots_guidance --ros-args -r __ns:=/agent_6 --params-file /tmp/launch_params_aat72w2t'].
[ERROR] [crazychoir_task_assignment_webots_guidance-32]: process has died [pid 102921, exit code -15, cmd '/home/mohammed/crazychoir_ws/install/crazychoir_examples/lib/crazychoir_examples/crazychoir_task_assignment_webots_guidance --ros-args -r __ns:=/agent_5 --params-file /tmp/launch_params_elh9w88y'].
[INFO] [crazychoir_task_assignment_webots_guidance-22]: sending signal 'SIGTERM' to process[crazychoir_task_assignment_webots_guidance-22]
[INFO] [crazychoir_task_assignment_webots_guidance-17]: sending signal 'SIGTERM' to process[crazychoir_task_assignment_webots_guidance-17]
[ERROR] [crazychoir_task_assignment_webots_guidance-27]: process has died [pid 102881, exit code -15, cmd '/home/mohammed/crazychoir_ws/install/crazychoir_examples/lib/crazychoir_examples/crazychoir_task_assignment_webots_guidance --ros-args -r __ns:=/agent_4 --params-file /tmp/launch_params_kupx5zlr'].
[INFO] [crazychoir_task_assignment_webots_guidance-12]: sending signal 'SIGTERM' to process[crazychoir_task_assignment_webots_guidance-12]
[ERROR] [crazychoir_task_assignment_webots_guidance-22]: process has died [pid 102835, exit code -15, cmd '/home/mohammed/crazychoir_ws/install/crazychoir_examples/lib/crazychoir_examples/crazychoir_task_assignment_webots_guidance --ros-args -r __ns:=/agent_3 --params-file /tmp/launch_params_mea73ng3'].
[INFO] [crazychoir_task_assignment_webots_guidance-7]: sending signal 'SIGTERM' to process[crazychoir_task_assignment_webots_guidance-7]
[ERROR] [crazychoir_task_assignment_webots_guidance-17]: process has died [pid 102805, exit code -15, cmd '/home/mohammed/crazychoir_ws/install/crazychoir_examples/lib/crazychoir_examples/crazychoir_task_assignment_webots_guidance --ros-args -r __ns:=/agent_2 --params-file /tmp/launch_params_9p5zxf6q'].
[INFO] [crazychoir_task_assignment_webots_gui-2]: sending signal 'SIGTERM' to process[crazychoir_task_assignment_webots_gui-2]
[ERROR] [crazychoir_task_assignment_webots_guidance-12]: process has died [pid 102771, exit code -15, cmd '/home/mohammed/crazychoir_ws/install/crazychoir_examples/lib/crazychoir_examples/crazychoir_task_assignment_webots_guidance --ros-args -r __ns:=/agent_1 --params-file /tmp/launch_params_jjyne0k7'].
[ERROR] [crazychoir_task_assignment_webots_guidance-7]: process has died [pid 102737, exit code -15, cmd '/home/mohammed/crazychoir_ws/install/crazychoir_examples/lib/crazychoir_examples/crazychoir_task_assignment_webots_guidance --ros-args -r __ns:=/agent_0 --params-file /tmp/launch_params_3gc9jmqu'].
[ERROR] [crazychoir_task_assignment_webots_gui-2]: process has died [pid 102722, exit code -15, cmd '/home/mohammed/crazychoir_ws/install/crazychoir_examples/lib/crazychoir_examples/crazychoir_task_assignment_webots_gui --ros-args --params-file /tmp/launch_params_4o4_ogwf'].
/opt/ros/foxy/bin/ros2:6: DeprecationWarning: pkg_resources is deprecated as an API. See https://setuptools.pypa.io/en/latest/pkg_resources.html
  from pkg_resources import load_entry_point
