[INFO] [launch]: All log files can be found below /home/mohammed/.ros/log/2025-04-21-20-12-46-878980-mohammedsPC-27755
[INFO] [launch]: Default logging verbosity is set to INFO
Invalid MIT-MAGIC-COOKIE-1 key[INFO] [webots-1]: process started with pid [27825]
[INFO] [crazychoir_task_assignment_webots_gui-2]: process started with pid [27827]
[INFO] [crazychoir_task_assignment_webots_table-3]: process started with pid [27831]
[INFO] [ros2-4]: process started with pid [27836]
[INFO] [driver-5]: process started with pid [27838]
[INFO] [robot_state_publisher-6]: process started with pid [27840]
[INFO] [crazychoir_task_assignment_webots_guidance-7]: process started with pid [27842]
[INFO] [crazychoir_task_assignment_webots_simple_guidance-8]: process started with pid [27844]
[INFO] [crazychoir_task_assignment_webots_planner-9]: process started with pid [27846]
[INFO] [driver-10]: process started with pid [27848]
[INFO] [robot_state_publisher-11]: process started with pid [27850]
[INFO] [crazychoir_task_assignment_webots_guidance-12]: process started with pid [27852]
[INFO] [crazychoir_task_assignment_webots_simple_guidance-13]: process started with pid [27854]
[INFO] [crazychoir_task_assignment_webots_planner-14]: process started with pid [27856]
[INFO] [driver-15]: process started with pid [27858]
[INFO] [robot_state_publisher-16]: process started with pid [27860]
[INFO] [crazychoir_task_assignment_webots_guidance-17]: process started with pid [27862]
[INFO] [crazychoir_task_assignment_webots_simple_guidance-18]: process started with pid [27864]
[INFO] [crazychoir_task_assignment_webots_planner-19]: process started with pid [27866]
[INFO] [driver-20]: process started with pid [27901]
[INFO] [robot_state_publisher-21]: process started with pid [27924]
[INFO] [crazychoir_task_assignment_webots_guidance-22]: process started with pid [27926]
[INFO] [crazychoir_task_assignment_webots_simple_guidance-23]: process started with pid [27928]
[INFO] [crazychoir_task_assignment_webots_planner-24]: process started with pid [27930]
[INFO] [driver-25]: process started with pid [27965]
[INFO] [robot_state_publisher-26]: process started with pid [27980]
[INFO] [crazychoir_task_assignment_webots_guidance-27]: process started with pid [27986]
[INFO] [crazychoir_task_assignment_webots_simple_guidance-28]: process started with pid [27996]
[INFO] [crazychoir_task_assignment_webots_planner-29]: process started with pid [28027]
[INFO] [driver-30]: process started with pid [28029]
[INFO] [robot_state_publisher-31]: process started with pid [28031]
[INFO] [crazychoir_task_assignment_webots_guidance-32]: process started with pid [28034]
[INFO] [crazychoir_task_assignment_webots_simple_guidance-33]: process started with pid [28054]
[INFO] [crazychoir_task_assignment_webots_planner-34]: process started with pid [28083]
[driver-5] Cannot open file: /tmp/webots-27825-zSuGKH/WEBOTS_SERVER (retry count 1)
[robot_state_publisher-6] Parsing robot urdf xml string.
[robot_state_publisher-6] [INFO] [1745255568.019354028] [agent_0.robot_state_publisher]: got segment 
[driver-10] Cannot open file: /tmp/webots-27825-zSuGKH/WEBOTS_SERVER (retry count 1)
[robot_state_publisher-11] Parsing robot urdf xml string.
[robot_state_publisher-11] [INFO] [1745255568.019270406] [agent_1.robot_state_publisher]: got segment 
[driver-15] Cannot open file: /tmp/webots-27825-zSuGKH/WEBOTS_SERVER (retry count 1)
[robot_state_publisher-16] Parsing robot urdf xml string.
[robot_state_publisher-16] [INFO] [1745255568.019499069] [agent_2.robot_state_publisher]: got segment 
[driver-20] Cannot open file: /tmp/webots-27825-zSuGKH/WEBOTS_SERVER (retry count 1)
[robot_state_publisher-21] Parsing robot urdf xml string.
[robot_state_publisher-21] [INFO] [1745255568.022425897] [agent_3.robot_state_publisher]: got segment 
[driver-25] Cannot open file: /tmp/webots-27825-zSuGKH/WEBOTS_SERVER (retry count 1)
[robot_state_publisher-26] Parsing robot urdf xml string.
[robot_state_publisher-26] [INFO] [1745255568.078240603] [agent_4.robot_state_publisher]: got segment 
[driver-30] Cannot open file: /tmp/webots-27825-zSuGKH/WEBOTS_SERVER (retry count 1)
[robot_state_publisher-31] Parsing robot urdf xml string.
[robot_state_publisher-31] [INFO] [1745255568.140255024] [agent_5.robot_state_publisher]: got segment 
[crazychoir_task_assignment_webots_planner-9] [INFO] [1745255568.761245229] [agent_0.planner]: Planner 0 started
[crazychoir_task_assignment_webots_planner-19] [INFO] [1745255568.773591438] [agent_2.planner]: Planner 2 started
[crazychoir_task_assignment_webots_planner-24] [INFO] [1745255568.813760363] [agent_3.planner]: Planner 3 started
[driver-10] Cannot open file: /tmp/webots-27825-zSuGKH/WEBOTS_SERVER (retry count 2)
[driver-15] Cannot open file: /tmp/webots-27825-zSuGKH/WEBOTS_SERVER (retry count 2)
[crazychoir_task_assignment_webots_planner-14] [INFO] [1745255568.902156564] [agent_1.planner]: Planner 1 started
[driver-5] Cannot open file: /tmp/webots-27825-zSuGKH/WEBOTS_SERVER (retry count 2)
[driver-20] Cannot open file: /tmp/webots-27825-zSuGKH/WEBOTS_SERVER (retry count 2)
[driver-25] Cannot open file: /tmp/webots-27825-zSuGKH/WEBOTS_SERVER (retry count 2)
[driver-30] Cannot open file: /tmp/webots-27825-zSuGKH/WEBOTS_SERVER (retry count 2)
[crazychoir_task_assignment_webots_planner-34] [INFO] [1745255569.562415664] [agent_5.planner]: Planner 5 started
[crazychoir_task_assignment_webots_planner-29] [INFO] [1745255569.646283970] [agent_4.planner]: Planner 4 started
[crazychoir_task_assignment_webots_simple_guidance-33] Invalid MIT-MAGIC-COOKIE-1 key[INFO] [1745255569.890398231] [agent_5.simple_guidance]: Simple Guidance 5 started
[crazychoir_task_assignment_webots_simple_guidance-33] [INFO] [1745255569.896172127] [agent_5.simple_guidance]: Go!
[driver-10] Cannot open file: /tmp/webots-27825-zSuGKH/WEBOTS_SERVER (retry count 3)
[driver-15] Cannot open file: /tmp/webots-27825-zSuGKH/WEBOTS_SERVER (retry count 3)
[driver-5] Cannot open file: /tmp/webots-27825-zSuGKH/WEBOTS_SERVER (retry count 3)
[crazychoir_task_assignment_webots_simple_guidance-8] Invalid MIT-MAGIC-COOKIE-1 key[INFO] [1745255569.929894181] [agent_0.simple_guidance]: Simple Guidance 0 started
[crazychoir_task_assignment_webots_simple_guidance-8] [INFO] [1745255569.930341731] [agent_0.simple_guidance]: Go!
[crazychoir_task_assignment_webots_guidance-27] Invalid MIT-MAGIC-COOKIE-1 key[INFO] [1745255569.933705733] [agent_4.guidance]: Waiting for action server
[driver-20] Cannot open file: /tmp/webots-27825-zSuGKH/WEBOTS_SERVER (retry count 3)
[crazychoir_task_assignment_webots_simple_guidance-23] Invalid MIT-MAGIC-COOKIE-1 key[INFO] [1745255570.019139766] [agent_3.simple_guidance]: Simple Guidance 3 started
[crazychoir_task_assignment_webots_simple_guidance-23] [INFO] [1745255570.019494613] [agent_3.simple_guidance]: Go!
[crazychoir_task_assignment_webots_simple_guidance-13] Invalid MIT-MAGIC-COOKIE-1 key[INFO] [1745255570.026543707] [agent_1.simple_guidance]: Simple Guidance 1 started
[crazychoir_task_assignment_webots_simple_guidance-13] [INFO] [1745255570.028027955] [agent_1.simple_guidance]: Go!
[driver-25] Cannot open file: /tmp/webots-27825-zSuGKH/WEBOTS_SERVER (retry count 3)
[driver-30] Cannot open file: /tmp/webots-27825-zSuGKH/WEBOTS_SERVER (retry count 3)
[crazychoir_task_assignment_webots_guidance-22] Invalid MIT-MAGIC-COOKIE-1 key[INFO] [1745255570.437882463] [agent_3.guidance]: Waiting for action server
[crazychoir_task_assignment_webots_simple_guidance-28] Invalid MIT-MAGIC-COOKIE-1 key[INFO] [1745255570.517297201] [agent_4.simple_guidance]: Simple Guidance 4 started
[crazychoir_task_assignment_webots_simple_guidance-28] [INFO] [1745255570.518337947] [agent_4.simple_guidance]: Go!
[crazychoir_task_assignment_webots_simple_guidance-18] Invalid MIT-MAGIC-COOKIE-1 key[INFO] [1745255570.524617794] [agent_2.simple_guidance]: Simple Guidance 2 started
[crazychoir_task_assignment_webots_simple_guidance-18] [INFO] [1745255570.525588171] [agent_2.simple_guidance]: Go!
[crazychoir_task_assignment_webots_guidance-32] Invalid MIT-MAGIC-COOKIE-1 key[INFO] [1745255570.537809988] [agent_5.guidance]: Waiting for action server
[crazychoir_task_assignment_webots_guidance-17] Invalid MIT-MAGIC-COOKIE-1 key[INFO] [1745255570.538041086] [agent_2.guidance]: Waiting for action server
[crazychoir_task_assignment_webots_guidance-12] Invalid MIT-MAGIC-COOKIE-1 key[INFO] [1745255570.544185671] [agent_1.guidance]: Waiting for action server
[crazychoir_task_assignment_webots_guidance-7] Invalid MIT-MAGIC-COOKIE-1 key[INFO] [1745255570.559089969] [agent_0.guidance]: Waiting for action server
[webots-1] WARNING: Floor (PROTO) > Appearance > ImageTexture: Texture image size of '/home/mohammed/crazychoir_ws/src/crazychoir/crazychoir/utils/images/casy_logo.png' is not a power of two: rescaling it from 200x200 to 256x256.
[webots-1] INFO: Starting extern controller for robot "agent_1".
[webots-1] INFO: Starting extern controller for robot "agent_2".
[webots-1] INFO: Starting extern controller for robot "agent_0".
[webots-1] INFO: Starting extern controller for robot "agent_3".
[webots-1] INFO: Starting extern controller for robot "agent_4".
[webots-1] INFO: Starting extern controller for robot "agent_5".
[crazychoir_task_assignment_webots_gui-2] [INFO] [1745255590.296259795] [gui]: Start experiment command sent
[crazychoir_task_assignment_webots_guidance-32] [INFO] [1745255590.399597408] [agent_5.guidance]: Guidance 5 started
[crazychoir_task_assignment_webots_guidance-32] [INFO] [1745255590.400531553] [agent_5.guidance]: Optimization triggered: requesting task list
[crazychoir_task_assignment_webots_guidance-32] [INFO] [1745255590.400960528] [agent_5.guidance]: Beginning optimization
[crazychoir_task_assignment_webots_guidance-17] [INFO] [1745255590.401333810] [agent_2.guidance]: Guidance 2 started
[crazychoir_task_assignment_webots_guidance-17] [INFO] [1745255590.402270280] [agent_2.guidance]: Optimization triggered: requesting task list
[crazychoir_task_assignment_webots_guidance-17] [INFO] [1745255590.402719009] [agent_2.guidance]: Beginning optimization
[crazychoir_task_assignment_webots_guidance-32] [INFO] [1745255590.405022972] [agent_5.guidance]: Data received: starting optimization
[crazychoir_task_assignment_webots_guidance-17] [INFO] [1745255590.406406154] [agent_2.guidance]: Data received: starting optimization
[crazychoir_task_assignment_webots_guidance-12] [INFO] [1745255590.407669299] [agent_1.guidance]: Guidance 1 started
[crazychoir_task_assignment_webots_guidance-12] [INFO] [1745255590.408544768] [agent_1.guidance]: Optimization triggered: requesting task list
[crazychoir_task_assignment_webots_guidance-12] [INFO] [1745255590.408975033] [agent_1.guidance]: Beginning optimization
[crazychoir_task_assignment_webots_guidance-12] [INFO] [1745255590.413086449] [agent_1.guidance]: Data received: starting optimization
[crazychoir_task_assignment_webots_guidance-32] [INFO] [1745255590.418083688] [agent_5.guidance]: AGENT 5 --- Iteration 1
[crazychoir_task_assignment_webots_guidance-32] [INFO] [1745255590.420311404] [agent_5.guidance]: AGENT 5 Exchanging messages...
[crazychoir_task_assignment_webots_guidance-7] [INFO] [1745255590.420888372] [agent_0.guidance]: Guidance 0 started
[crazychoir_task_assignment_webots_guidance-17] [INFO] [1745255590.421635634] [agent_2.guidance]: AGENT 2 --- Iteration 1
[crazychoir_task_assignment_webots_guidance-7] [INFO] [1745255590.421700670] [agent_0.guidance]: Optimization triggered: requesting task list
[crazychoir_task_assignment_webots_guidance-17] [INFO] [1745255590.422097349] [agent_2.guidance]: AGENT 2 Exchanging messages...
[crazychoir_task_assignment_webots_guidance-7] [INFO] [1745255590.422131200] [agent_0.guidance]: Beginning optimization
[crazychoir_task_assignment_webots_guidance-12] [INFO] [1745255590.425360345] [agent_1.guidance]: AGENT 1 --- Iteration 1
[crazychoir_task_assignment_webots_guidance-7] [INFO] [1745255590.425617907] [agent_0.guidance]: Data received: starting optimization
[crazychoir_task_assignment_webots_guidance-12] [INFO] [1745255590.425830180] [agent_1.guidance]: AGENT 1 Exchanging messages...
[crazychoir_task_assignment_webots_guidance-7] [INFO] [1745255590.438225839] [agent_0.guidance]: AGENT 0 --- Iteration 1
[crazychoir_task_assignment_webots_guidance-7] [INFO] [1745255590.439136460] [agent_0.guidance]: AGENT 0 Exchanging messages...
[crazychoir_task_assignment_webots_guidance-27] [INFO] [1745255590.546618418] [agent_4.guidance]: Guidance 4 started
[crazychoir_task_assignment_webots_guidance-27] [INFO] [1745255590.548467153] [agent_4.guidance]: Optimization triggered: requesting task list
[crazychoir_task_assignment_webots_guidance-22] [INFO] [1745255590.549989253] [agent_3.guidance]: Guidance 3 started
[crazychoir_task_assignment_webots_guidance-27] [INFO] [1745255590.551304998] [agent_4.guidance]: Beginning optimization
[crazychoir_task_assignment_webots_guidance-22] [INFO] [1745255590.551830175] [agent_3.guidance]: Optimization triggered: requesting task list
[crazychoir_task_assignment_webots_guidance-22] [INFO] [1745255590.552810580] [agent_3.guidance]: Beginning optimization
[crazychoir_task_assignment_webots_guidance-27] [INFO] [1745255590.566800979] [agent_4.guidance]: Data received: starting optimization
[crazychoir_task_assignment_webots_guidance-22] [INFO] [1745255590.567428528] [agent_3.guidance]: Data received: starting optimization
[crazychoir_task_assignment_webots_guidance-27] [INFO] [1745255590.651080098] [agent_4.guidance]: AGENT 4 --- Iteration 1
[crazychoir_task_assignment_webots_guidance-27] [INFO] [1745255590.656741253] [agent_4.guidance]: AGENT 4 Exchanging messages...
[crazychoir_task_assignment_webots_guidance-22] [INFO] [1745255590.661417121] [agent_3.guidance]: AGENT 3 --- Iteration 1
[crazychoir_task_assignment_webots_guidance-22] [INFO] [1745255590.664031369] [agent_3.guidance]: AGENT 3 Exchanging messages...
[crazychoir_task_assignment_webots_guidance-12] [INFO] [1745255590.679899823] [agent_1.guidance]: AGENT 1 Message exchange completed. Received 5 responses.
[crazychoir_task_assignment_webots_guidance-32] [INFO] [1745255590.679905323] [agent_5.guidance]: AGENT 5 Message exchange completed. Received 5 responses.
[crazychoir_task_assignment_webots_guidance-32] [INFO] [1745255590.681425196] [agent_5.guidance]: AGENT 5 Processing messages...
[crazychoir_task_assignment_webots_guidance-32] [INFO] [1745255590.682836318] [agent_5.guidance]: AGENT 5 received message from 2
[crazychoir_task_assignment_webots_guidance-17] [INFO] [1745255590.680082732] [agent_2.guidance]: AGENT 2 Message exchange completed. Received 5 responses.
[crazychoir_task_assignment_webots_guidance-17] [INFO] [1745255590.681934073] [agent_2.guidance]: AGENT 2 Processing messages...
[crazychoir_task_assignment_webots_guidance-17] [INFO] [1745255590.683415769] [agent_2.guidance]: AGENT 2 received message from 5
[crazychoir_task_assignment_webots_guidance-7] [INFO] [1745255590.680101896] [agent_0.guidance]: AGENT 0 Message exchange completed. Received 5 responses.
[crazychoir_task_assignment_webots_guidance-7] [INFO] [1745255590.681943145] [agent_0.guidance]: AGENT 0 Processing messages...
[crazychoir_task_assignment_webots_guidance-32] [INFO] [1745255590.684594034] [agent_5.guidance]: AGENT 5 received message from 1
[crazychoir_task_assignment_webots_guidance-17] [INFO] [1745255590.686368729] [agent_2.guidance]: AGENT 2 received message from 1
[crazychoir_task_assignment_webots_guidance-7] [INFO] [1745255590.688833985] [agent_0.guidance]: AGENT 0 received message from 1
[crazychoir_task_assignment_webots_guidance-32] [INFO] [1745255590.689024063] [agent_5.guidance]: AGENT 5 received message from 0
[crazychoir_task_assignment_webots_guidance-32] [INFO] [1745255590.690699556] [agent_5.guidance]: AGENT 5 received message from 4
[crazychoir_task_assignment_webots_guidance-12] [INFO] [1745255590.689591259] [agent_1.guidance]: AGENT 1 Processing messages...
[crazychoir_task_assignment_webots_guidance-22] [INFO] [1745255590.690005633] [agent_3.guidance]: AGENT 3 Message exchange completed. Received 5 responses.
[crazychoir_task_assignment_webots_guidance-22] [INFO] [1745255590.691535606] [agent_3.guidance]: AGENT 3 Processing messages...
[crazychoir_task_assignment_webots_guidance-17] [INFO] [1745255590.692119870] [agent_2.guidance]: AGENT 2 received message from 0
[crazychoir_task_assignment_webots_guidance-17] [INFO] [1745255590.698094698] [agent_2.guidance]: AGENT 2 received message from 4
[crazychoir_task_assignment_webots_guidance-17] [INFO] [1745255590.699740884] [agent_2.guidance]: AGENT 2 received message from 3
[crazychoir_task_assignment_webots_guidance-32] [INFO] [1745255590.692324972] [agent_5.guidance]: AGENT 5 received message from 3
[crazychoir_task_assignment_webots_guidance-32] [INFO] [1745255590.693910098] [agent_5.guidance]: AGENT 5 Message processing completed. Any updates: True
[crazychoir_task_assignment_webots_guidance-32] [INFO] [1745255590.695311401] [agent_5.guidance]: --UPDATE OCCURED-- AGENT 5 Bundle updated.
[crazychoir_task_assignment_webots_guidance-32] [INFO] [1745255590.699313642] [agent_5.guidance]: AGENT 5 --- Iteration 2
[crazychoir_task_assignment_webots_guidance-22] [INFO] [1745255590.692999229] [agent_3.guidance]: AGENT 3 received message from 0
[crazychoir_task_assignment_webots_guidance-22] [INFO] [1745255590.694848253] [agent_3.guidance]: AGENT 3 received message from 1
[crazychoir_task_assignment_webots_guidance-22] [INFO] [1745255590.696413629] [agent_3.guidance]: AGENT 3 received message from 2
[crazychoir_task_assignment_webots_guidance-22] [INFO] [1745255590.698028759] [agent_3.guidance]: AGENT 3 received message from 4
[crazychoir_task_assignment_webots_guidance-22] [INFO] [1745255590.699589184] [agent_3.guidance]: AGENT 3 received message from 5
[crazychoir_task_assignment_webots_guidance-7] [INFO] [1745255590.694074023] [agent_0.guidance]: AGENT 0 received message from 2
[crazychoir_task_assignment_webots_guidance-7] [INFO] [1745255590.695688998] [agent_0.guidance]: AGENT 0 received message from 5
[crazychoir_task_assignment_webots_guidance-7] [INFO] [1745255590.697240147] [agent_0.guidance]: AGENT 0 received message from 4
[crazychoir_task_assignment_webots_guidance-12] [INFO] [1745255590.695536464] [agent_1.guidance]: AGENT 1 received message from 2
[crazychoir_task_assignment_webots_guidance-12] [INFO] [1745255590.697272673] [agent_1.guidance]: AGENT 1 received message from 5
[crazychoir_task_assignment_webots_guidance-27] [INFO] [1745255590.698065734] [agent_4.guidance]: AGENT 4 Message exchange completed. Received 5 responses.
[crazychoir_task_assignment_webots_guidance-22] [INFO] [1745255590.701152274] [agent_3.guidance]: AGENT 3 Message processing completed. Any updates: True
[crazychoir_task_assignment_webots_guidance-22] [INFO] [1745255590.704993212] [agent_3.guidance]: --UPDATE OCCURED-- AGENT 3 Bundle updated.
[crazychoir_task_assignment_webots_guidance-32] [INFO] [1745255590.701841580] [agent_5.guidance]: AGENT 5 Exchanging messages...
[crazychoir_task_assignment_webots_guidance-7] [INFO] [1745255590.701900593] [agent_0.guidance]: AGENT 0 received message from 3
[crazychoir_task_assignment_webots_guidance-27] [INFO] [1745255590.702501542] [agent_4.guidance]: AGENT 4 Processing messages...
[crazychoir_task_assignment_webots_guidance-27] [INFO] [1745255590.704021983] [agent_4.guidance]: AGENT 4 received message from 0
[crazychoir_task_assignment_webots_guidance-12] [INFO] [1745255590.702945806] [agent_1.guidance]: AGENT 1 received message from 0
[crazychoir_task_assignment_webots_guidance-7] [INFO] [1745255590.705888440] [agent_0.guidance]: AGENT 0 Message processing completed. Any updates: True
[crazychoir_task_assignment_webots_guidance-17] [INFO] [1745255590.706739869] [agent_2.guidance]: AGENT 2 Message processing completed. Any updates: True
[crazychoir_task_assignment_webots_guidance-17] [INFO] [1745255590.707806677] [agent_2.guidance]: --UPDATE OCCURED-- AGENT 2 Bundle updated.
[crazychoir_task_assignment_webots_guidance-12] [INFO] [1745255590.708359944] [agent_1.guidance]: AGENT 1 received message from 4
[crazychoir_task_assignment_webots_guidance-27] [INFO] [1745255590.709088728] [agent_4.guidance]: AGENT 4 received message from 1
[crazychoir_task_assignment_webots_guidance-7] [INFO] [1745255590.709099695] [agent_0.guidance]: --UPDATE OCCURED-- AGENT 0 Bundle updated.
[crazychoir_task_assignment_webots_guidance-27] [INFO] [1745255590.710311331] [agent_4.guidance]: AGENT 4 received message from 2
[crazychoir_task_assignment_webots_guidance-27] [INFO] [1745255590.711446814] [agent_4.guidance]: AGENT 4 received message from 3
[crazychoir_task_assignment_webots_guidance-27] [INFO] [1745255590.715266353] [agent_4.guidance]: AGENT 4 received message from 5
[crazychoir_task_assignment_webots_guidance-22] [INFO] [1745255590.712751687] [agent_3.guidance]: AGENT 3 --- Iteration 2
[crazychoir_task_assignment_webots_guidance-22] [INFO] [1745255590.714617932] [agent_3.guidance]: AGENT 3 Exchanging messages...
[crazychoir_task_assignment_webots_guidance-12] [INFO] [1745255590.712755562] [agent_1.guidance]: AGENT 1 received message from 3
[crazychoir_task_assignment_webots_guidance-27] [INFO] [1745255590.716287135] [agent_4.guidance]: AGENT 4 Message processing completed. Any updates: False
[crazychoir_task_assignment_webots_guidance-27] [INFO] [1745255590.720303884] [agent_4.guidance]: --NO UPDATE-- AGENT 4 No updates.
[crazychoir_task_assignment_webots_guidance-12] [INFO] [1745255590.716754198] [agent_1.guidance]: AGENT 1 Message processing completed. Any updates: True
[crazychoir_task_assignment_webots_guidance-27] [INFO] [1745255590.721239757] [agent_4.guidance]: AGENT 4 --- Iteration 2
[crazychoir_task_assignment_webots_guidance-27] [INFO] [1745255590.722548735] [agent_4.guidance]: AGENT 4 Exchanging messages...
[crazychoir_task_assignment_webots_guidance-7] [INFO] [1745255590.722716958] [agent_0.guidance]: AGENT 0 --- Iteration 2
[crazychoir_task_assignment_webots_guidance-7] [INFO] [1745255590.724041722] [agent_0.guidance]: AGENT 0 Exchanging messages...
[crazychoir_task_assignment_webots_guidance-12] [INFO] [1745255590.723659264] [agent_1.guidance]: --UPDATE OCCURED-- AGENT 1 Bundle updated.
[crazychoir_task_assignment_webots_guidance-17] [INFO] [1745255590.724535935] [agent_2.guidance]: AGENT 2 --- Iteration 2
[crazychoir_task_assignment_webots_guidance-12] [INFO] [1745255590.729388966] [agent_1.guidance]: AGENT 1 --- Iteration 2
[crazychoir_task_assignment_webots_guidance-12] [INFO] [1745255590.730429998] [agent_1.guidance]: AGENT 1 Exchanging messages...
[crazychoir_task_assignment_webots_guidance-17] [INFO] [1745255590.729565220] [agent_2.guidance]: AGENT 2 Exchanging messages...
[crazychoir_task_assignment_webots_guidance-32] [INFO] [1745255590.746423456] [agent_5.guidance]: AGENT 5 Message exchange completed. Received 5 responses.
[crazychoir_task_assignment_webots_guidance-32] [INFO] [1745255590.749681067] [agent_5.guidance]: AGENT 5 Processing messages...
[crazychoir_task_assignment_webots_guidance-22] [INFO] [1745255590.747106055] [agent_3.guidance]: AGENT 3 Message exchange completed. Received 5 responses.
[crazychoir_task_assignment_webots_guidance-22] [INFO] [1745255590.747587048] [agent_3.guidance]: AGENT 3 Processing messages...
[crazychoir_task_assignment_webots_guidance-22] [INFO] [1745255590.748046305] [agent_3.guidance]: AGENT 3 received message from 5
[crazychoir_task_assignment_webots_guidance-22] [INFO] [1745255590.748502748] [agent_3.guidance]: AGENT 3 received message from 4
[crazychoir_task_assignment_webots_guidance-22] [INFO] [1745255590.749615417] [agent_3.guidance]: AGENT 3 received message from 2
[crazychoir_task_assignment_webots_guidance-22] [INFO] [1745255590.750107070] [agent_3.guidance]: AGENT 3 received message from 0
[crazychoir_task_assignment_webots_guidance-7] [INFO] [1745255590.747582118] [agent_0.guidance]: AGENT 0 Message exchange completed. Received 5 responses.
[crazychoir_task_assignment_webots_guidance-7] [INFO] [1745255590.748014750] [agent_0.guidance]: AGENT 0 Processing messages...
[crazychoir_task_assignment_webots_guidance-7] [INFO] [1745255590.748428911] [agent_0.guidance]: AGENT 0 received message from 2
[crazychoir_task_assignment_webots_guidance-7] [INFO] [1745255590.748869027] [agent_0.guidance]: AGENT 0 received message from 3
[crazychoir_task_assignment_webots_guidance-17] [INFO] [1745255590.748062650] [agent_2.guidance]: AGENT 2 Message exchange completed. Received 5 responses.
[crazychoir_task_assignment_webots_guidance-17] [INFO] [1745255590.748509000] [agent_2.guidance]: AGENT 2 Processing messages...
[crazychoir_task_assignment_webots_guidance-17] [INFO] [1745255590.748923039] [agent_2.guidance]: AGENT 2 received message from 3
[crazychoir_task_assignment_webots_guidance-12] [INFO] [1745255590.748570606] [agent_1.guidance]: AGENT 1 Message exchange completed. Received 5 responses.
[crazychoir_task_assignment_webots_guidance-12] [INFO] [1745255590.749010491] [agent_1.guidance]: AGENT 1 Processing messages...
[crazychoir_task_assignment_webots_guidance-27] [INFO] [1745255590.749661250] [agent_4.guidance]: AGENT 4 Message exchange completed. Received 5 responses.
[crazychoir_task_assignment_webots_guidance-27] [INFO] [1745255590.750377703] [agent_4.guidance]: AGENT 4 Processing messages...
[crazychoir_task_assignment_webots_guidance-27] [INFO] [1745255590.750807558] [agent_4.guidance]: AGENT 4 received message from 3
[crazychoir_task_assignment_webots_guidance-7] [INFO] [1745255590.750513030] [agent_0.guidance]: AGENT 0 received message from 4
[crazychoir_task_assignment_webots_guidance-22] [INFO] [1745255590.750556758] [agent_3.guidance]: AGENT 3 received message from 1
[crazychoir_task_assignment_webots_guidance-22] [INFO] [1745255590.750998317] [agent_3.guidance]: AGENT 3 Message processing completed. Any updates: True
[crazychoir_task_assignment_webots_guidance-22] [INFO] [1745255590.751402340] [agent_3.guidance]: --UPDATE OCCURED-- AGENT 3 Bundle updated.
[crazychoir_task_assignment_webots_guidance-32] [INFO] [1745255590.751044815] [agent_5.guidance]: AGENT 5 received message from 3
[crazychoir_task_assignment_webots_guidance-7] [INFO] [1745255590.751145086] [agent_0.guidance]: AGENT 0 received message from 5
[crazychoir_task_assignment_webots_guidance-27] [INFO] [1745255590.751251186] [agent_4.guidance]: AGENT 4 received message from 5
[crazychoir_task_assignment_webots_guidance-32] [INFO] [1745255590.751545152] [agent_5.guidance]: AGENT 5 received message from 4
[crazychoir_task_assignment_webots_guidance-7] [INFO] [1745255590.751587306] [agent_0.guidance]: AGENT 0 received message from 1
[crazychoir_task_assignment_webots_guidance-27] [INFO] [1745255590.751678323] [agent_4.guidance]: AGENT 4 received message from 2
[crazychoir_task_assignment_webots_guidance-32] [INFO] [1745255590.751940422] [agent_5.guidance]: AGENT 5 received message from 2
[crazychoir_task_assignment_webots_guidance-32] [INFO] [1745255590.752315610] [agent_5.guidance]: AGENT 5 received message from 0
[crazychoir_task_assignment_webots_guidance-32] [INFO] [1745255590.752691031] [agent_5.guidance]: AGENT 5 received message from 1
[crazychoir_task_assignment_webots_guidance-32] [INFO] [1745255590.753065681] [agent_5.guidance]: AGENT 5 Message processing completed. Any updates: True
[crazychoir_task_assignment_webots_guidance-32] [INFO] [1745255590.753419094] [agent_5.guidance]: --UPDATE OCCURED-- AGENT 5 Bundle updated.
[crazychoir_task_assignment_webots_guidance-7] [INFO] [1745255590.751969875] [agent_0.guidance]: AGENT 0 Message processing completed. Any updates: True
[crazychoir_task_assignment_webots_guidance-7] [INFO] [1745255590.752319468] [agent_0.guidance]: --UPDATE OCCURED-- AGENT 0 Bundle updated.
[crazychoir_task_assignment_webots_guidance-27] [INFO] [1745255590.752055337] [agent_4.guidance]: AGENT 4 received message from 0
[crazychoir_task_assignment_webots_guidance-27] [INFO] [1745255590.752432303] [agent_4.guidance]: AGENT 4 received message from 1
[crazychoir_task_assignment_webots_guidance-27] [INFO] [1745255590.752812240] [agent_4.guidance]: AGENT 4 Message processing completed. Any updates: True
[crazychoir_task_assignment_webots_guidance-27] [INFO] [1745255590.753160598] [agent_4.guidance]: --UPDATE OCCURED-- AGENT 4 Bundle updated.
[crazychoir_task_assignment_webots_guidance-12] [INFO] [1745255590.752341666] [agent_1.guidance]: AGENT 1 received message from 0
[crazychoir_task_assignment_webots_guidance-12] [INFO] [1745255590.752773875] [agent_1.guidance]: AGENT 1 received message from 2
[crazychoir_task_assignment_webots_guidance-12] [INFO] [1745255590.753173537] [agent_1.guidance]: AGENT 1 received message from 3
[crazychoir_task_assignment_webots_guidance-22] [INFO] [1745255590.752462672] [agent_3.guidance]: AGENT 3 --- Iteration 3
[crazychoir_task_assignment_webots_guidance-22] [INFO] [1745255590.753050006] [agent_3.guidance]: AGENT 3 Exchanging messages...
[crazychoir_task_assignment_webots_guidance-7] [INFO] [1745255590.754215255] [agent_0.guidance]: AGENT 0 --- Iteration 3
[crazychoir_task_assignment_webots_guidance-32] [INFO] [1745255590.754423140] [agent_5.guidance]: AGENT 5 --- Iteration 3
[crazychoir_task_assignment_webots_guidance-7] [INFO] [1745255590.754817808] [agent_0.guidance]: AGENT 0 Exchanging messages...
[crazychoir_task_assignment_webots_guidance-17] [INFO] [1745255590.754885913] [agent_2.guidance]: AGENT 2 received message from 4
[crazychoir_task_assignment_webots_guidance-17] [INFO] [1745255590.755319606] [agent_2.guidance]: AGENT 2 received message from 5
[crazychoir_task_assignment_webots_guidance-17] [INFO] [1745255590.755713130] [agent_2.guidance]: AGENT 2 received message from 0
[crazychoir_task_assignment_webots_guidance-17] [INFO] [1745255590.756097222] [agent_2.guidance]: AGENT 2 received message from 1
[crazychoir_task_assignment_webots_guidance-17] [INFO] [1745255590.756485641] [agent_2.guidance]: AGENT 2 Message processing completed. Any updates: True
[crazychoir_task_assignment_webots_guidance-17] [INFO] [1745255590.756940695] [agent_2.guidance]: --UPDATE OCCURED-- AGENT 2 Bundle updated.
[crazychoir_task_assignment_webots_guidance-32] [INFO] [1745255590.755020778] [agent_5.guidance]: AGENT 5 Exchanging messages...
[crazychoir_task_assignment_webots_guidance-12] [INFO] [1745255590.755254219] [agent_1.guidance]: AGENT 1 received message from 4
[crazychoir_task_assignment_webots_guidance-12] [INFO] [1745255590.755684271] [agent_1.guidance]: AGENT 1 received message from 5
[crazychoir_task_assignment_webots_guidance-12] [INFO] [1745255590.756084558] [agent_1.guidance]: AGENT 1 Message processing completed. Any updates: True
[crazychoir_task_assignment_webots_guidance-12] [INFO] [1745255590.756449692] [agent_1.guidance]: --UPDATE OCCURED-- AGENT 1 Bundle updated.
[crazychoir_task_assignment_webots_guidance-27] [INFO] [1745255590.759829086] [agent_4.guidance]: AGENT 4 --- Iteration 3
[crazychoir_task_assignment_webots_guidance-17] [INFO] [1745255590.759921967] [agent_2.guidance]: AGENT 2 --- Iteration 3
[crazychoir_task_assignment_webots_guidance-17] [INFO] [1745255590.760557317] [agent_2.guidance]: AGENT 2 Exchanging messages...
[crazychoir_task_assignment_webots_guidance-27] [INFO] [1745255590.760646767] [agent_4.guidance]: AGENT 4 Exchanging messages...
[crazychoir_task_assignment_webots_guidance-12] [INFO] [1745255590.761484786] [agent_1.guidance]: AGENT 1 --- Iteration 3
[crazychoir_task_assignment_webots_guidance-12] [INFO] [1745255590.762048856] [agent_1.guidance]: AGENT 1 Exchanging messages...
[crazychoir_task_assignment_webots_guidance-22] [INFO] [1745255590.770619593] [agent_3.guidance]: AGENT 3 Message exchange completed. Received 5 responses.
[crazychoir_task_assignment_webots_guidance-22] [INFO] [1745255590.770948804] [agent_3.guidance]: AGENT 3 Processing messages...
[crazychoir_task_assignment_webots_guidance-22] [INFO] [1745255590.771249961] [agent_3.guidance]: AGENT 3 received message from 0
[crazychoir_task_assignment_webots_guidance-22] [INFO] [1745255590.771567337] [agent_3.guidance]: AGENT 3 received message from 4
[crazychoir_task_assignment_webots_guidance-22] [INFO] [1745255590.771879361] [agent_3.guidance]: AGENT 3 received message from 5
[crazychoir_task_assignment_webots_guidance-22] [INFO] [1745255590.772185414] [agent_3.guidance]: AGENT 3 received message from 2
[crazychoir_task_assignment_webots_guidance-22] [INFO] [1745255590.772487871] [agent_3.guidance]: AGENT 3 received message from 1
[crazychoir_task_assignment_webots_guidance-22] [INFO] [1745255590.772795438] [agent_3.guidance]: AGENT 3 Message processing completed. Any updates: True
[crazychoir_task_assignment_webots_guidance-22] [INFO] [1745255590.773079116] [agent_3.guidance]: --UPDATE OCCURED-- AGENT 3 Bundle updated.
[crazychoir_task_assignment_webots_guidance-17] [INFO] [1745255590.772128314] [agent_2.guidance]: AGENT 2 Message exchange completed. Received 5 responses.
[crazychoir_task_assignment_webots_guidance-17] [INFO] [1745255590.772435435] [agent_2.guidance]: AGENT 2 Processing messages...
[crazychoir_task_assignment_webots_guidance-17] [INFO] [1745255590.772726949] [agent_2.guidance]: AGENT 2 received message from 0
[crazychoir_task_assignment_webots_guidance-17] [INFO] [1745255590.773032271] [agent_2.guidance]: AGENT 2 received message from 3
[crazychoir_task_assignment_webots_guidance-7] [INFO] [1745255590.772615144] [agent_0.guidance]: AGENT 0 Message exchange completed. Received 5 responses.
[crazychoir_task_assignment_webots_guidance-7] [INFO] [1745255590.772924081] [agent_0.guidance]: AGENT 0 Processing messages...
[crazychoir_task_assignment_webots_guidance-32] [INFO] [1745255590.772723067] [agent_5.guidance]: AGENT 5 Message exchange completed. Received 5 responses.
[crazychoir_task_assignment_webots_guidance-32] [INFO] [1745255590.773029280] [agent_5.guidance]: AGENT 5 Processing messages...
[crazychoir_task_assignment_webots_guidance-7] [INFO] [1745255590.773220239] [agent_0.guidance]: AGENT 0 received message from 3
[crazychoir_task_assignment_webots_guidance-7] [INFO] [1745255590.773532046] [agent_0.guidance]: AGENT 0 received message from 4
[crazychoir_task_assignment_webots_guidance-32] [INFO] [1745255590.773319257] [agent_5.guidance]: AGENT 5 received message from 0
[crazychoir_task_assignment_webots_guidance-32] [INFO] [1745255590.773633301] [agent_5.guidance]: AGENT 5 received message from 2
[crazychoir_task_assignment_webots_guidance-17] [INFO] [1745255590.773333525] [agent_2.guidance]: AGENT 2 received message from 4
[crazychoir_task_assignment_webots_guidance-17] [INFO] [1745255590.773642776] [agent_2.guidance]: AGENT 2 received message from 5
[crazychoir_task_assignment_webots_guidance-7] [INFO] [1745255590.773859569] [agent_0.guidance]: AGENT 0 received message from 5
[crazychoir_task_assignment_webots_guidance-7] [INFO] [1745255590.774164243] [agent_0.guidance]: AGENT 0 received message from 2
[crazychoir_task_assignment_webots_guidance-7] [INFO] [1745255590.774560027] [agent_0.guidance]: AGENT 0 received message from 1
[crazychoir_task_assignment_webots_guidance-7] [INFO] [1745255590.774981525] [agent_0.guidance]: AGENT 0 Message processing completed. Any updates: True
[crazychoir_task_assignment_webots_guidance-7] [INFO] [1745255590.775379892] [agent_0.guidance]: --UPDATE OCCURED-- AGENT 0 Bundle updated.
[crazychoir_task_assignment_webots_guidance-7] [INFO] [1745255590.776232876] [agent_0.guidance]: AGENT 0 --- Iteration 4
[crazychoir_task_assignment_webots_guidance-32] [INFO] [1745255590.773942132] [agent_5.guidance]: AGENT 5 received message from 3
[crazychoir_task_assignment_webots_guidance-32] [INFO] [1745255590.775351348] [agent_5.guidance]: AGENT 5 received message from 1
[crazychoir_task_assignment_webots_guidance-32] [INFO] [1745255590.776267533] [agent_5.guidance]: AGENT 5 received message from 4
[crazychoir_task_assignment_webots_guidance-22] [INFO] [1745255590.774423609] [agent_3.guidance]: AGENT 3 --- Iteration 4
[crazychoir_task_assignment_webots_guidance-22] [INFO] [1745255590.774932932] [agent_3.guidance]: AGENT 3 Exchanging messages...
[crazychoir_task_assignment_webots_guidance-17] [INFO] [1745255590.775074175] [agent_2.guidance]: AGENT 2 received message from 1
[crazychoir_task_assignment_webots_guidance-17] [INFO] [1745255590.775416504] [agent_2.guidance]: AGENT 2 Message processing completed. Any updates: True
[crazychoir_task_assignment_webots_guidance-17] [INFO] [1745255590.775713461] [agent_2.guidance]: --UPDATE OCCURED-- AGENT 2 Bundle updated.
[crazychoir_task_assignment_webots_guidance-12] [INFO] [1745255590.775256193] [agent_1.guidance]: AGENT 1 Message exchange completed. Received 5 responses.
[crazychoir_task_assignment_webots_guidance-12] [INFO] [1745255590.775571453] [agent_1.guidance]: AGENT 1 Processing messages...
[crazychoir_task_assignment_webots_guidance-12] [INFO] [1745255590.775866157] [agent_1.guidance]: AGENT 1 received message from 0
[crazychoir_task_assignment_webots_guidance-32] [INFO] [1745255590.776607119] [agent_5.guidance]: AGENT 5 Message processing completed. Any updates: False
[crazychoir_task_assignment_webots_guidance-32] [INFO] [1745255590.776899059] [agent_5.guidance]: --NO UPDATE-- AGENT 5 No updates.
[crazychoir_task_assignment_webots_guidance-32] [INFO] [1745255590.777187654] [agent_5.guidance]: AGENT 5 --- Iteration 4
[crazychoir_task_assignment_webots_guidance-32] [INFO] [1745255590.777674971] [agent_5.guidance]: AGENT 5 Exchanging messages...
[crazychoir_task_assignment_webots_guidance-27] [INFO] [1745255590.776614977] [agent_4.guidance]: AGENT 4 Message exchange completed. Received 5 responses.
[crazychoir_task_assignment_webots_guidance-27] [INFO] [1745255590.776921958] [agent_4.guidance]: AGENT 4 Processing messages...
[crazychoir_task_assignment_webots_guidance-27] [INFO] [1745255590.777217435] [agent_4.guidance]: AGENT 4 received message from 0
[crazychoir_task_assignment_webots_guidance-27] [INFO] [1745255590.777532701] [agent_4.guidance]: AGENT 4 received message from 2
[crazychoir_task_assignment_webots_guidance-17] [INFO] [1745255590.776710657] [agent_2.guidance]: AGENT 2 --- Iteration 4
[crazychoir_task_assignment_webots_guidance-7] [INFO] [1745255590.776815178] [agent_0.guidance]: AGENT 0 Exchanging messages...
[crazychoir_task_assignment_webots_guidance-27] [INFO] [1745255590.777835997] [agent_4.guidance]: AGENT 4 received message from 3
[crazychoir_task_assignment_webots_guidance-27] [INFO] [1745255590.778134990] [agent_4.guidance]: AGENT 4 received message from 5
[crazychoir_task_assignment_webots_guidance-17] [INFO] [1745255590.778311139] [agent_2.guidance]: AGENT 2 Exchanging messages...
[crazychoir_task_assignment_webots_guidance-27] [INFO] [1745255590.778435125] [agent_4.guidance]: AGENT 4 received message from 1
[crazychoir_task_assignment_webots_guidance-27] [INFO] [1745255590.778728226] [agent_4.guidance]: AGENT 4 Message processing completed. Any updates: True
[crazychoir_task_assignment_webots_guidance-27] [INFO] [1745255590.778984011] [agent_4.guidance]: --UPDATE OCCURED-- AGENT 4 Bundle updated.
[crazychoir_task_assignment_webots_guidance-12] [INFO] [1745255590.778583603] [agent_1.guidance]: AGENT 1 received message from 2
[crazychoir_task_assignment_webots_guidance-12] [INFO] [1745255590.779832013] [agent_1.guidance]: AGENT 1 received message from 3
[crazychoir_task_assignment_webots_guidance-12] [INFO] [1745255590.780166590] [agent_1.guidance]: AGENT 1 received message from 4
[crazychoir_task_assignment_webots_guidance-12] [INFO] [1745255590.780457310] [agent_1.guidance]: AGENT 1 received message from 5
[crazychoir_task_assignment_webots_guidance-12] [INFO] [1745255590.780742871] [agent_1.guidance]: AGENT 1 Message processing completed. Any updates: False
[crazychoir_task_assignment_webots_guidance-12] [INFO] [1745255590.782922291] [agent_1.guidance]: --NO UPDATE-- AGENT 1 No updates.
[crazychoir_task_assignment_webots_guidance-12] [INFO] [1745255590.783237952] [agent_1.guidance]: AGENT 1 --- Iteration 4
[crazychoir_task_assignment_webots_guidance-27] [INFO] [1745255590.784582131] [agent_4.guidance]: AGENT 4 --- Iteration 4
[crazychoir_task_assignment_webots_guidance-27] [INFO] [1745255590.785055858] [agent_4.guidance]: AGENT 4 Exchanging messages...
[crazychoir_task_assignment_webots_guidance-12] [INFO] [1745255590.786109614] [agent_1.guidance]: AGENT 1 Exchanging messages...
[crazychoir_task_assignment_webots_guidance-7] [INFO] [1745255590.788497935] [agent_0.guidance]: AGENT 0 Message exchange completed. Received 5 responses.
[crazychoir_task_assignment_webots_guidance-7] [INFO] [1745255590.788771744] [agent_0.guidance]: AGENT 0 Processing messages...
[crazychoir_task_assignment_webots_guidance-7] [INFO] [1745255590.789025507] [agent_0.guidance]: AGENT 0 received message from 5
[crazychoir_task_assignment_webots_guidance-7] [INFO] [1745255590.789294828] [agent_0.guidance]: AGENT 0 received message from 2
[crazychoir_task_assignment_webots_guidance-7] [INFO] [1745255590.789571370] [agent_0.guidance]: AGENT 0 received message from 3
[crazychoir_task_assignment_webots_guidance-7] [INFO] [1745255590.789945586] [agent_0.guidance]: AGENT 0 received message from 4
[crazychoir_task_assignment_webots_guidance-17] [INFO] [1745255590.788537726] [agent_2.guidance]: AGENT 2 Message exchange completed. Received 5 responses.
[crazychoir_task_assignment_webots_guidance-17] [INFO] [1745255590.788811698] [agent_2.guidance]: AGENT 2 Processing messages...
[crazychoir_task_assignment_webots_guidance-17] [INFO] [1745255590.789066600] [agent_2.guidance]: AGENT 2 received message from 0
[crazychoir_task_assignment_webots_guidance-17] [INFO] [1745255590.789334832] [agent_2.guidance]: AGENT 2 received message from 3
[crazychoir_task_assignment_webots_guidance-17] [INFO] [1745255590.789607881] [agent_2.guidance]: AGENT 2 received message from 5
[crazychoir_task_assignment_webots_guidance-22] [INFO] [1745255590.788553415] [agent_3.guidance]: AGENT 3 Message exchange completed. Received 5 responses.
[crazychoir_task_assignment_webots_guidance-22] [INFO] [1745255590.788823700] [agent_3.guidance]: AGENT 3 Processing messages...
[crazychoir_task_assignment_webots_guidance-22] [INFO] [1745255590.789077744] [agent_3.guidance]: AGENT 3 received message from 0
[crazychoir_task_assignment_webots_guidance-22] [INFO] [1745255590.789349189] [agent_3.guidance]: AGENT 3 received message from 2
[crazychoir_task_assignment_webots_guidance-27] [INFO] [1745255590.788833284] [agent_4.guidance]: AGENT 4 Message exchange completed. Received 5 responses.
[crazychoir_task_assignment_webots_guidance-27] [INFO] [1745255590.789554382] [agent_4.guidance]: AGENT 4 Processing messages...
[crazychoir_task_assignment_webots_guidance-32] [INFO] [1745255590.790165656] [agent_5.guidance]: AGENT 5 Message exchange completed. Received 5 responses.
[crazychoir_task_assignment_webots_guidance-32] [INFO] [1745255590.790440968] [agent_5.guidance]: AGENT 5 Processing messages...
[crazychoir_task_assignment_webots_guidance-32] [INFO] [1745255590.790697755] [agent_5.guidance]: AGENT 5 received message from 0
[crazychoir_task_assignment_webots_guidance-7] [INFO] [1745255590.790226147] [agent_0.guidance]: AGENT 0 received message from 1
[crazychoir_task_assignment_webots_guidance-7] [INFO] [1745255590.790499729] [agent_0.guidance]: AGENT 0 Message processing completed. Any updates: False
[crazychoir_task_assignment_webots_guidance-7] [INFO] [1745255590.790767051] [agent_0.guidance]: --NO UPDATE-- AGENT 0 No updates.
[crazychoir_task_assignment_webots_guidance-7] [INFO] [1745255590.791017886] [agent_0.guidance]: AGENT 0 --- Iteration 5
[crazychoir_task_assignment_webots_guidance-27] [INFO] [1745255590.790619900] [agent_4.guidance]: AGENT 4 received message from 0
[crazychoir_task_assignment_webots_guidance-27] [INFO] [1745255590.790922327] [agent_4.guidance]: AGENT 4 received message from 2
[crazychoir_task_assignment_webots_guidance-22] [INFO] [1745255590.791117249] [agent_3.guidance]: AGENT 3 received message from 5
[crazychoir_task_assignment_webots_guidance-22] [INFO] [1745255590.791410064] [agent_3.guidance]: AGENT 3 received message from 4
[crazychoir_task_assignment_webots_guidance-22] [INFO] [1745255590.791678032] [agent_3.guidance]: AGENT 3 received message from 1
[crazychoir_task_assignment_webots_guidance-27] [INFO] [1745255590.791199540] [agent_4.guidance]: AGENT 4 received message from 3
[crazychoir_task_assignment_webots_guidance-27] [INFO] [1745255590.791467593] [agent_4.guidance]: AGENT 4 received message from 1
[crazychoir_task_assignment_webots_guidance-27] [INFO] [1745255590.791732055] [agent_4.guidance]: AGENT 4 received message from 5
[crazychoir_task_assignment_webots_guidance-7] [INFO] [1745255590.791435207] [agent_0.guidance]: AGENT 0 Exchanging messages...
[crazychoir_task_assignment_webots_guidance-32] [INFO] [1745255590.791482288] [agent_5.guidance]: AGENT 5 received message from 2
[crazychoir_task_assignment_webots_guidance-32] [INFO] [1745255590.791775268] [agent_5.guidance]: AGENT 5 received message from 3
[crazychoir_task_assignment_webots_guidance-17] [INFO] [1745255590.791777195] [agent_2.guidance]: AGENT 2 received message from 4
[crazychoir_task_assignment_webots_guidance-22] [INFO] [1745255590.791941630] [agent_3.guidance]: AGENT 3 Message processing completed. Any updates: False
[crazychoir_task_assignment_webots_guidance-22] [INFO] [1745255590.792207474] [agent_3.guidance]: --NO UPDATE-- AGENT 3 No updates.
[crazychoir_task_assignment_webots_guidance-22] [INFO] [1745255590.792457826] [agent_3.guidance]: AGENT 3 --- Iteration 5
[crazychoir_task_assignment_webots_guidance-27] [INFO] [1745255590.791996917] [agent_4.guidance]: AGENT 4 Message processing completed. Any updates: False
[crazychoir_task_assignment_webots_guidance-27] [INFO] [1745255590.792262026] [agent_4.guidance]: --NO UPDATE-- AGENT 4 No updates.
[crazychoir_task_assignment_webots_guidance-27] [INFO] [1745255590.792513221] [agent_4.guidance]: AGENT 4 --- Iteration 5
[crazychoir_task_assignment_webots_guidance-32] [INFO] [1745255590.792052658] [agent_5.guidance]: AGENT 5 received message from 4
[crazychoir_task_assignment_webots_guidance-32] [INFO] [1745255590.792319676] [agent_5.guidance]: AGENT 5 received message from 1
[crazychoir_task_assignment_webots_guidance-17] [INFO] [1745255590.792075471] [agent_2.guidance]: AGENT 2 received message from 1
[crazychoir_task_assignment_webots_guidance-17] [INFO] [1745255590.792344662] [agent_2.guidance]: AGENT 2 Message processing completed. Any updates: False
[crazychoir_task_assignment_webots_guidance-32] [INFO] [1745255590.792585844] [agent_5.guidance]: AGENT 5 Message processing completed. Any updates: False
[crazychoir_task_assignment_webots_guidance-32] [INFO] [1745255590.792850099] [agent_5.guidance]: --NO UPDATE-- AGENT 5 No updates.
[crazychoir_task_assignment_webots_guidance-17] [INFO] [1745255590.792608026] [agent_2.guidance]: --NO UPDATE-- AGENT 2 No updates.
[crazychoir_task_assignment_webots_guidance-17] [INFO] [1745255590.792860506] [agent_2.guidance]: AGENT 2 --- Iteration 5
[crazychoir_task_assignment_webots_guidance-22] [INFO] [1745255590.792874049] [agent_3.guidance]: AGENT 3 Exchanging messages...
[crazychoir_task_assignment_webots_guidance-27] [INFO] [1745255590.792929509] [agent_4.guidance]: AGENT 4 Exchanging messages...
[crazychoir_task_assignment_webots_guidance-32] [INFO] [1745255590.793103762] [agent_5.guidance]: AGENT 5 --- Iteration 5
[crazychoir_task_assignment_webots_guidance-32] [INFO] [1745255590.793569931] [agent_5.guidance]: AGENT 5 Exchanging messages...
[crazychoir_task_assignment_webots_guidance-17] [INFO] [1745255590.794200367] [agent_2.guidance]: AGENT 2 Exchanging messages...
[crazychoir_task_assignment_webots_guidance-12] [INFO] [1745255590.795022021] [agent_1.guidance]: AGENT 1 Message exchange completed. Received 5 responses.
[crazychoir_task_assignment_webots_guidance-12] [INFO] [1745255590.795315522] [agent_1.guidance]: AGENT 1 Processing messages...
[crazychoir_task_assignment_webots_guidance-12] [INFO] [1745255590.795585630] [agent_1.guidance]: AGENT 1 received message from 0
[crazychoir_task_assignment_webots_guidance-12] [INFO] [1745255590.795863541] [agent_1.guidance]: AGENT 1 received message from 2
[crazychoir_task_assignment_webots_guidance-12] [INFO] [1745255590.796133144] [agent_1.guidance]: AGENT 1 received message from 3
[crazychoir_task_assignment_webots_guidance-12] [INFO] [1745255590.796403797] [agent_1.guidance]: AGENT 1 received message from 4
[crazychoir_task_assignment_webots_guidance-12] [INFO] [1745255590.798292082] [agent_1.guidance]: AGENT 1 received message from 5
[crazychoir_task_assignment_webots_guidance-12] [INFO] [1745255590.799192140] [agent_1.guidance]: AGENT 1 Message processing completed. Any updates: False
[crazychoir_task_assignment_webots_guidance-12] [INFO] [1745255590.799471279] [agent_1.guidance]: --NO UPDATE-- AGENT 1 No updates.
[crazychoir_task_assignment_webots_guidance-12] [INFO] [1745255590.799722178] [agent_1.guidance]: AGENT 1 --- Iteration 5
[crazychoir_task_assignment_webots_guidance-12] [INFO] [1745255590.800134714] [agent_1.guidance]: AGENT 1 Exchanging messages...
[crazychoir_task_assignment_webots_guidance-7] [INFO] [1745255590.803073034] [agent_0.guidance]: AGENT 0 Message exchange completed. Received 5 responses.
[crazychoir_task_assignment_webots_guidance-27] [INFO] [1745255590.803093825] [agent_4.guidance]: AGENT 4 Message exchange completed. Received 5 responses.
[crazychoir_task_assignment_webots_guidance-22] [INFO] [1745255590.803109914] [agent_3.guidance]: AGENT 3 Message exchange completed. Received 5 responses.
[crazychoir_task_assignment_webots_guidance-22] [INFO] [1745255590.803388643] [agent_3.guidance]: AGENT 3 Processing messages...
[crazychoir_task_assignment_webots_guidance-27] [INFO] [1745255590.803365925] [agent_4.guidance]: AGENT 4 Processing messages...
[crazychoir_task_assignment_webots_guidance-7] [INFO] [1745255590.803384187] [agent_0.guidance]: AGENT 0 Processing messages...
[crazychoir_task_assignment_webots_guidance-27] [INFO] [1745255590.803619558] [agent_4.guidance]: AGENT 4 received message from 0
[crazychoir_task_assignment_webots_guidance-22] [INFO] [1745255590.803645304] [agent_3.guidance]: AGENT 3 received message from 0
[crazychoir_task_assignment_webots_guidance-17] [INFO] [1745255590.803678146] [agent_2.guidance]: AGENT 2 Message exchange completed. Received 5 responses.
[crazychoir_task_assignment_webots_guidance-7] [INFO] [1745255590.803705739] [agent_0.guidance]: AGENT 0 received message from 4
[crazychoir_task_assignment_webots_guidance-27] [INFO] [1745255590.803887151] [agent_4.guidance]: AGENT 4 received message from 3
[crazychoir_task_assignment_webots_guidance-22] [INFO] [1745255590.803913945] [agent_3.guidance]: AGENT 3 received message from 4
[crazychoir_task_assignment_webots_guidance-22] [INFO] [1745255590.804180188] [agent_3.guidance]: AGENT 3 received message from 5
[crazychoir_task_assignment_webots_guidance-17] [INFO] [1745255590.803943277] [agent_2.guidance]: AGENT 2 Processing messages...
[crazychoir_task_assignment_webots_guidance-17] [INFO] [1745255590.804194410] [agent_2.guidance]: AGENT 2 received message from 0
[crazychoir_task_assignment_webots_guidance-7] [INFO] [1745255590.804026858] [agent_0.guidance]: AGENT 0 received message from 3
[crazychoir_task_assignment_webots_guidance-27] [INFO] [1745255590.804150150] [agent_4.guidance]: AGENT 4 received message from 5
[crazychoir_task_assignment_webots_guidance-7] [INFO] [1745255590.804291626] [agent_0.guidance]: AGENT 0 received message from 5
[crazychoir_task_assignment_webots_guidance-27] [INFO] [1745255590.804410588] [agent_4.guidance]: AGENT 4 received message from 2
[crazychoir_task_assignment_webots_guidance-22] [INFO] [1745255590.804445778] [agent_3.guidance]: AGENT 3 received message from 2
[crazychoir_task_assignment_webots_guidance-17] [INFO] [1745255590.804458106] [agent_2.guidance]: AGENT 2 received message from 3
[crazychoir_task_assignment_webots_guidance-7] [INFO] [1745255590.804640526] [agent_0.guidance]: AGENT 0 received message from 2
[crazychoir_task_assignment_webots_guidance-7] [INFO] [1745255590.805011057] [agent_0.guidance]: AGENT 0 received message from 1
[crazychoir_task_assignment_webots_guidance-7] [INFO] [1745255590.805281048] [agent_0.guidance]: AGENT 0 Message processing completed. Any updates: False
[crazychoir_task_assignment_webots_guidance-27] [INFO] [1745255590.804671026] [agent_4.guidance]: AGENT 4 received message from 1
[crazychoir_task_assignment_webots_guidance-27] [INFO] [1745255590.804933932] [agent_4.guidance]: AGENT 4 Message processing completed. Any updates: False
[crazychoir_task_assignment_webots_guidance-27] [INFO] [1745255590.805179426] [agent_4.guidance]: --NO UPDATE-- AGENT 4 No updates.
[crazychoir_task_assignment_webots_guidance-22] [INFO] [1745255590.804710360] [agent_3.guidance]: AGENT 3 received message from 1
[crazychoir_task_assignment_webots_guidance-22] [INFO] [1745255590.804977545] [agent_3.guidance]: AGENT 3 Message processing completed. Any updates: False
[crazychoir_task_assignment_webots_guidance-22] [INFO] [1745255590.805228424] [agent_3.guidance]: --NO UPDATE-- AGENT 3 No updates.
[crazychoir_task_assignment_webots_guidance-17] [INFO] [1745255590.804718305] [agent_2.guidance]: AGENT 2 received message from 4
[crazychoir_task_assignment_webots_guidance-17] [INFO] [1745255590.804977027] [agent_2.guidance]: AGENT 2 received message from 5
[crazychoir_task_assignment_webots_guidance-17] [INFO] [1745255590.805237929] [agent_2.guidance]: AGENT 2 received message from 1
[crazychoir_task_assignment_webots_guidance-27] [INFO] [1745255590.805435492] [agent_4.guidance]: AGENT 4 --- Iteration 6
[crazychoir_task_assignment_webots_guidance-27] [INFO] [1745255590.805853906] [agent_4.guidance]: AGENT 4 Exchanging messages...
[crazychoir_task_assignment_webots_guidance-22] [INFO] [1745255590.805487024] [agent_3.guidance]: AGENT 3 --- Iteration 6
[crazychoir_task_assignment_webots_guidance-22] [INFO] [1745255590.805904603] [agent_3.guidance]: AGENT 3 Exchanging messages...
[crazychoir_task_assignment_webots_guidance-17] [INFO] [1745255590.805506203] [agent_2.guidance]: AGENT 2 Message processing completed. Any updates: False
[crazychoir_task_assignment_webots_guidance-17] [INFO] [1745255590.805751613] [agent_2.guidance]: --NO UPDATE-- AGENT 2 No updates.
[crazychoir_task_assignment_webots_guidance-17] [INFO] [1745255590.805998229] [agent_2.guidance]: AGENT 2 --- Iteration 6
[crazychoir_task_assignment_webots_guidance-7] [INFO] [1745255590.805531214] [agent_0.guidance]: --NO UPDATE-- AGENT 0 No updates.
[crazychoir_task_assignment_webots_guidance-7] [INFO] [1745255590.805794398] [agent_0.guidance]: AGENT 0 --- Iteration 6
[crazychoir_task_assignment_webots_guidance-7] [INFO] [1745255590.806335745] [agent_0.guidance]: AGENT 0 Exchanging messages...
[crazychoir_task_assignment_webots_guidance-17] [INFO] [1745255590.806403924] [agent_2.guidance]: AGENT 2 Exchanging messages...
[crazychoir_task_assignment_webots_guidance-12] [INFO] [1745255590.807009106] [agent_1.guidance]: AGENT 1 Message exchange completed. Received 5 responses.
[crazychoir_task_assignment_webots_guidance-12] [INFO] [1745255590.807288610] [agent_1.guidance]: AGENT 1 Processing messages...
[crazychoir_task_assignment_webots_guidance-32] [INFO] [1745255590.807328964] [agent_5.guidance]: AGENT 5 Message exchange completed. Received 5 responses.
[crazychoir_task_assignment_webots_guidance-32] [INFO] [1745255590.807593878] [agent_5.guidance]: AGENT 5 Processing messages...
[crazychoir_task_assignment_webots_guidance-32] [INFO] [1745255590.807845420] [agent_5.guidance]: AGENT 5 received message from 0
[crazychoir_task_assignment_webots_guidance-12] [INFO] [1745255590.808021698] [agent_1.guidance]: AGENT 1 received message from 0
[crazychoir_task_assignment_webots_guidance-12] [INFO] [1745255590.808318746] [agent_1.guidance]: AGENT 1 received message from 2
[crazychoir_task_assignment_webots_guidance-32] [INFO] [1745255590.808108077] [agent_5.guidance]: AGENT 5 received message from 3
[crazychoir_task_assignment_webots_guidance-32] [INFO] [1745255590.808370931] [agent_5.guidance]: AGENT 5 received message from 4
[crazychoir_task_assignment_webots_guidance-32] [INFO] [1745255590.808631659] [agent_5.guidance]: AGENT 5 received message from 2
[crazychoir_task_assignment_webots_guidance-12] [INFO] [1745255590.808593907] [agent_1.guidance]: AGENT 1 received message from 3
[crazychoir_task_assignment_webots_guidance-12] [INFO] [1745255590.808865994] [agent_1.guidance]: AGENT 1 received message from 4
[crazychoir_task_assignment_webots_guidance-12] [INFO] [1745255590.809139863] [agent_1.guidance]: AGENT 1 received message from 5
[crazychoir_task_assignment_webots_guidance-32] [INFO] [1745255590.808888665] [agent_5.guidance]: AGENT 5 received message from 1
[crazychoir_task_assignment_webots_guidance-32] [INFO] [1745255590.809151580] [agent_5.guidance]: AGENT 5 Message processing completed. Any updates: False
[crazychoir_task_assignment_webots_guidance-32] [INFO] [1745255590.809399559] [agent_5.guidance]: --NO UPDATE-- AGENT 5 No updates.
[crazychoir_task_assignment_webots_guidance-12] [INFO] [1745255590.809414279] [agent_1.guidance]: AGENT 1 Message processing completed. Any updates: False
[crazychoir_task_assignment_webots_guidance-32] [INFO] [1745255590.809643789] [agent_5.guidance]: AGENT 5 Converged after 5 iterations.
[crazychoir_task_assignment_webots_guidance-32] [INFO] [1745255590.809888413] [agent_5.guidance]: AGENT 5 Running final consensus...
[crazychoir_task_assignment_webots_guidance-12] [INFO] [1745255590.809666269] [agent_1.guidance]: --NO UPDATE-- AGENT 1 No updates.
[crazychoir_task_assignment_webots_guidance-12] [INFO] [1745255590.809918437] [agent_1.guidance]: AGENT 1 Converged after 5 iterations.
[crazychoir_task_assignment_webots_guidance-12] [INFO] [1745255590.810271996] [agent_1.guidance]: AGENT 1 Running final consensus...
[crazychoir_task_assignment_webots_guidance-7] [INFO] [1745255590.814604432] [agent_0.guidance]: AGENT 0 Message exchange completed. Received 5 responses.
[crazychoir_task_assignment_webots_guidance-27] [INFO] [1745255590.814704916] [agent_4.guidance]: AGENT 4 Message exchange completed. Received 5 responses.
[crazychoir_task_assignment_webots_guidance-7] [INFO] [1745255590.814873412] [agent_0.guidance]: AGENT 0 Processing messages...
[crazychoir_task_assignment_webots_guidance-27] [INFO] [1745255590.814977170] [agent_4.guidance]: AGENT 4 Processing messages...
[crazychoir_task_assignment_webots_guidance-7] [INFO] [1745255590.815132783] [agent_0.guidance]: AGENT 0 received message from 3
[crazychoir_task_assignment_webots_guidance-27] [INFO] [1745255590.815233416] [agent_4.guidance]: AGENT 4 received message from 0
[crazychoir_task_assignment_webots_guidance-22] [INFO] [1745255590.815342468] [agent_3.guidance]: AGENT 3 Message exchange completed. Received 5 responses.
[crazychoir_task_assignment_webots_guidance-7] [INFO] [1745255590.815405323] [agent_0.guidance]: AGENT 0 received message from 4
[crazychoir_task_assignment_webots_guidance-27] [INFO] [1745255590.815504038] [agent_4.guidance]: AGENT 4 received message from 3
[crazychoir_task_assignment_webots_guidance-22] [INFO] [1745255590.815611347] [agent_3.guidance]: AGENT 3 Processing messages...
[crazychoir_task_assignment_webots_guidance-7] [INFO] [1745255590.815668466] [agent_0.guidance]: AGENT 0 received message from 2
[crazychoir_task_assignment_webots_guidance-27] [INFO] [1745255590.815770527] [agent_4.guidance]: AGENT 4 received message from 2
[crazychoir_task_assignment_webots_guidance-22] [INFO] [1745255590.815865319] [agent_3.guidance]: AGENT 3 received message from 4
[crazychoir_task_assignment_webots_guidance-7] [INFO] [1745255590.815927226] [agent_0.guidance]: AGENT 0 received message from 1
[crazychoir_task_assignment_webots_guidance-27] [INFO] [1745255590.816033703] [agent_4.guidance]: AGENT 4 received message from 1
[crazychoir_task_assignment_webots_guidance-22] [INFO] [1745255590.816138178] [agent_3.guidance]: AGENT 3 received message from 0
[crazychoir_task_assignment_webots_guidance-7] [INFO] [1745255590.816188306] [agent_0.guidance]: AGENT 0 received message from 5
[crazychoir_task_assignment_webots_guidance-22] [INFO] [1745255590.816404949] [agent_3.guidance]: AGENT 3 received message from 1
[crazychoir_task_assignment_webots_guidance-27] [INFO] [1745255590.816435823] [agent_4.guidance]: AGENT 4 received message from 5
[crazychoir_task_assignment_webots_guidance-7] [INFO] [1745255590.816449666] [agent_0.guidance]: AGENT 0 Message processing completed. Any updates: False
[crazychoir_task_assignment_webots_guidance-22] [INFO] [1745255590.816667892] [agent_3.guidance]: AGENT 3 received message from 2
[crazychoir_task_assignment_webots_guidance-7] [INFO] [1745255590.816689884] [agent_0.guidance]: --NO UPDATE-- AGENT 0 No updates.
[crazychoir_task_assignment_webots_guidance-27] [INFO] [1745255590.816707253] [agent_4.guidance]: AGENT 4 Message processing completed. Any updates: False
[crazychoir_task_assignment_webots_guidance-7] [INFO] [1745255590.816931570] [agent_0.guidance]: AGENT 0 Converged after 6 iterations.
[crazychoir_task_assignment_webots_guidance-22] [INFO] [1745255590.816931774] [agent_3.guidance]: AGENT 3 received message from 5
[crazychoir_task_assignment_webots_guidance-27] [INFO] [1745255590.816956587] [agent_4.guidance]: --NO UPDATE-- AGENT 4 No updates.
[crazychoir_task_assignment_webots_guidance-7] [INFO] [1745255590.817170710] [agent_0.guidance]: AGENT 0 Running final consensus...
[crazychoir_task_assignment_webots_guidance-22] [INFO] [1745255590.817194506] [agent_3.guidance]: AGENT 3 Message processing completed. Any updates: False
[crazychoir_task_assignment_webots_guidance-27] [INFO] [1745255590.817204286] [agent_4.guidance]: AGENT 4 Converged after 6 iterations.
[crazychoir_task_assignment_webots_guidance-27] [INFO] [1745255590.817460154] [agent_4.guidance]: AGENT 4 Running final consensus...
[crazychoir_task_assignment_webots_guidance-22] [INFO] [1745255590.817476108] [agent_3.guidance]: --NO UPDATE-- AGENT 3 No updates.
[crazychoir_task_assignment_webots_guidance-22] [INFO] [1745255590.817728044] [agent_3.guidance]: AGENT 3 Converged after 6 iterations.
[crazychoir_task_assignment_webots_guidance-22] [INFO] [1745255590.817973478] [agent_3.guidance]: AGENT 3 Running final consensus...
[crazychoir_task_assignment_webots_guidance-17] [INFO] [1745255590.824411243] [agent_2.guidance]: AGENT 2 Message exchange completed. Received 5 responses.
[crazychoir_task_assignment_webots_guidance-17] [INFO] [1745255590.824691213] [agent_2.guidance]: AGENT 2 Processing messages...
[crazychoir_task_assignment_webots_guidance-17] [INFO] [1745255590.824987734] [agent_2.guidance]: AGENT 2 received message from 0
[crazychoir_task_assignment_webots_guidance-17] [INFO] [1745255590.825378076] [agent_2.guidance]: AGENT 2 received message from 3
[crazychoir_task_assignment_webots_guidance-17] [INFO] [1745255590.825646302] [agent_2.guidance]: AGENT 2 received message from 4
[crazychoir_task_assignment_webots_guidance-17] [INFO] [1745255590.825906471] [agent_2.guidance]: AGENT 2 received message from 1
[crazychoir_task_assignment_webots_guidance-17] [INFO] [1745255590.826165897] [agent_2.guidance]: AGENT 2 received message from 5
[crazychoir_task_assignment_webots_guidance-17] [INFO] [1745255590.826427380] [agent_2.guidance]: AGENT 2 Message processing completed. Any updates: False
[crazychoir_task_assignment_webots_guidance-17] [INFO] [1745255590.826673302] [agent_2.guidance]: --NO UPDATE-- AGENT 2 No updates.
[crazychoir_task_assignment_webots_guidance-17] [INFO] [1745255590.826918716] [agent_2.guidance]: AGENT 2 Converged after 6 iterations.
[crazychoir_task_assignment_webots_guidance-17] [INFO] [1745255590.829911346] [agent_2.guidance]: AGENT 2 Running final consensus...
[crazychoir_task_assignment_webots_guidance-32] [INFO] [1745255590.832545689] [agent_5.guidance]: AGENT 5 Final Winners: {0: 3, 1: 0, 2: 3, 3: 3, 4: 3, 5: 0, 6: 3, 7: 0, 8: 0, 9: 3, 10: 0, 11: 0, 12: 0, 13: 3, 14: 0, 15: 3, 16: 0, 17: 3, 18: 0, 19: 0, 20: 2, 21: 0, 22: 0, 23: 0, 24: 1, 25: 3, 26: 0, 27: 4, 28: 0, 29: 3, 30: 3, 31: 3, 32: 3, 33: 0, 34: 3, 35: 0, 36: 0, 37: 0, 38: 0, 39: 2}
[crazychoir_task_assignment_webots_guidance-12] [INFO] [1745255590.832719370] [agent_1.guidance]: AGENT 1 Final Winners: {0: 3, 1: 0, 2: 3, 3: 3, 4: 3, 5: 0, 6: 3, 7: 0, 8: 0, 9: 3, 10: 0, 11: 0, 12: 0, 13: 3, 14: 0, 15: 3, 16: 0, 17: 3, 18: 0, 19: 0, 20: 2, 21: 0, 22: 0, 23: 0, 24: 1, 25: 3, 26: 0, 27: 4, 28: 0, 29: 3, 30: 3, 31: 3, 32: 3, 33: 0, 34: 3, 35: 0, 36: 0, 37: 0, 38: 0, 39: 2}
[crazychoir_task_assignment_webots_guidance-32] [INFO] [1745255590.832833950] [agent_5.guidance]: AGENT 5 Entering post-optimization phase
[crazychoir_task_assignment_webots_guidance-12] [INFO] [1745255590.832995394] [agent_1.guidance]: AGENT 1 Entering post-optimization phase
[crazychoir_task_assignment_webots_guidance-32] [INFO] [1745255590.833131029] [agent_5.guidance]: AGENT 5 Waiting for neighbor 0 to complete optimization
[crazychoir_task_assignment_webots_guidance-12] [INFO] [1745255590.833273429] [agent_1.guidance]: AGENT 1 Waiting for neighbor 0 to complete optimization
[crazychoir_task_assignment_webots_guidance-7] [INFO] [1745255590.837933465] [agent_0.guidance]: AGENT 0 Final Winners: {0: 3, 1: 0, 2: 3, 3: 3, 4: 3, 5: 0, 6: 3, 7: 0, 8: 0, 9: 3, 10: 0, 11: 0, 12: 0, 13: 3, 14: 0, 15: 3, 16: 0, 17: 3, 18: 0, 19: 0, 20: 2, 21: 0, 22: 0, 23: 0, 24: 1, 25: 3, 26: 0, 27: 4, 28: 0, 29: 3, 30: 3, 31: 3, 32: 3, 33: 0, 34: 3, 35: 0, 36: 0, 37: 0, 38: 0, 39: 2}
[crazychoir_task_assignment_webots_guidance-22] [INFO] [1745255590.838201616] [agent_3.guidance]: AGENT 3 Final Winners: {0: 3, 1: 0, 2: 3, 3: 3, 4: 3, 5: 0, 6: 3, 7: 0, 8: 0, 9: 3, 10: 0, 11: 0, 12: 0, 13: 3, 14: 0, 15: 3, 16: 0, 17: 3, 18: 0, 19: 0, 20: 2, 21: 0, 22: 0, 23: 0, 24: 1, 25: 3, 26: 0, 27: 4, 28: 0, 29: 3, 30: 3, 31: 3, 32: 3, 33: 0, 34: 3, 35: 0, 36: 0, 37: 0, 38: 0, 39: 2}
[crazychoir_task_assignment_webots_guidance-7] [WARN] [1745255590.838307217] [agent_0.guidance]: AGENT 0 FINAL CHECK - WINNING TASKS: [Task(id=1, coordinates=array('d', [2.8361061597893062, 1.2888959620461877]), value=1, seq_num=1), Task(id=5, coordinates=array('d', [1.6762975307625148, -1.8138895523984815]), value=1, seq_num=5), Task(id=7, coordinates=array('d', [-2.0169465515718077, 0.584003663597155]), value=1, seq_num=7), Task(id=8, coordinates=array('d', [-2.9460834139946703, -0.6805723041382237]), value=1, seq_num=8), Task(id=10, coordinates=array('d', [-0.3831201187212141, 2.6938638406893762]), value=1, seq_num=10), Task(id=11, coordinates=array('d', [1.7178359156103653, 2.1977357914901905]), value=1, seq_num=11), Task(id=12, coordinates=array('d', [-1.961007471024311, -2.550308477921358]), value=1, seq_num=12), Task(id=14, coordinates=array('d', [1.4002810050634196, -0.5493368390879114]), value=1, seq_num=14), Task(id=16, coordinates=array('d', [0.13017673466974777, -2.350839702676616]), value=1, seq_num=16), Task(id=18, coordinates=array('d', [0.14642448041084055, 0.8256614647559619]), value=1, seq_num=18), Task(id=19, coordinates=array('d', [-0.5910273384583626, 0.898830654116054]), value=1, seq_num=19), Task(id=21, coordinates=array('d', [1.6044298025407429, -1.926156539753215]), value=1, seq_num=21), Task(id=22, coordinates=array('d', [-0.7465453884747459, 0.015198355961606236]), value=1, seq_num=22), Task(id=23, coordinates=array('d', [1.1200024794980745, -1.477922108031701]), value=1, seq_num=23), Task(id=26, coordinates=array('d', [0.8253424381124201, -1.8513215872862199]), value=1, seq_num=26), Task(id=28, coordinates=array('d', [2.510298234838576, -0.409067571952634]), value=1, seq_num=28), Task(id=33, coordinates=array('d', [0.5741287024100066, -2.4920303338775387]), value=1, seq_num=33), Task(id=35, coordinates=array('d', [1.3955606915398064, 2.3679077539004325]), value=1, seq_num=35), Task(id=36, coordinates=array('d', [0.0884038254788706, 0.6213810621612383]), value=1, seq_num=36), Task(id=37, coordinates=array('d', [-2.6095931257031557, 0.24044837785683804]), value=1, seq_num=37), Task(id=38, coordinates=array('d', [-2.224879297977374, 0.6873770781019921]), value=1, seq_num=38)]
[crazychoir_task_assignment_webots_guidance-22] [INFO] [1745255590.838475836] [agent_3.guidance]: AGENT 3 Entering post-optimization phase
[crazychoir_task_assignment_webots_guidance-32] [INFO] [1745255590.838546660] [agent_5.guidance]: AGENT 5 Neighbor 1 completed optimization
[crazychoir_task_assignment_webots_guidance-27] [INFO] [1745255590.838587522] [agent_4.guidance]: AGENT 4 Final Winners: {0: 3, 1: 0, 2: 3, 3: 3, 4: 3, 5: 0, 6: 3, 7: 0, 8: 0, 9: 3, 10: 0, 11: 0, 12: 0, 13: 3, 14: 0, 15: 3, 16: 0, 17: 3, 18: 0, 19: 0, 20: 2, 21: 0, 22: 0, 23: 0, 24: 1, 25: 3, 26: 0, 27: 4, 28: 0, 29: 3, 30: 3, 31: 3, 32: 3, 33: 0, 34: 3, 35: 0, 36: 0, 37: 0, 38: 0, 39: 2}
[crazychoir_task_assignment_webots_guidance-7] [WARN] [1745255590.838632148] [agent_0.guidance]: AGENT 0 FINAL CHECK - FINAL BUNDLE: []
[crazychoir_task_assignment_webots_guidance-22] [INFO] [1745255590.838749966] [agent_3.guidance]: AGENT 3 Waiting for neighbor 0 to complete optimization
[crazychoir_task_assignment_webots_guidance-27] [INFO] [1745255590.838875515] [agent_4.guidance]: AGENT 4 Entering post-optimization phase
[crazychoir_task_assignment_webots_guidance-7] [WARN] [1745255590.838916736] [agent_0.guidance]: AGENT 0 FINAL CHECK - FINAL PATH: []
[crazychoir_task_assignment_webots_guidance-27] [INFO] [1745255590.839161025] [agent_4.guidance]: AGENT 4 Waiting for neighbor 0 to complete optimization
[crazychoir_task_assignment_webots_guidance-7] [INFO] [1745255590.839167456] [agent_0.guidance]: AGENT 0 Entering post-optimization phase
[crazychoir_task_assignment_webots_guidance-7] [INFO] [1745255590.839458899] [agent_0.guidance]: AGENT 0 Waiting for neighbor 1 to complete optimization
[crazychoir_task_assignment_webots_guidance-12] [INFO] [1745255590.839336708] [agent_1.guidance]: AGENT 1 Neighbor 5 completed optimization
[crazychoir_task_assignment_webots_guidance-17] [INFO] [1745255590.841019270] [agent_2.guidance]: AGENT 2 Final Winners: {0: 3, 1: 0, 2: 3, 3: 3, 4: 3, 5: 0, 6: 3, 7: 0, 8: 0, 9: 3, 10: 0, 11: 0, 12: 0, 13: 3, 14: 0, 15: 3, 16: 0, 17: 3, 18: 0, 19: 0, 20: 2, 21: 0, 22: 0, 23: 0, 24: 1, 25: 3, 26: 0, 27: 4, 28: 0, 29: 3, 30: 3, 31: 3, 32: 3, 33: 0, 34: 3, 35: 0, 36: 0, 37: 0, 38: 0, 39: 2}
[crazychoir_task_assignment_webots_guidance-17] [INFO] [1745255590.841300656] [agent_2.guidance]: AGENT 2 Entering post-optimization phase
[crazychoir_task_assignment_webots_guidance-17] [INFO] [1745255590.841581974] [agent_2.guidance]: AGENT 2 Waiting for neighbor 0 to complete optimization
[crazychoir_task_assignment_webots_guidance-32] [INFO] [1745255591.343072629] [agent_5.guidance]: AGENT 5 Waiting for neighbor 0 to complete optimization
[crazychoir_task_assignment_webots_guidance-12] [INFO] [1745255591.343094397] [agent_1.guidance]: AGENT 1 Waiting for neighbor 0 to complete optimization
[crazychoir_task_assignment_webots_guidance-22] [INFO] [1745255591.348310022] [agent_3.guidance]: AGENT 3 Neighbor 4 completed optimization
[crazychoir_task_assignment_webots_guidance-7] [INFO] [1745255591.348334374] [agent_0.guidance]: AGENT 0 Neighbor 3 completed optimization
[crazychoir_task_assignment_webots_guidance-17] [INFO] [1745255591.348392980] [agent_2.guidance]: AGENT 2 Neighbor 0 completed optimization
[crazychoir_task_assignment_webots_guidance-7] [INFO] [1745255591.349841591] [agent_0.guidance]: AGENT 0 Neighbor 4 completed optimization
[crazychoir_task_assignment_webots_guidance-17] [INFO] [1745255591.349930120] [agent_2.guidance]: AGENT 2 Neighbor 3 completed optimization
[crazychoir_task_assignment_webots_guidance-17] [INFO] [1745255591.351391975] [agent_2.guidance]: AGENT 2 Neighbor 4 completed optimization
[crazychoir_task_assignment_webots_guidance-12] [INFO] [1745255591.352119152] [agent_1.guidance]: AGENT 1 Neighbor 0 completed optimization
[crazychoir_task_assignment_webots_guidance-27] [INFO] [1745255591.352701172] [agent_4.guidance]: AGENT 4 Neighbor 3 completed optimization
[crazychoir_task_assignment_webots_guidance-12] [INFO] [1745255591.353662416] [agent_1.guidance]: AGENT 1 Neighbor 2 completed optimization
[crazychoir_task_assignment_webots_guidance-7] [INFO] [1745255591.353881815] [agent_0.guidance]: AGENT 0 Neighbor 2 completed optimization
[crazychoir_task_assignment_webots_guidance-17] [INFO] [1745255591.355088017] [agent_2.guidance]: AGENT 2 Neighbor 1 completed optimization
[crazychoir_task_assignment_webots_guidance-17] [INFO] [1745255591.356657194] [agent_2.guidance]: AGENT 2 Neighbor 5 completed optimization
[crazychoir_task_assignment_webots_guidance-12] [INFO] [1745255591.355180372] [agent_1.guidance]: AGENT 1 Neighbor 3 completed optimization
[crazychoir_task_assignment_webots_guidance-12] [INFO] [1745255591.356656939] [agent_1.guidance]: AGENT 1 Neighbor 4 completed optimization
[crazychoir_task_assignment_webots_guidance-32] [INFO] [1745255591.355294503] [agent_5.guidance]: AGENT 5 Neighbor 0 completed optimization
[crazychoir_task_assignment_webots_guidance-7] [INFO] [1745255591.358127490] [agent_0.guidance]: AGENT 0 Neighbor 1 completed optimization
[crazychoir_task_assignment_webots_guidance-22] [INFO] [1745255591.358579202] [agent_3.guidance]: AGENT 3 Neighbor 0 completed optimization
[crazychoir_task_assignment_webots_guidance-27] [INFO] [1745255591.359513724] [agent_4.guidance]: AGENT 4 Neighbor 0 completed optimization
[crazychoir_task_assignment_webots_guidance-7] [INFO] [1745255591.359788050] [agent_0.guidance]: AGENT 0 Neighbor 5 completed optimization
[crazychoir_task_assignment_webots_guidance-32] [INFO] [1745255591.361321123] [agent_5.guidance]: AGENT 5 Neighbor 2 completed optimization
[crazychoir_task_assignment_webots_guidance-22] [INFO] [1745255591.362172790] [agent_3.guidance]: AGENT 3 Neighbor 2 completed optimization
[crazychoir_task_assignment_webots_guidance-32] [INFO] [1745255591.363344412] [agent_5.guidance]: AGENT 5 Neighbor 3 completed optimization
[crazychoir_task_assignment_webots_guidance-27] [INFO] [1745255591.363620468] [agent_4.guidance]: AGENT 4 Neighbor 2 completed optimization
[crazychoir_task_assignment_webots_guidance-22] [INFO] [1745255591.363742107] [agent_3.guidance]: AGENT 3 Neighbor 1 completed optimization
[crazychoir_task_assignment_webots_guidance-32] [INFO] [1745255591.365013014] [agent_5.guidance]: AGENT 5 Neighbor 4 completed optimization
[crazychoir_task_assignment_webots_guidance-27] [INFO] [1745255591.365176281] [agent_4.guidance]: AGENT 4 Neighbor 1 completed optimization
[crazychoir_task_assignment_webots_guidance-22] [INFO] [1745255591.365195802] [agent_3.guidance]: AGENT 3 Neighbor 5 completed optimization
[crazychoir_task_assignment_webots_guidance-27] [INFO] [1745255591.373498539] [agent_4.guidance]: AGENT 4 Neighbor 5 completed optimization
[crazychoir_task_assignment_webots_guidance-12] [INFO] [1745255591.859031802] [agent_1.guidance]: AGENT 1 All neighbors completed optimization
[crazychoir_task_assignment_webots_guidance-17] [INFO] [1745255591.859335421] [agent_2.guidance]: AGENT 2 All neighbors completed optimization
[crazychoir_task_assignment_webots_guidance-12] [INFO] [1745255591.860547666] [agent_1.guidance]: AGENT 1 Synchronization successful
[crazychoir_task_assignment_webots_guidance-17] [INFO] [1745255591.864860004] [agent_2.guidance]: AGENT 2 Synchronization successful
[crazychoir_task_assignment_webots_guidance-7] [INFO] [1745255591.866440265] [agent_0.guidance]: AGENT 0 All neighbors completed optimization
[crazychoir_task_assignment_webots_guidance-7] [INFO] [1745255591.868406542] [agent_0.guidance]: AGENT 0 Synchronization successful
[crazychoir_task_assignment_webots_guidance-12] [WARN] [1745255591.866780280] [agent_1.guidance]: ************* AGENT 1 Entered _Optimization ended *************
[crazychoir_task_assignment_webots_guidance-12] [INFO] [1745255591.868255043] [agent_1.guidance]: Optimization ended
[crazychoir_task_assignment_webots_guidance-22] [INFO] [1745255591.866984680] [agent_3.guidance]: AGENT 3 All neighbors completed optimization
[crazychoir_task_assignment_webots_guidance-22] [INFO] [1745255591.868724891] [agent_3.guidance]: AGENT 3 Synchronization successful
[crazychoir_task_assignment_webots_guidance-32] [INFO] [1745255591.867443920] [agent_5.guidance]: AGENT 5 All neighbors completed optimization
[crazychoir_task_assignment_webots_guidance-32] [INFO] [1745255591.868935141] [agent_5.guidance]: AGENT 5 Synchronization successful
[crazychoir_task_assignment_webots_guidance-32] [WARN] [1745255591.872129850] [agent_5.guidance]: ************* AGENT 5 Entered _Optimization ended *************
[crazychoir_task_assignment_webots_guidance-12] [INFO] [1745255591.869679849] [agent_1.guidance]: *******AGENT 1 ENTERING get_result
[crazychoir_task_assignment_webots_guidance-12] [INFO] [1745255591.871083027] [agent_1.guidance]: AGENT 1 entering locking
[crazychoir_task_assignment_webots_guidance-12] [INFO] [1745255591.872476420] [agent_1.guidance]: AGENT 1 get_result: FINAL BUNDLE: []
[crazychoir_task_assignment_webots_guidance-22] [WARN] [1745255591.872619333] [agent_3.guidance]: ************* AGENT 3 Entered _Optimization ended *************
[crazychoir_task_assignment_webots_guidance-17] [WARN] [1745255591.869289157] [agent_2.guidance]: ************* AGENT 2 Entered _Optimization ended *************
[crazychoir_task_assignment_webots_guidance-17] [INFO] [1745255591.870851038] [agent_2.guidance]: Optimization ended
[crazychoir_task_assignment_webots_guidance-17] [INFO] [1745255591.875020418] [agent_2.guidance]: *******AGENT 2 ENTERING get_result
[crazychoir_task_assignment_webots_guidance-17] [INFO] [1745255591.876727699] [agent_2.guidance]: AGENT 2 entering locking
[crazychoir_task_assignment_webots_guidance-32] [INFO] [1745255591.878623391] [agent_5.guidance]: Optimization ended
[crazychoir_task_assignment_webots_guidance-12] [INFO] [1745255591.878665836] [agent_1.guidance]: AGENT 1 get_result: PATH BEFORE UPDATE: []
[crazychoir_task_assignment_webots_guidance-17] [INFO] [1745255591.878739086] [agent_2.guidance]: AGENT 2 get_result: FINAL BUNDLE: [39]
[crazychoir_task_assignment_webots_guidance-17] [INFO] [1745255591.880530192] [agent_2.guidance]: AGENT 2 get_result: PATH BEFORE UPDATE: [39]
[crazychoir_task_assignment_webots_guidance-17] [INFO] [1745255591.884151494] [agent_2.guidance]: AGENT 2 get_result: FINAL WINNERS: {0: 3, 1: 0, 2: 3, 3: 3, 4: 3, 5: 0, 6: 3, 7: 0, 8: 0, 9: 3, 10: 0, 11: 0, 12: 0, 13: 3, 14: 0, 15: 3, 16: 0, 17: 3, 18: 0, 19: 0, 20: 2, 21: 0, 22: 0, 23: 0, 24: 1, 25: 3, 26: 0, 27: 4, 28: 0, 29: 3, 30: 3, 31: 3, 32: 3, 33: 0, 34: 3, 35: 0, 36: 0, 37: 0, 38: 0, 39: 2}
[crazychoir_task_assignment_webots_guidance-12] [INFO] [1745255591.882639186] [agent_1.guidance]: AGENT 1 get_result: FINAL WINNERS: {0: 3, 1: 0, 2: 3, 3: 3, 4: 3, 5: 0, 6: 3, 7: 0, 8: 0, 9: 3, 10: 0, 11: 0, 12: 0, 13: 3, 14: 0, 15: 3, 16: 0, 17: 3, 18: 0, 19: 0, 20: 2, 21: 0, 22: 0, 23: 0, 24: 1, 25: 3, 26: 0, 27: 4, 28: 0, 29: 3, 30: 3, 31: 3, 32: 3, 33: 0, 34: 3, 35: 0, 36: 0, 37: 0, 38: 0, 39: 2}
[crazychoir_task_assignment_webots_guidance-12] [INFO] [1745255591.884190754] [agent_1.guidance]: AGENT 1 get_result: UPDATING PATH
[crazychoir_task_assignment_webots_guidance-22] [INFO] [1745255591.883481915] [agent_3.guidance]: Optimization ended
[crazychoir_task_assignment_webots_guidance-27] [INFO] [1745255591.884054864] [agent_4.guidance]: AGENT 4 All neighbors completed optimization
[crazychoir_task_assignment_webots_guidance-12] [INFO] [1745255591.885655876] [agent_1.guidance]: AGENT 1 ENTERING UPDATE
[crazychoir_task_assignment_webots_guidance-17] [INFO] [1745255591.886601210] [agent_2.guidance]: AGENT 2 get_result: UPDATING PATH
[crazychoir_task_assignment_webots_guidance-17] [INFO] [1745255591.888337792] [agent_2.guidance]: AGENT 2 ENTERING UPDATE
[crazychoir_task_assignment_webots_guidance-17] [INFO] [1745255591.890388161] [agent_2.guidance]: AGENT 2 ASSIGNED TASKS: [20, 39]
[crazychoir_task_assignment_webots_guidance-12] [INFO] [1745255591.888978653] [agent_1.guidance]: AGENT 1 ASSIGNED TASKS: [24]
[crazychoir_task_assignment_webots_guidance-12] [INFO] [1745255591.891299514] [agent_1.guidance]: AGENT 1 checking task Task(id=24, coordinates=array('d', [0.3284451776553512, 0.7495850643845863]), value=1, seq_num=24)
[crazychoir_task_assignment_webots_guidance-27] [INFO] [1745255591.889506659] [agent_4.guidance]: AGENT 4 Synchronization successful
[crazychoir_task_assignment_webots_guidance-7] [WARN] [1745255591.889556442] [agent_0.guidance]: ************* AGENT 0 Entered _Optimization ended *************
[crazychoir_task_assignment_webots_guidance-7] [INFO] [1745255591.891754481] [agent_0.guidance]: Optimization ended
[crazychoir_task_assignment_webots_guidance-32] [INFO] [1745255591.889640864] [agent_5.guidance]: *******AGENT 5 ENTERING get_result
[crazychoir_task_assignment_webots_guidance-32] [INFO] [1745255591.891309066] [agent_5.guidance]: AGENT 5 entering locking
[crazychoir_task_assignment_webots_guidance-22] [INFO] [1745255591.890019550] [agent_3.guidance]: *******AGENT 3 ENTERING get_result
[crazychoir_task_assignment_webots_guidance-22] [INFO] [1745255591.892176675] [agent_3.guidance]: AGENT 3 entering locking
[crazychoir_task_assignment_webots_guidance-17] [INFO] [1745255591.892869595] [agent_2.guidance]: AGENT 2 checking task Task(id=20, coordinates=array('d', [-0.618599982589604, 0.7434966812893382]), value=1, seq_num=20)
[crazychoir_task_assignment_webots_guidance-12] [INFO] [1745255591.892924913] [agent_1.guidance]: ***AGENT 1 Score for task 24: 0.9588538113280436
[crazychoir_task_assignment_webots_guidance-12] [INFO] [1745255591.894368558] [agent_1.guidance]: AGENT 1 ADDING Best task: 24 with score: 0.9588538113280436
[crazychoir_task_assignment_webots_guidance-32] [INFO] [1745255591.893141342] [agent_5.guidance]: AGENT 5 get_result: FINAL BUNDLE: []
[crazychoir_task_assignment_webots_guidance-32] [INFO] [1745255591.894741399] [agent_5.guidance]: AGENT 5 get_result: PATH BEFORE UPDATE: []
[crazychoir_task_assignment_webots_guidance-7] [INFO] [1745255591.893187966] [agent_0.guidance]: *******AGENT 0 ENTERING get_result
[crazychoir_task_assignment_webots_guidance-27] [WARN] [1745255591.893450225] [agent_4.guidance]: ************* AGENT 4 Entered _Optimization ended *************
[crazychoir_task_assignment_webots_guidance-22] [INFO] [1745255591.893666456] [agent_3.guidance]: AGENT 3 get_result: FINAL BUNDLE: [4, 3]
[crazychoir_task_assignment_webots_guidance-27] [INFO] [1745255591.894911682] [agent_4.guidance]: Optimization ended
[crazychoir_task_assignment_webots_guidance-27] [INFO] [1745255591.896313537] [agent_4.guidance]: *******AGENT 4 ENTERING get_result
[crazychoir_task_assignment_webots_guidance-7] [INFO] [1745255591.895150776] [agent_0.guidance]: AGENT 0 entering locking
[crazychoir_task_assignment_webots_guidance-17] [INFO] [1745255591.895156280] [agent_2.guidance]: ***AGENT 2 Score for task 20: 0.9766997940038082
[crazychoir_task_assignment_webots_guidance-12] [INFO] [1745255591.895753851] [agent_1.guidance]: AGENT 1 Removing from remaining tasks: 24
[crazychoir_task_assignment_webots_guidance-22] [INFO] [1745255591.895972776] [agent_3.guidance]: AGENT 3 get_result: PATH BEFORE UPDATE: [4, 3]
[crazychoir_task_assignment_webots_guidance-7] [INFO] [1745255591.896602846] [agent_0.guidance]: AGENT 0 get_result: FINAL BUNDLE: []
[crazychoir_task_assignment_webots_guidance-17] [INFO] [1745255591.897103157] [agent_2.guidance]: AGENT 2 checking task Task(id=39, coordinates=array('d', [-0.8180979177309728, 1.606548205984474]), value=1, seq_num=39)
[crazychoir_task_assignment_webots_guidance-17] [INFO] [1745255591.899533089] [agent_2.guidance]: ***AGENT 2 Score for task 39: 0.9680410247362083
[crazychoir_task_assignment_webots_guidance-12] [INFO] [1745255591.897133504] [agent_1.guidance]: AGENT 1 Remaining tasks: [24]
[crazychoir_task_assignment_webots_guidance-12] [INFO] [1745255591.898599649] [agent_1.guidance]: AGENT 1 Remaining tasks AFTER UPDATE: []
[crazychoir_task_assignment_webots_guidance-32] [INFO] [1745255591.897394590] [agent_5.guidance]: AGENT 5 get_result: FINAL WINNERS: {0: 3, 1: 0, 2: 3, 3: 3, 4: 3, 5: 0, 6: 3, 7: 0, 8: 0, 9: 3, 10: 0, 11: 0, 12: 0, 13: 3, 14: 0, 15: 3, 16: 0, 17: 3, 18: 0, 19: 0, 20: 2, 21: 0, 22: 0, 23: 0, 24: 1, 25: 3, 26: 0, 27: 4, 28: 0, 29: 3, 30: 3, 31: 3, 32: 3, 33: 0, 34: 3, 35: 0, 36: 0, 37: 0, 38: 0, 39: 2}
[crazychoir_task_assignment_webots_guidance-32] [INFO] [1745255591.899405413] [agent_5.guidance]: AGENT 5 get_result: UPDATING PATH
[crazychoir_task_assignment_webots_guidance-27] [INFO] [1745255591.897868504] [agent_4.guidance]: AGENT 4 entering locking
[crazychoir_task_assignment_webots_guidance-27] [INFO] [1745255591.899279536] [agent_4.guidance]: AGENT 4 get_result: FINAL BUNDLE: []
[crazychoir_task_assignment_webots_guidance-7] [INFO] [1745255591.898004797] [agent_0.guidance]: AGENT 0 get_result: PATH BEFORE UPDATE: []
[crazychoir_task_assignment_webots_guidance-7] [INFO] [1745255591.899396378] [agent_0.guidance]: AGENT 0 get_result: FINAL WINNERS: {0: 3, 1: 0, 2: 3, 3: 3, 4: 3, 5: 0, 6: 3, 7: 0, 8: 0, 9: 3, 10: 0, 11: 0, 12: 0, 13: 3, 14: 0, 15: 3, 16: 0, 17: 3, 18: 0, 19: 0, 20: 2, 21: 0, 22: 0, 23: 0, 24: 1, 25: 3, 26: 0, 27: 4, 28: 0, 29: 3, 30: 3, 31: 3, 32: 3, 33: 0, 34: 3, 35: 0, 36: 0, 37: 0, 38: 0, 39: 2}
[crazychoir_task_assignment_webots_guidance-22] [INFO] [1745255591.898685938] [agent_3.guidance]: AGENT 3 get_result: FINAL WINNERS: {0: 3, 1: 0, 2: 3, 3: 3, 4: 3, 5: 0, 6: 3, 7: 0, 8: 0, 9: 3, 10: 0, 11: 0, 12: 0, 13: 3, 14: 0, 15: 3, 16: 0, 17: 3, 18: 0, 19: 0, 20: 2, 21: 0, 22: 0, 23: 0, 24: 1, 25: 3, 26: 0, 27: 4, 28: 0, 29: 3, 30: 3, 31: 3, 32: 3, 33: 0, 34: 3, 35: 0, 36: 0, 37: 0, 38: 0, 39: 2}
[crazychoir_task_assignment_webots_guidance-12] [INFO] [1745255591.900002699] [agent_1.guidance]: AGENT 1 get_result: PATH AFTER UPDATE: [24]
[crazychoir_task_assignment_webots_guidance-22] [INFO] [1745255591.900177866] [agent_3.guidance]: AGENT 3 get_result: UPDATING PATH
[crazychoir_task_assignment_webots_guidance-27] [INFO] [1745255591.900655416] [agent_4.guidance]: AGENT 4 get_result: PATH BEFORE UPDATE: []
[crazychoir_task_assignment_webots_guidance-7] [INFO] [1745255591.900761052] [agent_0.guidance]: AGENT 0 get_result: UPDATING PATH
[crazychoir_task_assignment_webots_guidance-32] [INFO] [1745255591.901055328] [agent_5.guidance]: AGENT 5 ENTERING UPDATE
[crazychoir_task_assignment_webots_guidance-17] [INFO] [1745255591.901205426] [agent_2.guidance]: AGENT 2 ADDING Best task: 20 with score: 0.9766997940038082
[crazychoir_task_assignment_webots_guidance-22] [INFO] [1745255591.902028894] [agent_3.guidance]: AGENT 3 ENTERING UPDATE
[crazychoir_task_assignment_webots_guidance-27] [INFO] [1745255591.902262435] [agent_4.guidance]: AGENT 4 get_result: FINAL WINNERS: {0: 3, 1: 0, 2: 3, 3: 3, 4: 3, 5: 0, 6: 3, 7: 0, 8: 0, 9: 3, 10: 0, 11: 0, 12: 0, 13: 3, 14: 0, 15: 3, 16: 0, 17: 3, 18: 0, 19: 0, 20: 2, 21: 0, 22: 0, 23: 0, 24: 1, 25: 3, 26: 0, 27: 4, 28: 0, 29: 3, 30: 3, 31: 3, 32: 3, 33: 0, 34: 3, 35: 0, 36: 0, 37: 0, 38: 0, 39: 2}
[crazychoir_task_assignment_webots_guidance-27] [INFO] [1745255591.903675720] [agent_4.guidance]: AGENT 4 get_result: UPDATING PATH
[crazychoir_task_assignment_webots_guidance-32] [INFO] [1745255591.902662670] [agent_5.guidance]: AGENT 5 ASSIGNED TASKS: []
[crazychoir_task_assignment_webots_guidance-32] [INFO] [1745255591.903918831] [agent_5.guidance]: AGENT 5 get_result: PATH AFTER UPDATE: []
[crazychoir_task_assignment_webots_guidance-17] [INFO] [1745255591.903142108] [agent_2.guidance]: AGENT 2 Removing from remaining tasks: 20
[crazychoir_task_assignment_webots_guidance-17] [INFO] [1745255591.904285271] [agent_2.guidance]: AGENT 2 Remaining tasks: [20, 39]
[crazychoir_task_assignment_webots_guidance-12] [INFO] [1745255591.903223358] [agent_1.guidance]: AGENT 1 get_result: TASK 24 FOUND IN TASK MAP. NOW ADDING
[crazychoir_task_assignment_webots_guidance-12] [WARN] [1745255591.904599414] [agent_1.guidance]: AGENT 1 get_result: FINAL ASSIGNED TASKS: [24] NOW EXITING
[crazychoir_task_assignment_webots_guidance-12] [INFO] [1745255591.905650499] [agent_1.guidance]: AGENT 1 Optimization result: [24]
[crazychoir_task_assignment_webots_guidance-27] [INFO] [1745255591.906578791] [agent_4.guidance]: AGENT 4 ENTERING UPDATE
[crazychoir_task_assignment_webots_guidance-27] [INFO] [1745255591.909088337] [agent_4.guidance]: AGENT 4 ASSIGNED TASKS: [27]
[crazychoir_task_assignment_webots_guidance-27] [INFO] [1745255591.910270728] [agent_4.guidance]: AGENT 4 checking task Task(id=27, coordinates=array('d', [-0.013235312296165702, -1.905327572572759]), value=1, seq_num=27)
[crazychoir_task_assignment_webots_guidance-27] [INFO] [1745255591.911390486] [agent_4.guidance]: ***AGENT 4 Score for task 27: 0.9794131948178363
[crazychoir_task_assignment_webots_guidance-12] [INFO] [1745255591.906733439] [agent_1.guidance]: AGENT 1 task queue: [24]
[crazychoir_task_assignment_webots_guidance-12] [WARN] [1745255591.910803196] [agent_1.guidance]: ********AGENT 1 Entered start_new_task******
[crazychoir_task_assignment_webots_guidance-17] [INFO] [1745255591.907262788] [agent_2.guidance]: AGENT 2 Remaining tasks AFTER UPDATE: [39]
[crazychoir_task_assignment_webots_guidance-17] [INFO] [1745255591.909690770] [agent_2.guidance]: AGENT 2 checking task Task(id=39, coordinates=array('d', [-0.8180979177309728, 1.606548205984474]), value=1, seq_num=39)
[crazychoir_task_assignment_webots_guidance-17] [INFO] [1745255591.911084691] [agent_2.guidance]: ***AGENT 2 Score for task 39: 0.9555807049202674
[crazychoir_task_assignment_webots_guidance-22] [INFO] [1745255591.908660145] [agent_3.guidance]: AGENT 3 ASSIGNED TASKS: [0, 2, 3, 4, 6, 9, 13, 15, 17, 25, 29, 30, 31, 32, 34]
[crazychoir_task_assignment_webots_guidance-22] [INFO] [1745255591.910981588] [agent_3.guidance]: AGENT 3 checking task Task(id=0, coordinates=array('d', [2.8021790340820605, 0.28339349505433375]), value=1, seq_num=0)
[crazychoir_task_assignment_webots_guidance-7] [INFO] [1745255591.908729297] [agent_0.guidance]: AGENT 0 ENTERING UPDATE
[crazychoir_task_assignment_webots_guidance-7] [INFO] [1745255591.911344768] [agent_0.guidance]: AGENT 0 ASSIGNED TASKS: [1, 5, 7, 8, 10, 11, 12, 14, 16, 18, 19, 21, 22, 23, 26, 28, 33, 35, 36, 37, 38]
[crazychoir_task_assignment_webots_guidance-32] [WARN] [1745255591.910577652] [agent_5.guidance]: AGENT 5 get_result: FINAL ASSIGNED TASKS: [] NOW EXITING
[crazychoir_task_assignment_webots_guidance-32] [INFO] [1745255591.911644438] [agent_5.guidance]: AGENT 5 Optimization result: []
[crazychoir_task_assignment_webots_guidance-12] [INFO] [1745255591.911838015] [agent_1.guidance]: Got new task (seq_num 24) - starting execution
[crazychoir_task_assignment_webots_guidance-22] [INFO] [1745255591.912152401] [agent_3.guidance]: ***AGENT 3 Score for task 0: 0.813965933429029
[crazychoir_task_assignment_webots_guidance-17] [INFO] [1745255591.912306851] [agent_2.guidance]: AGENT 2 ADDING Best task: 39 with score: 0.9555807049202674
[crazychoir_task_assignment_webots_guidance-27] [INFO] [1745255591.912398885] [agent_4.guidance]: AGENT 4 ADDING Best task: 27 with score: 0.9794131948178363
[crazychoir_task_assignment_webots_guidance-7] [INFO] [1745255591.912522454] [agent_0.guidance]: AGENT 0 checking task Task(id=1, coordinates=array('d', [2.8361061597893062, 1.2888959620461877]), value=1, seq_num=1)
[crazychoir_task_assignment_webots_guidance-32] [INFO] [1745255591.912755704] [agent_5.guidance]: AGENT 5 task queue: []
[crazychoir_task_assignment_webots_guidance-27] [INFO] [1745255591.913152600] [agent_4.guidance]: AGENT 4 Removing from remaining tasks: 27
[crazychoir_task_assignment_webots_guidance-27] [INFO] [1745255591.913911221] [agent_4.guidance]: AGENT 4 Remaining tasks: [27]
[crazychoir_task_assignment_webots_guidance-22] [INFO] [1745255591.913172301] [agent_3.guidance]: AGENT 3 checking task Task(id=2, coordinates=array('d', [1.1863729475836244, -1.7034630265177417]), value=1, seq_num=2)
[crazychoir_task_assignment_webots_guidance-7] [INFO] [1745255591.913345799] [agent_0.guidance]: ***AGENT 0 Score for task 1: 0.909065087147123
[crazychoir_task_assignment_webots_guidance-7] [INFO] [1745255591.914119898] [agent_0.guidance]: AGENT 0 checking task Task(id=5, coordinates=array('d', [1.6762975307625148, -1.8138895523984815]), value=1, seq_num=5)
[crazychoir_task_assignment_webots_guidance-17] [INFO] [1745255591.913453895] [agent_2.guidance]: AGENT 2 Removing from remaining tasks: 39
[crazychoir_task_assignment_webots_guidance-17] [INFO] [1745255591.914360761] [agent_2.guidance]: AGENT 2 Remaining tasks: [39]
[crazychoir_task_assignment_webots_guidance-22] [INFO] [1745255591.914604048] [agent_3.guidance]: ***AGENT 3 Score for task 2: 0.8888665493684408
[crazychoir_task_assignment_webots_guidance-27] [INFO] [1745255591.914632827] [agent_4.guidance]: AGENT 4 Remaining tasks AFTER UPDATE: []
[crazychoir_task_assignment_webots_guidance-7] [INFO] [1745255591.914909412] [agent_0.guidance]: ***AGENT 0 Score for task 5: 0.8620484281825187
[crazychoir_task_assignment_webots_guidance-17] [INFO] [1745255591.915281733] [agent_2.guidance]: AGENT 2 Remaining tasks AFTER UPDATE: []
[crazychoir_task_assignment_webots_guidance-27] [INFO] [1745255591.915367121] [agent_4.guidance]: AGENT 4 get_result: PATH AFTER UPDATE: [27]
[crazychoir_task_assignment_webots_guidance-22] [INFO] [1745255591.915493661] [agent_3.guidance]: AGENT 3 checking task Task(id=3, coordinates=array('d', [2.8576467286574507, -2.962618468772461]), value=1, seq_num=3)
[crazychoir_task_assignment_webots_guidance-7] [INFO] [1745255591.915655465] [agent_0.guidance]: AGENT 0 checking task Task(id=7, coordinates=array('d', [-2.0169465515718077, 0.584003663597155]), value=1, seq_num=7)
[crazychoir_task_assignment_webots_guidance-32] [WARN] [1745255591.915945014] [agent_5.guidance]: ********AGENT 5 Entered start_new_task******
[crazychoir_task_assignment_webots_guidance-27] [INFO] [1745255591.916091046] [agent_4.guidance]: AGENT 4 get_result: TASK 27 FOUND IN TASK MAP. NOW ADDING
[crazychoir_task_assignment_webots_guidance-22] [INFO] [1745255591.916286118] [agent_3.guidance]: ***AGENT 3 Score for task 3: 0.800909275017735
[crazychoir_task_assignment_webots_guidance-7] [INFO] [1745255591.916429688] [agent_0.guidance]: ***AGENT 0 Score for task 7: 0.85537671885515
[crazychoir_task_assignment_webots_guidance-27] [WARN] [1745255591.916939255] [agent_4.guidance]: AGENT 4 get_result: FINAL ASSIGNED TASKS: [27] NOW EXITING
[crazychoir_task_assignment_webots_guidance-32] [WARN] [1745255591.916951503] [agent_5.guidance]: ********AGENT 5 start_new_task: Queue is EMPTY.******
[crazychoir_task_assignment_webots_guidance-22] [INFO] [1745255591.917028149] [agent_3.guidance]: AGENT 3 checking task Task(id=4, coordinates=array('d', [-1.4821058256993362, -0.39125080557332526]), value=1, seq_num=4)
[crazychoir_task_assignment_webots_guidance-7] [INFO] [1745255591.917167618] [agent_0.guidance]: AGENT 0 checking task Task(id=8, coordinates=array('d', [-2.9460834139946703, -0.6805723041382237]), value=1, seq_num=8)
[crazychoir_task_assignment_webots_guidance-7] [INFO] [1745255591.918006503] [agent_0.guidance]: ***AGENT 0 Score for task 8: 0.8025194468595105
[crazychoir_task_assignment_webots_planner-14] [INFO] [1745255591.917261215] [agent_1.planner]: Moving robot to position [0.32844518 0.74958506]
[crazychoir_task_assignment_webots_guidance-27] [INFO] [1745255591.917690067] [agent_4.guidance]: AGENT 4 Optimization result: [27]
[crazychoir_task_assignment_webots_guidance-17] [INFO] [1745255591.918270560] [agent_2.guidance]: AGENT 2 get_result: PATH AFTER UPDATE: [20, 39]
[crazychoir_task_assignment_webots_guidance-27] [INFO] [1745255591.918473137] [agent_4.guidance]: AGENT 4 task queue: [27]
[crazychoir_task_assignment_webots_guidance-7] [INFO] [1745255591.918766854] [agent_0.guidance]: AGENT 0 checking task Task(id=10, coordinates=array('d', [-0.3831201187212141, 2.6938638406893762]), value=1, seq_num=10)
[crazychoir_task_assignment_webots_guidance-22] [INFO] [1745255591.919104315] [agent_3.guidance]: ***AGENT 3 Score for task 4: 0.9609519480321572
[crazychoir_task_assignment_webots_guidance-17] [INFO] [1745255591.919376011] [agent_2.guidance]: AGENT 2 get_result: TASK 20 FOUND IN TASK MAP. NOW ADDING
[crazychoir_task_assignment_webots_guidance-7] [INFO] [1745255591.919546429] [agent_0.guidance]: ***AGENT 0 Score for task 10: 0.8938928466858604
[crazychoir_task_assignment_webots_guidance-22] [INFO] [1745255591.919978212] [agent_3.guidance]: AGENT 3 checking task Task(id=6, coordinates=array('d', [2.1779594135953335, 2.9004040630518766]), value=1, seq_num=6)
[crazychoir_task_assignment_webots_guidance-22] [INFO] [1745255591.920799834] [agent_3.guidance]: ***AGENT 3 Score for task 6: 0.7725451646229283
[crazychoir_task_assignment_webots_guidance-22] [INFO] [1745255591.924035975] [agent_3.guidance]: AGENT 3 checking task Task(id=9, coordinates=array('d', [-2.7350396524110026, 2.7399178062854155]), value=1, seq_num=9)
[crazychoir_task_assignment_webots_guidance-7] [INFO] [1745255591.920318995] [agent_0.guidance]: AGENT 0 checking task Task(id=11, coordinates=array('d', [1.7178359156103653, 2.1977357914901905]), value=1, seq_num=11)
[crazychoir_task_assignment_webots_guidance-7] [INFO] [1745255591.921107089] [agent_0.guidance]: ***AGENT 0 Score for task 11: 0.9308802773221991
[crazychoir_task_assignment_webots_guidance-7] [INFO] [1745255591.921859431] [agent_0.guidance]: AGENT 0 checking task Task(id=12, coordinates=array('d', [-1.961007471024311, -2.550308477921358]), value=1, seq_num=12)
[crazychoir_task_assignment_webots_guidance-7] [INFO] [1745255591.922502083] [agent_0.guidance]: ***AGENT 0 Score for task 12: 0.7888890398709204
[crazychoir_task_assignment_webots_guidance-7] [INFO] [1745255591.923986615] [agent_0.guidance]: AGENT 0 checking task Task(id=14, coordinates=array('d', [1.4002810050634196, -0.5493368390879114]), value=1, seq_num=14)
[crazychoir_task_assignment_webots_guidance-7] [INFO] [1745255591.924672949] [agent_0.guidance]: ***AGENT 0 Score for task 14: 0.9211982578410806
[crazychoir_task_assignment_webots_planner-14] [INFO] [1745255591.920479530] [agent_1.planner]: Goal [0.3284451776553512, 0.7495850643845863, 0.65] sent
[crazychoir_task_assignment_webots_guidance-27] [WARN] [1745255591.920771714] [agent_4.guidance]: ********AGENT 4 Entered start_new_task******
[crazychoir_task_assignment_webots_guidance-27] [INFO] [1745255591.921564083] [agent_4.guidance]: Got new task (seq_num 27) - starting execution
[crazychoir_task_assignment_webots_guidance-17] [INFO] [1745255591.921444255] [agent_2.guidance]: AGENT 2 get_result: TASK 39 FOUND IN TASK MAP. NOW ADDING
[crazychoir_task_assignment_webots_guidance-17] [WARN] [1745255591.923097076] [agent_2.guidance]: AGENT 2 get_result: FINAL ASSIGNED TASKS: [20, 39] NOW EXITING
[crazychoir_task_assignment_webots_guidance-17] [INFO] [1745255591.923760055] [agent_2.guidance]: AGENT 2 Optimization result: [20, 39]
[crazychoir_task_assignment_webots_guidance-17] [INFO] [1745255591.924654241] [agent_2.guidance]: AGENT 2 task queue: [20, 39]
[crazychoir_task_assignment_webots_guidance-22] [INFO] [1745255591.924725047] [agent_3.guidance]: ***AGENT 3 Score for task 9: 0.809392613338168
[crazychoir_task_assignment_webots_guidance-7] [INFO] [1745255591.925278641] [agent_0.guidance]: AGENT 0 checking task Task(id=16, coordinates=array('d', [0.13017673466974777, -2.350839702676616]), value=1, seq_num=16)
[crazychoir_task_assignment_webots_guidance-22] [INFO] [1745255591.925332790] [agent_3.guidance]: AGENT 3 checking task Task(id=13, coordinates=array('d', [0.6044563282666156, -1.992166897689577]), value=1, seq_num=13)
[crazychoir_task_assignment_webots_guidance-7] [INFO] [1745255591.925913751] [agent_0.guidance]: ***AGENT 0 Score for task 16: 0.8373006981754314
[crazychoir_task_assignment_webots_guidance-22] [INFO] [1745255591.925980598] [agent_3.guidance]: ***AGENT 3 Score for task 13: 0.9077720430071866
[crazychoir_task_assignment_webots_guidance-17] [WARN] [1745255591.926365219] [agent_2.guidance]: ********AGENT 2 Entered start_new_task******
[crazychoir_task_assignment_webots_guidance-7] [INFO] [1745255591.926509310] [agent_0.guidance]: AGENT 0 checking task Task(id=18, coordinates=array('d', [0.14642448041084055, 0.8256614647559619]), value=1, seq_num=18)
[crazychoir_task_assignment_webots_guidance-22] [INFO] [1745255591.926590241] [agent_3.guidance]: AGENT 3 checking task Task(id=15, coordinates=array('d', [0.16745294050752202, 2.625429503705652]), value=1, seq_num=15)
[crazychoir_task_assignment_webots_guidance-17] [INFO] [1745255591.927002239] [agent_2.guidance]: Got new task (seq_num 20) - starting execution
[crazychoir_task_assignment_webots_guidance-7] [INFO] [1745255591.927129971] [agent_0.guidance]: ***AGENT 0 Score for task 18: 0.9562971478768167
[crazychoir_task_assignment_webots_guidance-22] [INFO] [1745255591.927219328] [agent_3.guidance]: ***AGENT 3 Score for task 15: 0.8225351446195882
[crazychoir_task_assignment_webots_guidance-7] [INFO] [1745255591.927720238] [agent_0.guidance]: AGENT 0 checking task Task(id=19, coordinates=array('d', [-0.5910273384583626, 0.898830654116054]), value=1, seq_num=19)
[crazychoir_task_assignment_webots_guidance-22] [INFO] [1745255591.927813321] [agent_3.guidance]: AGENT 3 checking task Task(id=17, coordinates=array('d', [-2.0506595568912034, 0.2712159102192766]), value=1, seq_num=17)
[crazychoir_task_assignment_webots_guidance-7] [INFO] [1745255591.928346566] [agent_0.guidance]: ***AGENT 0 Score for task 19: 0.9214803236404557
[crazychoir_task_assignment_webots_guidance-22] [INFO] [1745255591.928435996] [agent_3.guidance]: ***AGENT 3 Score for task 17: 0.9188860750205291
[crazychoir_task_assignment_webots_guidance-7] [INFO] [1745255591.928930926] [agent_0.guidance]: AGENT 0 checking task Task(id=21, coordinates=array('d', [1.6044298025407429, -1.926156539753215]), value=1, seq_num=21)
[crazychoir_task_assignment_webots_guidance-22] [INFO] [1745255591.929025891] [agent_3.guidance]: AGENT 3 checking task Task(id=25, coordinates=array('d', [2.3730069963368763, -0.8228784694012417]), value=1, seq_num=25)
[crazychoir_task_assignment_webots_planner-29] [INFO] [1745255591.929220619] [agent_4.planner]: Moving robot to position [-0.01323531 -1.90532757]
[crazychoir_task_assignment_webots_guidance-7] [INFO] [1745255591.929553808] [agent_0.guidance]: ***AGENT 0 Score for task 21: 0.8579059606105897
[crazychoir_task_assignment_webots_guidance-22] [INFO] [1745255591.929652798] [agent_3.guidance]: ***AGENT 3 Score for task 25: 0.8409265041965764
[crazychoir_task_assignment_webots_guidance-7] [INFO] [1745255591.930143741] [agent_0.guidance]: AGENT 0 checking task Task(id=22, coordinates=array('d', [-0.7465453884747459, 0.015198355961606236]), value=1, seq_num=22)
[crazychoir_task_assignment_webots_planner-29] [INFO] [1745255591.930174863] [agent_4.planner]: Goal [-0.013235312296165702, -1.905327572572759, 1.1] sent
[crazychoir_task_assignment_webots_guidance-22] [INFO] [1745255591.930250148] [agent_3.guidance]: AGENT 3 checking task Task(id=29, coordinates=array('d', [1.9811286125900773, -0.49934217192982455]), value=1, seq_num=29)
[crazychoir_task_assignment_webots_guidance-7] [INFO] [1745255591.930728056] [agent_0.guidance]: ***AGENT 0 Score for task 22: 0.9022659134146562
[crazychoir_task_assignment_webots_guidance-7] [INFO] [1745255591.931224428] [agent_0.guidance]: AGENT 0 checking task Task(id=23, coordinates=array('d', [1.1200024794980745, -1.477922108031701]), value=1, seq_num=23)
[crazychoir_task_assignment_webots_guidance-7] [INFO] [1745255591.931750288] [agent_0.guidance]: ***AGENT 0 Score for task 23: 0.880513738661152
[crazychoir_task_assignment_webots_guidance-7] [INFO] [1745255591.933072070] [agent_0.guidance]: AGENT 0 checking task Task(id=26, coordinates=array('d', [0.8253424381124201, -1.8513215872862199]), value=1, seq_num=26)
[crazychoir_task_assignment_webots_guidance-22] [INFO] [1745255591.933267301] [agent_3.guidance]: ***AGENT 3 Score for task 29: 0.8563695096174859
[crazychoir_task_assignment_webots_guidance-7] [INFO] [1745255591.933650635] [agent_0.guidance]: ***AGENT 0 Score for task 26: 0.86370171684362
[crazychoir_task_assignment_webots_guidance-22] [INFO] [1745255591.933834018] [agent_3.guidance]: AGENT 3 checking task Task(id=30, coordinates=array('d', [2.428005532460202, -0.5710486961345635]), value=1, seq_num=30)
[crazychoir_task_assignment_webots_planner-19] [INFO] [1745255591.933837709] [agent_2.planner]: Moving robot to position [-0.61859998  0.74349668]
[crazychoir_task_assignment_webots_guidance-7] [INFO] [1745255591.934158808] [agent_0.guidance]: AGENT 0 checking task Task(id=28, coordinates=array('d', [2.510298234838576, -0.409067571952634]), value=1, seq_num=28)
[crazychoir_task_assignment_webots_guidance-22] [INFO] [1745255591.934390705] [agent_3.guidance]: ***AGENT 3 Score for task 30: 0.8376081062348854
[crazychoir_task_assignment_webots_guidance-7] [INFO] [1745255591.934669146] [agent_0.guidance]: ***AGENT 0 Score for task 28: 0.8994709170140303
[crazychoir_task_assignment_webots_guidance-22] [INFO] [1745255591.934892982] [agent_3.guidance]: AGENT 3 checking task Task(id=31, coordinates=array('d', [-1.0129529814532636, 0.43283262163649194]), value=1, seq_num=31)
[crazychoir_task_assignment_webots_guidance-7] [INFO] [1745255591.935155789] [agent_0.guidance]: AGENT 0 checking task Task(id=33, coordinates=array('d', [0.5741287024100066, -2.4920303338775387]), value=1, seq_num=33)
[crazychoir_task_assignment_webots_guidance-22] [INFO] [1745255591.935407948] [agent_3.guidance]: ***AGENT 3 Score for task 31: 0.9291382748706611
[crazychoir_task_assignment_webots_guidance-7] [INFO] [1745255591.935661399] [agent_0.guidance]: ***AGENT 0 Score for task 33: 0.8348987330334465
[crazychoir_task_assignment_webots_guidance-22] [INFO] [1745255591.935901056] [agent_3.guidance]: AGENT 3 checking task Task(id=32, coordinates=array('d', [2.07266189456468, 2.1660858705184314]), value=1, seq_num=32)
[crazychoir_task_assignment_webots_guidance-7] [INFO] [1745255591.936149435] [agent_0.guidance]: AGENT 0 checking task Task(id=35, coordinates=array('d', [1.3955606915398064, 2.3679077539004325]), value=1, seq_num=35)
[crazychoir_task_assignment_webots_guidance-22] [INFO] [1745255591.936441143] [agent_3.guidance]: ***AGENT 3 Score for task 32: 0.7974758479226016
[crazychoir_task_assignment_webots_guidance-7] [INFO] [1745255591.936663569] [agent_0.guidance]: ***AGENT 0 Score for task 35: 0.9295643906883307
[crazychoir_task_assignment_webots_guidance-22] [INFO] [1745255591.936933991] [agent_3.guidance]: AGENT 3 checking task Task(id=34, coordinates=array('d', [0.5835996439150497, -1.5272777485013873]), value=1, seq_num=34)
[crazychoir_task_assignment_webots_guidance-7] [INFO] [1745255591.937145595] [agent_0.guidance]: AGENT 0 checking task Task(id=36, coordinates=array('d', [0.0884038254788706, 0.6213810621612383]), value=1, seq_num=36)
[crazychoir_task_assignment_webots_planner-19] [INFO] [1745255591.937143005] [agent_2.planner]: Goal [-0.618599982589604, 0.7434966812893382, 0.8] sent
[crazychoir_task_assignment_webots_guidance-22] [INFO] [1745255591.937460212] [agent_3.guidance]: ***AGENT 3 Score for task 34: 0.917950024654218
[crazychoir_task_assignment_webots_guidance-22] [INFO] [1745255591.937938938] [agent_3.guidance]: AGENT 3 ADDING Best task: 4 with score: 0.9609519480321572
[crazychoir_task_assignment_webots_guidance-7] [INFO] [1745255591.938045747] [agent_0.guidance]: ***AGENT 0 Score for task 36: 0.9506289684849976
[crazychoir_task_assignment_webots_guidance-22] [INFO] [1745255591.938418065] [agent_3.guidance]: AGENT 3 Removing from remaining tasks: 4
[crazychoir_task_assignment_webots_guidance-7] [INFO] [1745255591.938545367] [agent_0.guidance]: AGENT 0 checking task Task(id=37, coordinates=array('d', [-2.6095931257031557, 0.24044837785683804]), value=1, seq_num=37)
[crazychoir_task_assignment_webots_guidance-22] [INFO] [1745255591.938897332] [agent_3.guidance]: AGENT 3 Remaining tasks: [0, 2, 3, 4, 6, 9, 13, 15, 17, 25, 29, 30, 31, 32, 34]
[crazychoir_task_assignment_webots_guidance-7] [INFO] [1745255591.939063878] [agent_0.guidance]: ***AGENT 0 Score for task 37: 0.8276188061083022
[crazychoir_task_assignment_webots_guidance-22] [INFO] [1745255591.939377492] [agent_3.guidance]: AGENT 3 Remaining tasks AFTER UPDATE: [0, 2, 3, 6, 9, 13, 15, 17, 25, 29, 30, 31, 32, 34]
[crazychoir_task_assignment_webots_guidance-22] [INFO] [1745255591.939831483] [agent_3.guidance]: AGENT 3 checking task Task(id=0, coordinates=array('d', [2.8021790340820605, 0.28339349505433375]), value=1, seq_num=0)
[crazychoir_task_assignment_webots_guidance-22] [INFO] [1745255591.940293179] [agent_3.guidance]: ***AGENT 3 Score for task 0: 0.8005446298304247
[crazychoir_task_assignment_webots_guidance-7] [INFO] [1745255591.939579486] [agent_0.guidance]: AGENT 0 checking task Task(id=38, coordinates=array('d', [-2.224879297977374, 0.6873770781019921]), value=1, seq_num=38)
[crazychoir_task_assignment_webots_guidance-7] [INFO] [1745255591.940027666] [agent_0.guidance]: ***AGENT 0 Score for task 38: 0.8468852157055207
[crazychoir_task_assignment_webots_guidance-7] [INFO] [1745255591.940445960] [agent_0.guidance]: AGENT 0 ADDING Best task: 18 with score: 0.9562971478768167
[crazychoir_task_assignment_webots_guidance-22] [INFO] [1745255591.940719682] [agent_3.guidance]: AGENT 3 checking task Task(id=2, coordinates=array('d', [1.1863729475836244, -1.7034630265177417]), value=1, seq_num=2)
[crazychoir_task_assignment_webots_guidance-7] [INFO] [1745255591.940853128] [agent_0.guidance]: AGENT 0 Removing from remaining tasks: 18
[crazychoir_task_assignment_webots_guidance-7] [INFO] [1745255591.941257075] [agent_0.guidance]: AGENT 0 Remaining tasks: [1, 5, 7, 8, 10, 11, 12, 14, 16, 18, 19, 21, 22, 23, 26, 28, 33, 35, 36, 37, 38]
[crazychoir_task_assignment_webots_guidance-7] [INFO] [1745255591.942341684] [agent_0.guidance]: AGENT 0 Remaining tasks AFTER UPDATE: [1, 5, 7, 8, 10, 11, 12, 14, 16, 19, 21, 22, 23, 26, 28, 33, 35, 36, 37, 38]
[crazychoir_task_assignment_webots_guidance-22] [INFO] [1745255591.942598244] [agent_3.guidance]: ***AGENT 3 Score for task 2: 0.8585339594297204
[crazychoir_task_assignment_webots_guidance-7] [INFO] [1745255591.942799749] [agent_0.guidance]: AGENT 0 checking task Task(id=1, coordinates=array('d', [2.8361061597893062, 1.2888959620461877]), value=1, seq_num=1)
[crazychoir_task_assignment_webots_guidance-22] [INFO] [1745255591.943072106] [agent_3.guidance]: AGENT 3 checking task Task(id=3, coordinates=array('d', [2.8576467286574507, -2.962618468772461]), value=1, seq_num=3)
[crazychoir_task_assignment_webots_guidance-7] [INFO] [1745255591.943266942] [agent_0.guidance]: ***AGENT 0 Score for task 1: 0.8693636219449374
[crazychoir_task_assignment_webots_guidance-22] [INFO] [1745255591.943535922] [agent_3.guidance]: ***AGENT 3 Score for task 3: 0.7720230225862281
[crazychoir_task_assignment_webots_guidance-7] [INFO] [1745255591.943685165] [agent_0.guidance]: AGENT 0 checking task Task(id=5, coordinates=array('d', [1.6762975307625148, -1.8138895523984815]), value=1, seq_num=5)
[crazychoir_task_assignment_webots_guidance-22] [INFO] [1745255591.943955067] [agent_3.guidance]: AGENT 3 checking task Task(id=6, coordinates=array('d', [2.1779594135953335, 2.9004040630518766]), value=1, seq_num=6)
[crazychoir_task_assignment_webots_guidance-7] [INFO] [1745255591.944126197] [agent_0.guidance]: ***AGENT 0 Score for task 5: 0.8551412552311064
[crazychoir_task_assignment_webots_guidance-22] [INFO] [1745255591.944394591] [agent_3.guidance]: ***AGENT 3 Score for task 6: 0.7768627615512258
[crazychoir_task_assignment_webots_guidance-7] [INFO] [1745255591.944542315] [agent_0.guidance]: AGENT 0 checking task Task(id=7, coordinates=array('d', [-2.0169465515718077, 0.584003663597155]), value=1, seq_num=7)
[crazychoir_task_assignment_webots_guidance-22] [INFO] [1745255591.944809562] [agent_3.guidance]: AGENT 3 checking task Task(id=9, coordinates=array('d', [-2.7350396524110026, 2.7399178062854155]), value=1, seq_num=9)
[crazychoir_task_assignment_webots_guidance-7] [INFO] [1745255591.944985491] [agent_0.guidance]: ***AGENT 0 Score for task 7: 0.8943513322307659
[crazychoir_task_assignment_webots_guidance-22] [INFO] [1745255591.945247383] [agent_3.guidance]: ***AGENT 3 Score for task 9: 0.8411469131708884
[crazychoir_task_assignment_webots_guidance-7] [INFO] [1745255591.945410131] [agent_0.guidance]: AGENT 0 checking task Task(id=8, coordinates=array('d', [-2.9460834139946703, -0.6805723041382237]), value=1, seq_num=8)
[crazychoir_task_assignment_webots_guidance-22] [INFO] [1745255591.945670586] [agent_3.guidance]: AGENT 3 checking task Task(id=13, coordinates=array('d', [0.6044563282666156, -1.992166897689577]), value=1, seq_num=13)
[crazychoir_task_assignment_webots_guidance-7] [INFO] [1745255591.945848295] [agent_0.guidance]: ***AGENT 0 Score for task 8: 0.8382494265768958
[crazychoir_task_assignment_webots_guidance-22] [INFO] [1745255591.946110819] [agent_3.guidance]: ***AGENT 3 Score for task 13: 0.8738040216960267
[crazychoir_task_assignment_webots_guidance-7] [INFO] [1745255591.946260669] [agent_0.guidance]: AGENT 0 checking task Task(id=10, coordinates=array('d', [-0.3831201187212141, 2.6938638406893762]), value=1, seq_num=10)
[crazychoir_task_assignment_webots_guidance-22] [INFO] [1745255591.946525774] [agent_3.guidance]: AGENT 3 checking task Task(id=15, coordinates=array('d', [0.16745294050752202, 2.625429503705652]), value=1, seq_num=15)
[crazychoir_task_assignment_webots_guidance-7] [INFO] [1745255591.946695695] [agent_0.guidance]: ***AGENT 0 Score for task 10: 0.9051981075463429
[crazychoir_task_assignment_webots_guidance-22] [INFO] [1745255591.946961264] [agent_3.guidance]: ***AGENT 3 Score for task 15: 0.8383178248095553
[crazychoir_task_assignment_webots_guidance-7] [INFO] [1745255591.947107583] [agent_0.guidance]: AGENT 0 checking task Task(id=11, coordinates=array('d', [1.7178359156103653, 2.1977357914901905]), value=1, seq_num=11)
[crazychoir_task_assignment_webots_guidance-22] [INFO] [1745255591.947376054] [agent_3.guidance]: AGENT 3 checking task Task(id=17, coordinates=array('d', [-2.0506595568912034, 0.2712159102192766]), value=1, seq_num=17)
[crazychoir_task_assignment_webots_guidance-7] [INFO] [1745255591.947539758] [agent_0.guidance]: ***AGENT 0 Score for task 11: 0.8985218298930229
[crazychoir_task_assignment_webots_guidance-22] [INFO] [1745255591.947812822] [agent_3.guidance]: ***AGENT 3 Score for task 17: 0.9562091160166916
[crazychoir_task_assignment_webots_guidance-7] [INFO] [1745255591.947958334] [agent_0.guidance]: AGENT 0 checking task Task(id=12, coordinates=array('d', [-1.961007471024311, -2.550308477921358]), value=1, seq_num=12)
[crazychoir_task_assignment_webots_guidance-7] [INFO] [1745255591.948403501] [agent_0.guidance]: ***AGENT 0 Score for task 12: 0.8153525380287202
[crazychoir_task_assignment_webots_guidance-7] [INFO] [1745255591.948786562] [agent_0.guidance]: AGENT 0 checking task Task(id=14, coordinates=array('d', [1.4002810050634196, -0.5493368390879114]), value=1, seq_num=14)
[crazychoir_task_assignment_webots_guidance-7] [INFO] [1745255591.949171630] [agent_0.guidance]: ***AGENT 0 Score for task 14: 0.9089644295114045
[crazychoir_task_assignment_webots_guidance-7] [INFO] [1745255591.950137344] [agent_0.guidance]: AGENT 0 checking task Task(id=16, coordinates=array('d', [0.13017673466974777, -2.350839702676616]), value=1, seq_num=16)
[crazychoir_task_assignment_webots_guidance-22] [INFO] [1745255591.948232860] [agent_3.guidance]: AGENT 3 checking task Task(id=25, coordinates=array('d', [2.3730069963368763, -0.8228784694012417]), value=1, seq_num=25)
[crazychoir_task_assignment_webots_guidance-22] [INFO] [1745255591.948662611] [agent_3.guidance]: ***AGENT 3 Score for task 25: 0.8195687608438567
[crazychoir_task_assignment_webots_guidance-22] [INFO] [1745255591.949031344] [agent_3.guidance]: AGENT 3 checking task Task(id=29, coordinates=array('d', [1.9811286125900773, -0.49934217192982455]), value=1, seq_num=29)
[crazychoir_task_assignment_webots_guidance-22] [INFO] [1745255591.950438971] [agent_3.guidance]: ***AGENT 3 Score for task 29: 0.837170768051734
[crazychoir_task_assignment_webots_guidance-7] [INFO] [1745255591.950570204] [agent_0.guidance]: ***AGENT 0 Score for task 16: 0.8496461239892166
[crazychoir_task_assignment_webots_guidance-22] [INFO] [1745255591.950846328] [agent_3.guidance]: AGENT 3 checking task Task(id=30, coordinates=array('d', [2.428005532460202, -0.5710486961345635]), value=1, seq_num=30)
[crazychoir_task_assignment_webots_guidance-7] [INFO] [1745255591.950942517] [agent_0.guidance]: AGENT 0 checking task Task(id=19, coordinates=array('d', [-0.5910273384583626, 0.898830654116054]), value=1, seq_num=19)
[crazychoir_task_assignment_webots_guidance-22] [INFO] [1745255591.951255257] [agent_3.guidance]: ***AGENT 3 Score for task 30: 0.818096959071789
[crazychoir_task_assignment_webots_guidance-7] [INFO] [1745255591.951325633] [agent_0.guidance]: ***AGENT 0 Score for task 19: 0.9627013248637248
[crazychoir_task_assignment_webots_guidance-22] [INFO] [1745255591.951624333] [agent_3.guidance]: AGENT 3 checking task Task(id=31, coordinates=array('d', [-1.0129529814532636, 0.43283262163649194]), value=1, seq_num=31)
[crazychoir_task_assignment_webots_guidance-7] [INFO] [1745255591.951685643] [agent_0.guidance]: AGENT 0 checking task Task(id=21, coordinates=array('d', [1.6044298025407429, -1.926156539753215]), value=1, seq_num=21)
[crazychoir_task_assignment_webots_guidance-22] [INFO] [1745255591.952010145] [agent_3.guidance]: ***AGENT 3 Score for task 31: 0.9525240304541113
[crazychoir_task_assignment_webots_guidance-7] [INFO] [1745255591.952064142] [agent_0.guidance]: ***AGENT 0 Score for task 21: 0.8523671578628056
[crazychoir_task_assignment_webots_guidance-22] [INFO] [1745255591.952372219] [agent_3.guidance]: AGENT 3 checking task Task(id=32, coordinates=array('d', [2.07266189456468, 2.1660858705184314]), value=1, seq_num=32)
[crazychoir_task_assignment_webots_guidance-7] [INFO] [1745255591.952425552] [agent_0.guidance]: AGENT 0 checking task Task(id=22, coordinates=array('d', [-0.7465453884747459, 0.015198355961606236]), value=1, seq_num=22)
[crazychoir_task_assignment_webots_guidance-22] [INFO] [1745255591.952771412] [agent_3.guidance]: ***AGENT 3 Score for task 32: 0.7988217449183469
[crazychoir_task_assignment_webots_guidance-7] [INFO] [1745255591.952802318] [agent_0.guidance]: ***AGENT 0 Score for task 22: 0.940018554885976
[crazychoir_task_assignment_webots_guidance-22] [INFO] [1745255591.953136501] [agent_3.guidance]: AGENT 3 checking task Task(id=34, coordinates=array('d', [0.5835996439150497, -1.5272777485013873]), value=1, seq_num=34)
[crazychoir_task_assignment_webots_guidance-7] [INFO] [1745255591.953161438] [agent_0.guidance]: AGENT 0 checking task Task(id=23, coordinates=array('d', [1.1200024794980745, -1.477922108031701]), value=1, seq_num=23)
[crazychoir_task_assignment_webots_guidance-22] [INFO] [1745255591.953526757] [agent_3.guidance]: ***AGENT 3 Score for task 34: 0.8861024124193226
[crazychoir_task_assignment_webots_guidance-7] [INFO] [1745255591.953561247] [agent_0.guidance]: ***AGENT 0 Score for task 23: 0.8796089302731581
[crazychoir_task_assignment_webots_guidance-22] [INFO] [1745255591.953884069] [agent_3.guidance]: AGENT 3 ADDING Best task: 17 with score: 0.9562091160166916
[crazychoir_task_assignment_webots_guidance-7] [INFO] [1745255591.953924228] [agent_0.guidance]: AGENT 0 checking task Task(id=26, coordinates=array('d', [0.8253424381124201, -1.8513215872862199]), value=1, seq_num=26)
[crazychoir_task_assignment_webots_guidance-22] [INFO] [1745255591.954231768] [agent_3.guidance]: AGENT 3 Removing from remaining tasks: 17
[crazychoir_task_assignment_webots_guidance-7] [INFO] [1745255591.954298705] [agent_0.guidance]: ***AGENT 0 Score for task 26: 0.867917711155462
[crazychoir_task_assignment_webots_guidance-22] [INFO] [1745255591.954581058] [agent_3.guidance]: AGENT 3 Remaining tasks: [0, 2, 3, 6, 9, 13, 15, 17, 25, 29, 30, 31, 32, 34]
[crazychoir_task_assignment_webots_guidance-7] [INFO] [1745255591.954655054] [agent_0.guidance]: AGENT 0 checking task Task(id=28, coordinates=array('d', [2.510298234838576, -0.409067571952634]), value=1, seq_num=28)
[crazychoir_task_assignment_webots_guidance-22] [INFO] [1745255591.954930312] [agent_3.guidance]: AGENT 3 Remaining tasks AFTER UPDATE: [0, 2, 3, 6, 9, 13, 15, 25, 29, 30, 31, 32, 34]
[crazychoir_task_assignment_webots_guidance-7] [INFO] [1745255591.955034371] [agent_0.guidance]: ***AGENT 0 Score for task 28: 0.8721489618632626
[crazychoir_task_assignment_webots_guidance-22] [INFO] [1745255591.955293185] [agent_3.guidance]: AGENT 3 checking task Task(id=0, coordinates=array('d', [2.8021790340820605, 0.28339349505433375]), value=1, seq_num=0)
[crazychoir_task_assignment_webots_guidance-7] [INFO] [1745255591.955395894] [agent_0.guidance]: AGENT 0 checking task Task(id=33, coordinates=array('d', [0.5741287024100066, -2.4920303338775387]), value=1, seq_num=33)
[crazychoir_task_assignment_webots_guidance-22] [INFO] [1745255591.955677350] [agent_3.guidance]: ***AGENT 3 Score for task 0: 0.7796432293752243
[crazychoir_task_assignment_webots_guidance-7] [INFO] [1745255591.955772396] [agent_0.guidance]: ***AGENT 0 Score for task 33: 0.8423298294836298
[crazychoir_task_assignment_webots_guidance-22] [INFO] [1745255591.956043754] [agent_3.guidance]: AGENT 3 checking task Task(id=2, coordinates=array('d', [1.1863729475836244, -1.7034630265177417]), value=1, seq_num=2)
[crazychoir_task_assignment_webots_guidance-7] [INFO] [1745255591.956134836] [agent_0.guidance]: AGENT 0 checking task Task(id=35, coordinates=array('d', [1.3955606915398064, 2.3679077539004325]), value=1, seq_num=35)
[crazychoir_task_assignment_webots_guidance-22] [INFO] [1745255591.956429705] [agent_3.guidance]: ***AGENT 3 Score for task 2: 0.8232512495326623
[crazychoir_task_assignment_webots_guidance-22] [INFO] [1745255591.956796554] [agent_3.guidance]: AGENT 3 checking task Task(id=3, coordinates=array('d', [2.8576467286574507, -2.962618468772461]), value=1, seq_num=3)
[crazychoir_task_assignment_webots_guidance-22] [INFO] [1745255591.957192238] [agent_3.guidance]: ***AGENT 3 Score for task 3: 0.7397119375974527
[crazychoir_task_assignment_webots_guidance-7] [INFO] [1745255591.956517185] [agent_0.guidance]: ***AGENT 0 Score for task 35: 0.9032105234499336
[crazychoir_task_assignment_webots_guidance-7] [INFO] [1745255591.956883668] [agent_0.guidance]: AGENT 0 checking task Task(id=36, coordinates=array('d', [0.0884038254788706, 0.6213810621612383]), value=1, seq_num=36)
[crazychoir_task_assignment_webots_guidance-7] [INFO] [1745255591.957272639] [agent_0.guidance]: ***AGENT 0 Score for task 36: 0.9891664529314261
[crazychoir_task_assignment_webots_guidance-7] [INFO] [1745255591.958163192] [agent_0.guidance]: AGENT 0 checking task Task(id=37, coordinates=array('d', [-2.6095931257031557, 0.24044837785683804]), value=1, seq_num=37)
[crazychoir_task_assignment_webots_guidance-22] [INFO] [1745255591.958438734] [agent_3.guidance]: AGENT 3 checking task Task(id=6, coordinates=array('d', [2.1779594135953335, 2.9004040630518766]), value=1, seq_num=6)
[crazychoir_task_assignment_webots_guidance-7] [INFO] [1745255591.958549988] [agent_0.guidance]: ***AGENT 0 Score for task 37: 0.8654401592147274
[crazychoir_task_assignment_webots_guidance-22] [INFO] [1745255591.958827071] [agent_3.guidance]: ***AGENT 3 Score for task 6: 0.7746012754588746
[crazychoir_task_assignment_webots_guidance-7] [INFO] [1745255591.958885689] [agent_0.guidance]: AGENT 0 checking task Task(id=38, coordinates=array('d', [-2.224879297977374, 0.6873770781019921]), value=1, seq_num=38)
[crazychoir_task_assignment_webots_guidance-22] [INFO] [1745255591.959162030] [agent_3.guidance]: AGENT 3 checking task Task(id=9, coordinates=array('d', [-2.7350396524110026, 2.7399178062854155]), value=1, seq_num=9)
[crazychoir_task_assignment_webots_guidance-7] [INFO] [1745255591.959228109] [agent_0.guidance]: ***AGENT 0 Score for task 38: 0.8852912200477989
[crazychoir_task_assignment_webots_guidance-22] [INFO] [1745255591.959510597] [agent_3.guidance]: ***AGENT 3 Score for task 9: 0.8768637820194011
[crazychoir_task_assignment_webots_guidance-7] [INFO] [1745255591.959542329] [agent_0.guidance]: AGENT 0 ADDING Best task: 36 with score: 0.9891664529314261
[crazychoir_task_assignment_webots_guidance-22] [INFO] [1745255591.959832517] [agent_3.guidance]: AGENT 3 checking task Task(id=13, coordinates=array('d', [0.6044563282666156, -1.992166897689577]), value=1, seq_num=13)
[crazychoir_task_assignment_webots_guidance-7] [INFO] [1745255591.959849690] [agent_0.guidance]: AGENT 0 Removing from remaining tasks: 36
[crazychoir_task_assignment_webots_guidance-7] [INFO] [1745255591.960155724] [agent_0.guidance]: AGENT 0 Remaining tasks: [1, 5, 7, 8, 10, 11, 12, 14, 16, 19, 21, 22, 23, 26, 28, 33, 35, 36, 37, 38]
[crazychoir_task_assignment_webots_guidance-22] [INFO] [1745255591.960171889] [agent_3.guidance]: ***AGENT 3 Score for task 13: 0.8361409758378845
[crazychoir_task_assignment_webots_guidance-7] [INFO] [1745255591.960462517] [agent_0.guidance]: AGENT 0 Remaining tasks AFTER UPDATE: [1, 5, 7, 8, 10, 11, 12, 14, 16, 19, 21, 22, 23, 26, 28, 33, 35, 37, 38]
[crazychoir_task_assignment_webots_guidance-7] [INFO] [1745255591.960781312] [agent_0.guidance]: AGENT 0 checking task Task(id=1, coordinates=array('d', [2.8361061597893062, 1.2888959620461877]), value=1, seq_num=1)
[crazychoir_task_assignment_webots_guidance-22] [INFO] [1745255591.960494024] [agent_3.guidance]: AGENT 3 checking task Task(id=15, coordinates=array('d', [0.16745294050752202, 2.625429503705652]), value=1, seq_num=15)
[crazychoir_task_assignment_webots_guidance-22] [INFO] [1745255591.960837991] [agent_3.guidance]: ***AGENT 3 Score for task 15: 0.8471216491420402
[crazychoir_task_assignment_webots_guidance-7] [INFO] [1745255591.961120243] [agent_0.guidance]: ***AGENT 0 Score for task 1: 0.8649893966871829
[crazychoir_task_assignment_webots_guidance-22] [INFO] [1745255591.961160352] [agent_3.guidance]: AGENT 3 checking task Task(id=25, coordinates=array('d', [2.3730069963368763, -0.8228784694012417]), value=1, seq_num=25)
[crazychoir_task_assignment_webots_guidance-7] [INFO] [1745255591.961445214] [agent_0.guidance]: AGENT 0 checking task Task(id=5, coordinates=array('d', [1.6762975307625148, -1.8138895523984815]), value=1, seq_num=5)
[crazychoir_task_assignment_webots_guidance-22] [INFO] [1745255591.961530754] [agent_3.guidance]: ***AGENT 3 Score for task 25: 0.7915664886299519
[crazychoir_task_assignment_webots_guidance-7] [INFO] [1745255591.961780995] [agent_0.guidance]: ***AGENT 0 Score for task 5: 0.8614648034315191
[crazychoir_task_assignment_webots_guidance-22] [INFO] [1745255591.961857688] [agent_3.guidance]: AGENT 3 checking task Task(id=29, coordinates=array('d', [1.9811286125900773, -0.49934217192982455]), value=1, seq_num=29)
[crazychoir_task_assignment_webots_guidance-7] [INFO] [1745255591.962096484] [agent_0.guidance]: AGENT 0 checking task Task(id=7, coordinates=array('d', [-2.0169465515718077, 0.584003663597155]), value=1, seq_num=7)
[crazychoir_task_assignment_webots_guidance-22] [INFO] [1745255591.962197572] [agent_3.guidance]: ***AGENT 3 Score for task 29: 0.8101411445796094
[crazychoir_task_assignment_webots_guidance-7] [INFO] [1745255591.962430793] [agent_0.guidance]: ***AGENT 0 Score for task 7: 0.897620977385871
[crazychoir_task_assignment_webots_guidance-22] [INFO] [1745255591.962517314] [agent_3.guidance]: AGENT 3 checking task Task(id=30, coordinates=array('d', [2.428005532460202, -0.5710486961345635]), value=1, seq_num=30)
[crazychoir_task_assignment_webots_guidance-7] [INFO] [1745255591.962747825] [agent_0.guidance]: AGENT 0 checking task Task(id=8, coordinates=array('d', [-2.9460834139946703, -0.6805723041382237]), value=1, seq_num=8)
[crazychoir_task_assignment_webots_guidance-22] [INFO] [1745255591.962854115] [agent_3.guidance]: ***AGENT 3 Score for task 30: 0.7915576575550013
[crazychoir_task_assignment_webots_guidance-7] [INFO] [1745255591.963082189] [agent_0.guidance]: ***AGENT 0 Score for task 8: 0.8441961627482676
[crazychoir_task_assignment_webots_guidance-22] [INFO] [1745255591.963174331] [agent_3.guidance]: AGENT 3 checking task Task(id=31, coordinates=array('d', [-1.0129529814532636, 0.43283262163649194]), value=1, seq_num=31)
[crazychoir_task_assignment_webots_guidance-7] [INFO] [1745255591.963397866] [agent_0.guidance]: AGENT 0 checking task Task(id=10, coordinates=array('d', [-0.3831201187212141, 2.6938638406893762]), value=1, seq_num=10)
[crazychoir_task_assignment_webots_guidance-22] [INFO] [1745255591.963509732] [agent_3.guidance]: ***AGENT 3 Score for task 31: 0.9475561628375821
[crazychoir_task_assignment_webots_guidance-7] [INFO] [1745255591.963732419] [agent_0.guidance]: ***AGENT 0 Score for task 10: 0.896711482969712
[crazychoir_task_assignment_webots_guidance-22] [INFO] [1745255591.963830322] [agent_3.guidance]: AGENT 3 checking task Task(id=32, coordinates=array('d', [2.07266189456468, 2.1660858705184314]), value=1, seq_num=32)
[crazychoir_task_assignment_webots_guidance-7] [INFO] [1745255591.964049429] [agent_0.guidance]: AGENT 0 checking task Task(id=11, coordinates=array('d', [1.7178359156103653, 2.1977357914901905]), value=1, seq_num=11)
[crazychoir_task_assignment_webots_guidance-22] [INFO] [1745255591.964184614] [agent_3.guidance]: ***AGENT 3 Score for task 32: 0.7923416752328472
[crazychoir_task_assignment_webots_guidance-7] [INFO] [1745255591.964402460] [agent_0.guidance]: ***AGENT 0 Score for task 11: 0.890217647164192
[crazychoir_task_assignment_webots_guidance-22] [INFO] [1745255591.964512336] [agent_3.guidance]: AGENT 3 checking task Task(id=34, coordinates=array('d', [0.5835996439150497, -1.5272777485013873]), value=1, seq_num=34)
[crazychoir_task_assignment_webots_guidance-7] [INFO] [1745255591.964727352] [agent_0.guidance]: AGENT 0 checking task Task(id=12, coordinates=array('d', [-1.961007471024311, -2.550308477921358]), value=1, seq_num=12)
[crazychoir_task_assignment_webots_guidance-22] [INFO] [1745255591.964860762] [agent_3.guidance]: ***AGENT 3 Score for task 34: 0.8490748545474781
[crazychoir_task_assignment_webots_guidance-7] [INFO] [1745255591.965087010] [agent_0.guidance]: ***AGENT 0 Score for task 12: 0.8239101152005259
[crazychoir_task_assignment_webots_guidance-7] [INFO] [1745255591.965429515] [agent_0.guidance]: AGENT 0 checking task Task(id=14, coordinates=array('d', [1.4002810050634196, -0.5493368390879114]), value=1, seq_num=14)
[crazychoir_task_assignment_webots_guidance-7] [INFO] [1745255591.965781240] [agent_0.guidance]: ***AGENT 0 Score for task 14: 0.9137586923013726
[crazychoir_task_assignment_webots_guidance-22] [INFO] [1745255591.965840050] [agent_3.guidance]: AGENT 3 ADDING Best task: 31 with score: 0.9475561628375821
[crazychoir_task_assignment_webots_guidance-7] [INFO] [1745255591.966117893] [agent_0.guidance]: AGENT 0 checking task Task(id=16, coordinates=array('d', [0.13017673466974777, -2.350839702676616]), value=1, seq_num=16)
[crazychoir_task_assignment_webots_guidance-22] [INFO] [1745255591.966188276] [agent_3.guidance]: AGENT 3 Removing from remaining tasks: 31
[crazychoir_task_assignment_webots_guidance-7] [INFO] [1745255591.966485252] [agent_0.guidance]: ***AGENT 0 Score for task 16: 0.8585846073643238
[crazychoir_task_assignment_webots_guidance-22] [INFO] [1745255591.966524046] [agent_3.guidance]: AGENT 3 Remaining tasks: [0, 2, 3, 6, 9, 13, 15, 25, 29, 30, 31, 32, 34]
[crazychoir_task_assignment_webots_guidance-7] [INFO] [1745255591.966781051] [agent_0.guidance]: AGENT 0 checking task Task(id=19, coordinates=array('d', [-0.5910273384583626, 0.898830654116054]), value=1, seq_num=19)
[crazychoir_task_assignment_webots_guidance-22] [INFO] [1745255591.966812001] [agent_3.guidance]: AGENT 3 Remaining tasks AFTER UPDATE: [0, 2, 3, 6, 9, 13, 15, 25, 29, 30, 32, 34]
[crazychoir_task_assignment_webots_guidance-7] [INFO] [1745255591.967092694] [agent_0.guidance]: ***AGENT 0 Score for task 19: 0.96305572672686
[crazychoir_task_assignment_webots_guidance-22] [INFO] [1745255591.967116312] [agent_3.guidance]: AGENT 3 checking task Task(id=0, coordinates=array('d', [2.8021790340820605, 0.28339349505433375]), value=1, seq_num=0)
[crazychoir_task_assignment_webots_guidance-7] [INFO] [1745255591.967381825] [agent_0.guidance]: AGENT 0 checking task Task(id=21, coordinates=array('d', [1.6044298025407429, -1.926156539753215]), value=1, seq_num=21)
[crazychoir_task_assignment_webots_guidance-22] [INFO] [1745255591.967443110] [agent_3.guidance]: ***AGENT 3 Score for task 0: 0.8221431456982249
[crazychoir_task_assignment_webots_guidance-7] [INFO] [1745255591.967689857] [agent_0.guidance]: ***AGENT 0 Score for task 21: 0.8589374606020761
[crazychoir_task_assignment_webots_guidance-22] [INFO] [1745255591.967735649] [agent_3.guidance]: AGENT 3 checking task Task(id=2, coordinates=array('d', [1.1863729475836244, -1.7034630265177417]), value=1, seq_num=2)
[crazychoir_task_assignment_webots_guidance-7] [INFO] [1745255591.967977872] [agent_0.guidance]: AGENT 0 checking task Task(id=22, coordinates=array('d', [-0.7465453884747459, 0.015198355961606236]), value=1, seq_num=22)
[crazychoir_task_assignment_webots_guidance-22] [INFO] [1745255591.968045906] [agent_3.guidance]: ***AGENT 3 Score for task 2: 0.8544742586558803
[crazychoir_task_assignment_webots_guidance-7] [INFO] [1745255591.968279775] [agent_0.guidance]: ***AGENT 0 Score for task 22: 0.9484520127362308
[crazychoir_task_assignment_webots_guidance-22] [INFO] [1745255591.968339278] [agent_3.guidance]: AGENT 3 checking task Task(id=3, coordinates=array('d', [2.8576467286574507, -2.962618468772461]), value=1, seq_num=3)
[crazychoir_task_assignment_webots_guidance-7] [INFO] [1745255591.968564954] [agent_0.guidance]: AGENT 0 checking task Task(id=23, coordinates=array('d', [1.1200024794980745, -1.477922108031701]), value=1, seq_num=23)
[crazychoir_task_assignment_webots_guidance-22] [INFO] [1745255591.968646292] [agent_3.guidance]: ***AGENT 3 Score for task 3: 0.767895710399522
[crazychoir_task_assignment_webots_guidance-7] [INFO] [1745255591.968864123] [agent_0.guidance]: ***AGENT 0 Score for task 23: 0.886939206231671
[crazychoir_task_assignment_webots_guidance-22] [INFO] [1745255591.968936514] [agent_3.guidance]: AGENT 3 checking task Task(id=6, coordinates=array('d', [2.1779594135953335, 2.9004040630518766]), value=1, seq_num=6)
[crazychoir_task_assignment_webots_guidance-7] [INFO] [1745255591.969148279] [agent_0.guidance]: AGENT 0 checking task Task(id=26, coordinates=array('d', [0.8253424381124201, -1.8513215872862199]), value=1, seq_num=26)
[crazychoir_task_assignment_webots_guidance-22] [INFO] [1745255591.969241189] [agent_3.guidance]: ***AGENT 3 Score for task 6: 0.813099032343406
[crazychoir_task_assignment_webots_guidance-7] [INFO] [1745255591.969455506] [agent_0.guidance]: ***AGENT 0 Score for task 26: 0.8760378224922657
[crazychoir_task_assignment_webots_guidance-22] [INFO] [1745255591.969535743] [agent_3.guidance]: AGENT 3 checking task Task(id=9, coordinates=array('d', [-2.7350396524110026, 2.7399178062854155]), value=1, seq_num=9)
[crazychoir_task_assignment_webots_guidance-7] [INFO] [1745255591.969739654] [agent_0.guidance]: AGENT 0 checking task Task(id=28, coordinates=array('d', [2.510298234838576, -0.409067571952634]), value=1, seq_num=28)
[crazychoir_task_assignment_webots_guidance-22] [INFO] [1745255591.969844415] [agent_3.guidance]: ***AGENT 3 Score for task 9: 0.862716036190955
[crazychoir_task_assignment_webots_guidance-7] [INFO] [1745255591.970040159] [agent_0.guidance]: ***AGENT 0 Score for task 28: 0.8737126903622154
[crazychoir_task_assignment_webots_guidance-22] [INFO] [1745255591.970139602] [agent_3.guidance]: AGENT 3 checking task Task(id=13, coordinates=array('d', [0.6044563282666156, -1.992166897689577]), value=1, seq_num=13)
[crazychoir_task_assignment_webots_guidance-7] [INFO] [1745255591.970323563] [agent_0.guidance]: AGENT 0 checking task Task(id=33, coordinates=array('d', [0.5741287024100066, -2.4920303338775387]), value=1, seq_num=33)
[crazychoir_task_assignment_webots_guidance-22] [INFO] [1745255591.970445278] [agent_3.guidance]: ***AGENT 3 Score for task 13: 0.8611257217524563
[crazychoir_task_assignment_webots_guidance-7] [INFO] [1745255591.970622515] [agent_0.guidance]: ***AGENT 0 Score for task 33: 0.8507568620327367
[crazychoir_task_assignment_webots_guidance-22] [INFO] [1745255591.970736111] [agent_3.guidance]: AGENT 3 checking task Task(id=15, coordinates=array('d', [0.16745294050752202, 2.625429503705652]), value=1, seq_num=15)
[crazychoir_task_assignment_webots_guidance-7] [INFO] [1745255591.970905995] [agent_0.guidance]: AGENT 0 checking task Task(id=35, coordinates=array('d', [1.3955606915398064, 2.3679077539004325]), value=1, seq_num=35)
[crazychoir_task_assignment_webots_guidance-22] [INFO] [1745255591.971050024] [agent_3.guidance]: ***AGENT 3 Score for task 15: 0.8800928050905386
[crazychoir_task_assignment_webots_guidance-7] [INFO] [1745255591.971203683] [agent_0.guidance]: ***AGENT 0 Score for task 35: 0.8941361952063253
[crazychoir_task_assignment_webots_guidance-22] [INFO] [1745255591.971341067] [agent_3.guidance]: AGENT 3 checking task Task(id=25, coordinates=array('d', [2.3730069963368763, -0.8228784694012417]), value=1, seq_num=25)
[crazychoir_task_assignment_webots_guidance-7] [INFO] [1745255591.971487234] [agent_0.guidance]: AGENT 0 checking task Task(id=37, coordinates=array('d', [-2.6095931257031557, 0.24044837785683804]), value=1, seq_num=37)
[crazychoir_task_assignment_webots_guidance-22] [INFO] [1745255591.971654759] [agent_3.guidance]: ***AGENT 3 Score for task 25: 0.8309083223901886
[crazychoir_task_assignment_webots_guidance-7] [INFO] [1745255591.971787564] [agent_0.guidance]: ***AGENT 0 Score for task 37: 0.8695654016671496
[crazychoir_task_assignment_webots_guidance-22] [INFO] [1745255591.971949333] [agent_3.guidance]: AGENT 3 checking task Task(id=29, coordinates=array('d', [1.9811286125900773, -0.49934217192982455]), value=1, seq_num=29)
[crazychoir_task_assignment_webots_guidance-7] [INFO] [1745255591.972078261] [agent_0.guidance]: AGENT 0 checking task Task(id=38, coordinates=array('d', [-2.224879297977374, 0.6873770781019921]), value=1, seq_num=38)
[crazychoir_task_assignment_webots_guidance-22] [INFO] [1745255591.972258866] [agent_3.guidance]: ***AGENT 3 Score for task 29: 0.8514219741397966
[crazychoir_task_assignment_webots_guidance-7] [INFO] [1745255591.972382665] [agent_0.guidance]: ***AGENT 0 Score for task 38: 0.8880704618459022
[crazychoir_task_assignment_webots_guidance-22] [INFO] [1745255591.972554608] [agent_3.guidance]: AGENT 3 checking task Task(id=30, coordinates=array('d', [2.428005532460202, -0.5710486961345635]), value=1, seq_num=30)
[crazychoir_task_assignment_webots_guidance-7] [INFO] [1745255591.972668217] [agent_0.guidance]: AGENT 0 ADDING Best task: 19 with score: 0.96305572672686
[crazychoir_task_assignment_webots_guidance-22] [INFO] [1745255591.972869964] [agent_3.guidance]: ***AGENT 3 Score for task 30: 0.8320555771165745
[crazychoir_task_assignment_webots_guidance-7] [INFO] [1745255591.972945140] [agent_0.guidance]: AGENT 0 Removing from remaining tasks: 19
[crazychoir_task_assignment_webots_guidance-7] [INFO] [1745255591.973229129] [agent_0.guidance]: AGENT 0 Remaining tasks: [1, 5, 7, 8, 10, 11, 12, 14, 16, 19, 21, 22, 23, 26, 28, 33, 35, 37, 38]
[crazychoir_task_assignment_webots_guidance-7] [INFO] [1745255591.973531237] [agent_0.guidance]: AGENT 0 Remaining tasks AFTER UPDATE: [1, 5, 7, 8, 10, 11, 12, 14, 16, 21, 22, 23, 26, 28, 33, 35, 37, 38]
[crazychoir_task_assignment_webots_guidance-22] [INFO] [1745255591.973746243] [agent_3.guidance]: AGENT 3 checking task Task(id=32, coordinates=array('d', [2.07266189456468, 2.1660858705184314]), value=1, seq_num=32)
[crazychoir_task_assignment_webots_guidance-7] [INFO] [1745255591.973846456] [agent_0.guidance]: AGENT 0 checking task Task(id=1, coordinates=array('d', [2.8361061597893062, 1.2888959620461877]), value=1, seq_num=1)
[crazychoir_task_assignment_webots_guidance-22] [INFO] [1745255591.974104634] [agent_3.guidance]: ***AGENT 3 Score for task 32: 0.8339917340785248
[crazychoir_task_assignment_webots_guidance-7] [INFO] [1745255591.974182784] [agent_0.guidance]: ***AGENT 0 Score for task 1: 0.8378435322212175
[crazychoir_task_assignment_webots_guidance-22] [INFO] [1745255591.974409759] [agent_3.guidance]: AGENT 3 checking task Task(id=34, coordinates=array('d', [0.5835996439150497, -1.5272777485013873]), value=1, seq_num=34)
[crazychoir_task_assignment_webots_guidance-7] [INFO] [1745255591.974474408] [agent_0.guidance]: AGENT 0 checking task Task(id=5, coordinates=array('d', [1.6762975307625148, -1.8138895523984815]), value=1, seq_num=5)
[crazychoir_task_assignment_webots_guidance-22] [INFO] [1745255591.974732682] [agent_3.guidance]: ***AGENT 3 Score for task 34: 0.8783836947139209
[crazychoir_task_assignment_webots_guidance-7] [INFO] [1745255591.974784487] [agent_0.guidance]: ***AGENT 0 Score for task 5: 0.8341463820224587
[crazychoir_task_assignment_webots_guidance-22] [INFO] [1745255591.975019169] [agent_3.guidance]: AGENT 3 ADDING Best task: 15 with score: 0.8800928050905386
[crazychoir_task_assignment_webots_guidance-7] [INFO] [1745255591.975074941] [agent_0.guidance]: AGENT 0 checking task Task(id=7, coordinates=array('d', [-2.0169465515718077, 0.584003663597155]), value=1, seq_num=7)
[crazychoir_task_assignment_webots_guidance-22] [INFO] [1745255591.975319312] [agent_3.guidance]: AGENT 3 Removing from remaining tasks: 15
[crazychoir_task_assignment_webots_guidance-7] [INFO] [1745255591.975380089] [agent_0.guidance]: ***AGENT 0 Score for task 7: 0.9278347922252361
[crazychoir_task_assignment_webots_guidance-22] [INFO] [1745255591.975604985] [agent_3.guidance]: AGENT 3 Remaining tasks: [0, 2, 3, 6, 9, 13, 15, 25, 29, 30, 32, 34]
[crazychoir_task_assignment_webots_guidance-7] [INFO] [1745255591.975665273] [agent_0.guidance]: AGENT 0 checking task Task(id=8, coordinates=array('d', [-2.9460834139946703, -0.6805723041382237]), value=1, seq_num=8)
[crazychoir_task_assignment_webots_guidance-22] [INFO] [1745255591.975857481] [agent_3.guidance]: AGENT 3 Remaining tasks AFTER UPDATE: [0, 2, 3, 6, 9, 13, 25, 29, 30, 32, 34]
[crazychoir_task_assignment_webots_guidance-7] [INFO] [1745255591.975935877] [agent_0.guidance]: ***AGENT 0 Score for task 8: 0.8646341127818162
[crazychoir_task_assignment_webots_guidance-22] [INFO] [1745255591.976120952] [agent_3.guidance]: AGENT 3 checking task Task(id=0, coordinates=array('d', [2.8021790340820605, 0.28339349505433375]), value=1, seq_num=0)
[crazychoir_task_assignment_webots_guidance-7] [INFO] [1745255591.976195966] [agent_0.guidance]: AGENT 0 checking task Task(id=10, coordinates=array('d', [-0.3831201187212141, 2.6938638406893762]), value=1, seq_num=10)
[crazychoir_task_assignment_webots_guidance-22] [INFO] [1745255591.976403144] [agent_3.guidance]: ***AGENT 3 Score for task 0: 0.8345870372588087
[crazychoir_task_assignment_webots_guidance-7] [INFO] [1745255591.976467412] [agent_0.guidance]: ***AGENT 0 Score for task 10: 0.9114772045088673
[crazychoir_task_assignment_webots_guidance-22] [INFO] [1745255591.976665962] [agent_3.guidance]: AGENT 3 checking task Task(id=2, coordinates=array('d', [1.1863729475836244, -1.7034630265177417]), value=1, seq_num=2)
[crazychoir_task_assignment_webots_guidance-7] [INFO] [1745255591.976723607] [agent_0.guidance]: AGENT 0 checking task Task(id=11, coordinates=array('d', [1.7178359156103653, 2.1977357914901905]), value=1, seq_num=11)
[crazychoir_task_assignment_webots_guidance-22] [INFO] [1745255591.976942339] [agent_3.guidance]: ***AGENT 3 Score for task 2: 0.7960358301796949
[crazychoir_task_assignment_webots_guidance-7] [INFO] [1745255591.976992613] [agent_0.guidance]: ***AGENT 0 Score for task 11: 0.8729441397288249
[crazychoir_task_assignment_webots_guidance-22] [INFO] [1745255591.977203329] [agent_3.guidance]: AGENT 3 checking task Task(id=3, coordinates=array('d', [2.8576467286574507, -2.962618468772461]), value=1, seq_num=3)
[crazychoir_task_assignment_webots_guidance-7] [INFO] [1745255591.977247453] [agent_0.guidance]: AGENT 0 checking task Task(id=12, coordinates=array('d', [-1.961007471024311, -2.550308477921358]), value=1, seq_num=12)
[crazychoir_task_assignment_webots_guidance-22] [INFO] [1745255591.977483282] [agent_3.guidance]: ***AGENT 3 Score for task 3: 0.7275189006432482
[crazychoir_task_assignment_webots_guidance-7] [INFO] [1745255591.977540946] [agent_0.guidance]: ***AGENT 0 Score for task 12: 0.8266594615417302
[crazychoir_task_assignment_webots_guidance-22] [INFO] [1745255591.977743799] [agent_3.guidance]: AGENT 3 checking task Task(id=6, coordinates=array('d', [2.1779594135953335, 2.9004040630518766]), value=1, seq_num=6)
[crazychoir_task_assignment_webots_guidance-7] [INFO] [1745255591.977800491] [agent_0.guidance]: AGENT 0 checking task Task(id=14, coordinates=array('d', [1.4002810050634196, -0.5493368390879114]), value=1, seq_num=14)
[crazychoir_task_assignment_webots_guidance-22] [INFO] [1745255591.978017032] [agent_3.guidance]: ***AGENT 3 Score for task 6: 0.9011482016304501
[crazychoir_task_assignment_webots_guidance-7] [INFO] [1745255591.978071108] [agent_0.guidance]: ***AGENT 0 Score for task 14: 0.8813547471574404
[crazychoir_task_assignment_webots_guidance-22] [INFO] [1745255591.978277949] [agent_3.guidance]: AGENT 3 checking task Task(id=9, coordinates=array('d', [-2.7350396524110026, 2.7399178062854155]), value=1, seq_num=9)
[crazychoir_task_assignment_webots_guidance-7] [INFO] [1745255591.978332165] [agent_0.guidance]: AGENT 0 checking task Task(id=16, coordinates=array('d', [0.13017673466974777, -2.350839702676616]), value=1, seq_num=16)
[crazychoir_task_assignment_webots_guidance-22] [INFO] [1745255591.978552851] [agent_3.guidance]: ***AGENT 3 Score for task 9: 0.8615741279386764
[crazychoir_task_assignment_webots_guidance-7] [INFO] [1745255591.978603605] [agent_0.guidance]: ***AGENT 0 Score for task 16: 0.843039127138081
[crazychoir_task_assignment_webots_guidance-22] [INFO] [1745255591.978812655] [agent_3.guidance]: AGENT 3 checking task Task(id=13, coordinates=array('d', [0.6044563282666156, -1.992166897689577]), value=1, seq_num=13)
[crazychoir_task_assignment_webots_guidance-7] [INFO] [1745255591.978861476] [agent_0.guidance]: AGENT 0 checking task Task(id=21, coordinates=array('d', [1.6044298025407429, -1.926156539753215]), value=1, seq_num=21)
[crazychoir_task_assignment_webots_guidance-22] [INFO] [1745255591.979091594] [agent_3.guidance]: ***AGENT 3 Score for task 13: 0.7882735956298029
[crazychoir_task_assignment_webots_guidance-7] [INFO] [1745255591.979133640] [agent_0.guidance]: ***AGENT 0 Score for task 21: 0.832338008673045
[crazychoir_task_assignment_webots_guidance-22] [INFO] [1745255591.979368661] [agent_3.guidance]: AGENT 3 checking task Task(id=25, coordinates=array('d', [2.3730069963368763, -0.8228784694012417]), value=1, seq_num=25)
[crazychoir_task_assignment_webots_guidance-7] [INFO] [1745255591.979393125] [agent_0.guidance]: AGENT 0 checking task Task(id=22, coordinates=array('d', [-0.7465453884747459, 0.015198355961606236]), value=1, seq_num=22)
[crazychoir_task_assignment_webots_guidance-22] [INFO] [1745255591.979650090] [agent_3.guidance]: ***AGENT 3 Score for task 25: 0.8106166352200612
[crazychoir_task_assignment_webots_guidance-22] [INFO] [1745255591.979916863] [agent_3.guidance]: AGENT 3 checking task Task(id=29, coordinates=array('d', [1.9811286125900773, -0.49934217192982455]), value=1, seq_num=29)
[crazychoir_task_assignment_webots_guidance-22] [INFO] [1745255591.980200723] [agent_3.guidance]: ***AGENT 3 Score for task 29: 0.8308370461968239
[crazychoir_task_assignment_webots_guidance-7] [INFO] [1745255591.979669332] [agent_0.guidance]: ***AGENT 0 Score for task 22: 0.9550218763958667
[crazychoir_task_assignment_webots_guidance-7] [INFO] [1745255591.979930376] [agent_0.guidance]: AGENT 0 checking task Task(id=23, coordinates=array('d', [1.1200024794980745, -1.477922108031701]), value=1, seq_num=23)
[crazychoir_task_assignment_webots_guidance-7] [INFO] [1745255591.980207176] [agent_0.guidance]: ***AGENT 0 Score for task 23: 0.8605216702756947
[crazychoir_task_assignment_webots_guidance-22] [INFO] [1745255591.980469189] [agent_3.guidance]: AGENT 3 checking task Task(id=30, coordinates=array('d', [2.428005532460202, -0.5710486961345635]), value=1, seq_num=30)
[crazychoir_task_assignment_webots_guidance-7] [INFO] [1745255591.980470748] [agent_0.guidance]: AGENT 0 checking task Task(id=26, coordinates=array('d', [0.8253424381124201, -1.8513215872862199]), value=1, seq_num=26)
[crazychoir_task_assignment_webots_guidance-7] [INFO] [1745255591.980750050] [agent_0.guidance]: ***AGENT 0 Score for task 26: 0.8532750731780746
[crazychoir_task_assignment_webots_guidance-22] [INFO] [1745255591.980752261] [agent_3.guidance]: ***AGENT 3 Score for task 30: 0.8180633392922027
[crazychoir_task_assignment_webots_guidance-7] [INFO] [1745255591.981014741] [agent_0.guidance]: AGENT 0 checking task Task(id=28, coordinates=array('d', [2.510298234838576, -0.409067571952634]), value=1, seq_num=28)
[crazychoir_task_assignment_webots_guidance-22] [INFO] [1745255591.981019208] [agent_3.guidance]: AGENT 3 checking task Task(id=32, coordinates=array('d', [2.07266189456468, 2.1660858705184314]), value=1, seq_num=32)
[crazychoir_task_assignment_webots_guidance-7] [INFO] [1745255591.981296451] [agent_0.guidance]: ***AGENT 0 Score for task 28: 0.8414366431846055
[crazychoir_task_assignment_webots_guidance-7] [INFO] [1745255591.981573874] [agent_0.guidance]: AGENT 0 checking task Task(id=33, coordinates=array('d', [0.5741287024100066, -2.4920303338775387]), value=1, seq_num=33)
[crazychoir_task_assignment_webots_guidance-22] [INFO] [1745255591.981309060] [agent_3.guidance]: ***AGENT 3 Score for task 32: 0.904362846289097
[crazychoir_task_assignment_webots_guidance-7] [INFO] [1745255591.981863201] [agent_0.guidance]: ***AGENT 0 Score for task 33: 0.832010615012201
[crazychoir_task_assignment_webots_guidance-22] [INFO] [1745255591.982080279] [agent_3.guidance]: AGENT 3 checking task Task(id=34, coordinates=array('d', [0.5835996439150497, -1.5272777485013873]), value=1, seq_num=34)
[crazychoir_task_assignment_webots_guidance-7] [INFO] [1745255591.982151974] [agent_0.guidance]: AGENT 0 checking task Task(id=35, coordinates=array('d', [1.3955606915398064, 2.3679077539004325]), value=1, seq_num=35)
[crazychoir_task_assignment_webots_guidance-22] [INFO] [1745255591.982390381] [agent_3.guidance]: ***AGENT 3 Score for task 34: 0.8072895379482397
[crazychoir_task_assignment_webots_guidance-7] [INFO] [1745255591.982431661] [agent_0.guidance]: ***AGENT 0 Score for task 35: 0.8809678995788117
[crazychoir_task_assignment_webots_guidance-22] [INFO] [1745255591.982653972] [agent_3.guidance]: AGENT 3 ADDING Best task: 32 with score: 0.904362846289097
[crazychoir_task_assignment_webots_guidance-7] [INFO] [1745255591.982692605] [agent_0.guidance]: AGENT 0 checking task Task(id=37, coordinates=array('d', [-2.6095931257031557, 0.24044837785683804]), value=1, seq_num=37)
[crazychoir_task_assignment_webots_guidance-22] [INFO] [1745255591.982905619] [agent_3.guidance]: AGENT 3 Removing from remaining tasks: 32
[crazychoir_task_assignment_webots_guidance-7] [INFO] [1745255591.982964557] [agent_0.guidance]: ***AGENT 0 Score for task 37: 0.8968137346735107
[crazychoir_task_assignment_webots_guidance-22] [INFO] [1745255591.983158630] [agent_3.guidance]: AGENT 3 Remaining tasks: [0, 2, 3, 6, 9, 13, 25, 29, 30, 32, 34]
[crazychoir_task_assignment_webots_guidance-7] [INFO] [1745255591.983231919] [agent_0.guidance]: AGENT 0 checking task Task(id=38, coordinates=array('d', [-2.224879297977374, 0.6873770781019921]), value=1, seq_num=38)
[crazychoir_task_assignment_webots_guidance-22] [INFO] [1745255591.983411194] [agent_3.guidance]: AGENT 3 Remaining tasks AFTER UPDATE: [0, 2, 3, 6, 9, 13, 25, 29, 30, 34]
[crazychoir_task_assignment_webots_guidance-7] [INFO] [1745255591.983504726] [agent_0.guidance]: ***AGENT 0 Score for task 38: 0.9189674365137147
[crazychoir_task_assignment_webots_guidance-22] [INFO] [1745255591.983675086] [agent_3.guidance]: AGENT 3 checking task Task(id=0, coordinates=array('d', [2.8021790340820605, 0.28339349505433375]), value=1, seq_num=0)
[crazychoir_task_assignment_webots_guidance-7] [INFO] [1745255591.983757958] [agent_0.guidance]: AGENT 0 ADDING Best task: 22 with score: 0.9550218763958667
[crazychoir_task_assignment_webots_guidance-22] [INFO] [1745255591.983954560] [agent_3.guidance]: ***AGENT 3 Score for task 0: 0.9016166983181678
[crazychoir_task_assignment_webots_guidance-7] [INFO] [1745255591.984005971] [agent_0.guidance]: AGENT 0 Removing from remaining tasks: 22
[crazychoir_task_assignment_webots_guidance-22] [INFO] [1745255591.984216648] [agent_3.guidance]: AGENT 3 checking task Task(id=2, coordinates=array('d', [1.1863729475836244, -1.7034630265177417]), value=1, seq_num=2)
[crazychoir_task_assignment_webots_guidance-7] [INFO] [1745255591.984255086] [agent_0.guidance]: AGENT 0 Remaining tasks: [1, 5, 7, 8, 10, 11, 12, 14, 16, 21, 22, 23, 26, 28, 33, 35, 37, 38]
[crazychoir_task_assignment_webots_guidance-7] [INFO] [1745255591.984517409] [agent_0.guidance]: AGENT 0 Remaining tasks AFTER UPDATE: [1, 5, 7, 8, 10, 11, 12, 14, 16, 21, 23, 26, 28, 33, 35, 37, 38]
[crazychoir_task_assignment_webots_guidance-22] [INFO] [1745255591.984519033] [agent_3.guidance]: ***AGENT 3 Score for task 2: 0.8157710279571019
[crazychoir_task_assignment_webots_guidance-7] [INFO] [1745255591.984763851] [agent_0.guidance]: AGENT 0 checking task Task(id=1, coordinates=array('d', [2.8361061597893062, 1.2888959620461877]), value=1, seq_num=1)
[crazychoir_task_assignment_webots_guidance-22] [INFO] [1745255591.984770200] [agent_3.guidance]: AGENT 3 checking task Task(id=3, coordinates=array('d', [2.8576467286574507, -2.962618468772461]), value=1, seq_num=3)
[crazychoir_task_assignment_webots_guidance-7] [INFO] [1745255591.985024156] [agent_0.guidance]: ***AGENT 0 Score for task 1: 0.822806743031419
[crazychoir_task_assignment_webots_guidance-22] [INFO] [1745255591.985036864] [agent_3.guidance]: ***AGENT 3 Score for task 3: 0.7663382057459907
[crazychoir_task_assignment_webots_guidance-7] [INFO] [1745255591.985274116] [agent_0.guidance]: AGENT 0 checking task Task(id=5, coordinates=array('d', [1.6762975307625148, -1.8138895523984815]), value=1, seq_num=5)
[crazychoir_task_assignment_webots_guidance-7] [INFO] [1745255591.985538468] [agent_0.guidance]: ***AGENT 0 Score for task 5: 0.8558045865257508
[crazychoir_task_assignment_webots_guidance-22] [INFO] [1745255591.985285888] [agent_3.guidance]: AGENT 3 checking task Task(id=6, coordinates=array('d', [2.1779594135953335, 2.9004040630518766]), value=1, seq_num=6)
[crazychoir_task_assignment_webots_guidance-22] [INFO] [1745255591.985557739] [agent_3.guidance]: ***AGENT 3 Score for task 6: 0.9626639680443257
[crazychoir_task_assignment_webots_guidance-7] [INFO] [1745255591.985785845] [agent_0.guidance]: AGENT 0 checking task Task(id=7, coordinates=array('d', [-2.0169465515718077, 0.584003663597155]), value=1, seq_num=7)
[crazychoir_task_assignment_webots_guidance-22] [INFO] [1745255591.985812022] [agent_3.guidance]: AGENT 3 checking task Task(id=9, coordinates=array('d', [-2.7350396524110026, 2.7399178062854155]), value=1, seq_num=9)
[crazychoir_task_assignment_webots_guidance-7] [INFO] [1745255591.986047034] [agent_0.guidance]: ***AGENT 0 Score for task 7: 0.9310926581940013
[crazychoir_task_assignment_webots_guidance-22] [INFO] [1745255591.986075325] [agent_3.guidance]: ***AGENT 3 Score for task 9: 0.7800843710977732
[crazychoir_task_assignment_webots_guidance-7] [INFO] [1745255591.986290790] [agent_0.guidance]: AGENT 0 checking task Task(id=8, coordinates=array('d', [-2.9460834139946703, -0.6805723041382237]), value=1, seq_num=8)
[crazychoir_task_assignment_webots_guidance-22] [INFO] [1745255591.986322660] [agent_3.guidance]: AGENT 3 checking task Task(id=13, coordinates=array('d', [0.6044563282666156, -1.992166897689577]), value=1, seq_num=13)
[crazychoir_task_assignment_webots_guidance-7] [INFO] [1745255591.986549348] [agent_0.guidance]: ***AGENT 0 Score for task 8: 0.888401430060928
[crazychoir_task_assignment_webots_guidance-22] [INFO] [1745255591.986584927] [agent_3.guidance]: ***AGENT 3 Score for task 13: 0.7975623628165047
[crazychoir_task_assignment_webots_guidance-7] [INFO] [1745255591.986795879] [agent_0.guidance]: AGENT 0 checking task Task(id=10, coordinates=array('d', [-0.3831201187212141, 2.6938638406893762]), value=1, seq_num=10)
[crazychoir_task_assignment_webots_guidance-22] [INFO] [1745255591.986835361] [agent_3.guidance]: AGENT 3 checking task Task(id=25, coordinates=array('d', [2.3730069963368763, -0.8228784694012417]), value=1, seq_num=25)
[crazychoir_task_assignment_webots_guidance-7] [INFO] [1745255591.987058726] [agent_0.guidance]: ***AGENT 0 Score for task 10: 0.8705271081545791
[crazychoir_task_assignment_webots_guidance-22] [INFO] [1745255591.987103917] [agent_3.guidance]: ***AGENT 3 Score for task 25: 0.8571983831386474
[crazychoir_task_assignment_webots_guidance-7] [INFO] [1745255591.987309084] [agent_0.guidance]: AGENT 0 checking task Task(id=11, coordinates=array('d', [1.7178359156103653, 2.1977357914901905]), value=1, seq_num=11)
[crazychoir_task_assignment_webots_guidance-22] [INFO] [1745255591.987357865] [agent_3.guidance]: AGENT 3 checking task Task(id=29, coordinates=array('d', [1.9811286125900773, -0.49934217192982455]), value=1, seq_num=29)
[crazychoir_task_assignment_webots_guidance-7] [INFO] [1745255591.987574565] [agent_0.guidance]: ***AGENT 0 Score for task 11: 0.8446333073096325
[crazychoir_task_assignment_webots_guidance-22] [INFO] [1745255591.987635864] [agent_3.guidance]: ***AGENT 3 Score for task 29: 0.8721453548859954
[crazychoir_task_assignment_webots_guidance-7] [INFO] [1745255591.987825097] [agent_0.guidance]: AGENT 0 checking task Task(id=12, coordinates=array('d', [-1.961007471024311, -2.550308477921358]), value=1, seq_num=12)
[crazychoir_task_assignment_webots_guidance-7] [INFO] [1745255591.988091629] [agent_0.guidance]: ***AGENT 0 Score for task 12: 0.864509525799016
[crazychoir_task_assignment_webots_guidance-7] [INFO] [1745255591.988342015] [agent_0.guidance]: AGENT 0 checking task Task(id=14, coordinates=array('d', [1.4002810050634196, -0.5493368390879114]), value=1, seq_num=14)
[crazychoir_task_assignment_webots_guidance-7] [INFO] [1745255591.988612103] [agent_0.guidance]: ***AGENT 0 Score for task 14: 0.8923815867774467
[crazychoir_task_assignment_webots_guidance-7] [INFO] [1745255591.988863231] [agent_0.guidance]: AGENT 0 checking task Task(id=16, coordinates=array('d', [0.13017673466974777, -2.350839702676616]), value=1, seq_num=16)
[crazychoir_task_assignment_webots_guidance-22] [INFO] [1745255591.988400644] [agent_3.guidance]: AGENT 3 checking task Task(id=30, coordinates=array('d', [2.428005532460202, -0.5710486961345635]), value=1, seq_num=30)
[crazychoir_task_assignment_webots_guidance-22] [INFO] [1745255591.988720572] [agent_3.guidance]: ***AGENT 3 Score for task 30: 0.8679902188283902
[crazychoir_task_assignment_webots_guidance-22] [INFO] [1745255591.988986631] [agent_3.guidance]: AGENT 3 checking task Task(id=34, coordinates=array('d', [0.5835996439150497, -1.5272777485013873]), value=1, seq_num=34)
[crazychoir_task_assignment_webots_guidance-7] [INFO] [1745255591.989134734] [agent_0.guidance]: ***AGENT 0 Score for task 16: 0.8785998878374376
[crazychoir_task_assignment_webots_guidance-22] [INFO] [1745255591.989272534] [agent_3.guidance]: ***AGENT 3 Score for task 34: 0.815248547531716
[crazychoir_task_assignment_webots_guidance-7] [INFO] [1745255591.989391012] [agent_0.guidance]: AGENT 0 checking task Task(id=21, coordinates=array('d', [1.6044298025407429, -1.926156539753215]), value=1, seq_num=21)
[crazychoir_task_assignment_webots_guidance-22] [INFO] [1745255591.989528949] [agent_3.guidance]: AGENT 3 ADDING Best task: 6 with score: 0.9626639680443257
[crazychoir_task_assignment_webots_guidance-7] [INFO] [1745255591.989653269] [agent_0.guidance]: ***AGENT 0 Score for task 21: 0.8552260974098721
[crazychoir_task_assignment_webots_guidance-22] [INFO] [1745255591.989774925] [agent_3.guidance]: AGENT 3 Removing from remaining tasks: 6
[crazychoir_task_assignment_webots_guidance-7] [INFO] [1745255591.989900590] [agent_0.guidance]: AGENT 0 checking task Task(id=23, coordinates=array('d', [1.1200024794980745, -1.477922108031701]), value=1, seq_num=23)
[crazychoir_task_assignment_webots_guidance-22] [INFO] [1745255591.990019757] [agent_3.guidance]: AGENT 3 Remaining tasks: [0, 2, 3, 6, 9, 13, 25, 29, 30, 34]
[crazychoir_task_assignment_webots_guidance-7] [INFO] [1745255591.990172315] [agent_0.guidance]: ***AGENT 0 Score for task 23: 0.8846129922257946
[crazychoir_task_assignment_webots_guidance-22] [INFO] [1745255591.990261785] [agent_3.guidance]: AGENT 3 Remaining tasks AFTER UPDATE: [0, 2, 3, 9, 13, 25, 29, 30, 34]
[crazychoir_task_assignment_webots_guidance-7] [INFO] [1745255591.990417732] [agent_0.guidance]: AGENT 0 checking task Task(id=26, coordinates=array('d', [0.8253424381124201, -1.8513215872862199]), value=1, seq_num=26)
[crazychoir_task_assignment_webots_guidance-22] [INFO] [1745255591.990514748] [agent_3.guidance]: AGENT 3 checking task Task(id=0, coordinates=array('d', [2.8021790340820605, 0.28339349505433375]), value=1, seq_num=0)
[crazychoir_task_assignment_webots_guidance-7] [INFO] [1745255591.990675601] [agent_0.guidance]: ***AGENT 0 Score for task 26: 0.8823491016194461
[crazychoir_task_assignment_webots_guidance-22] [INFO] [1745255591.990785667] [agent_3.guidance]: ***AGENT 3 Score for task 0: 0.8710979638630939
[crazychoir_task_assignment_webots_guidance-7] [INFO] [1745255591.990920873] [agent_0.guidance]: AGENT 0 checking task Task(id=28, coordinates=array('d', [2.510298234838576, -0.409067571952634]), value=1, seq_num=28)
[crazychoir_task_assignment_webots_guidance-22] [INFO] [1745255591.991036842] [agent_3.guidance]: AGENT 3 checking task Task(id=2, coordinates=array('d', [1.1863729475836244, -1.7034630265177417]), value=1, seq_num=2)
[crazychoir_task_assignment_webots_guidance-7] [INFO] [1745255591.991178661] [agent_0.guidance]: ***AGENT 0 Score for task 28: 0.8449602171573898
[crazychoir_task_assignment_webots_guidance-22] [INFO] [1745255591.991301326] [agent_3.guidance]: ***AGENT 3 Score for task 2: 0.7853995175981161
[crazychoir_task_assignment_webots_guidance-7] [INFO] [1745255591.991424100] [agent_0.guidance]: AGENT 0 checking task Task(id=33, coordinates=array('d', [0.5741287024100066, -2.4920303338775387]), value=1, seq_num=33)
[crazychoir_task_assignment_webots_guidance-22] [INFO] [1745255591.991551314] [agent_3.guidance]: AGENT 3 checking task Task(id=3, coordinates=array('d', [2.8576467286574507, -2.962618468772461]), value=1, seq_num=3)
[crazychoir_task_assignment_webots_guidance-7] [INFO] [1745255591.991682712] [agent_0.guidance]: ***AGENT 0 Score for task 33: 0.8647156839585498
[crazychoir_task_assignment_webots_guidance-22] [INFO] [1745255591.991815139] [agent_3.guidance]: ***AGENT 3 Score for task 3: 0.7387853833612938
[crazychoir_task_assignment_webots_guidance-7] [INFO] [1745255591.991929110] [agent_0.guidance]: AGENT 0 checking task Task(id=35, coordinates=array('d', [1.3955606915398064, 2.3679077539004325]), value=1, seq_num=35)
[crazychoir_task_assignment_webots_guidance-22] [INFO] [1745255591.992064260] [agent_3.guidance]: AGENT 3 checking task Task(id=9, coordinates=array('d', [-2.7350396524110026, 2.7399178062854155]), value=1, seq_num=9)
[crazychoir_task_assignment_webots_guidance-7] [INFO] [1745255591.992186069] [agent_0.guidance]: ***AGENT 0 Score for task 35: 0.8494169768384615
[crazychoir_task_assignment_webots_guidance-22] [INFO] [1745255591.992325977] [agent_3.guidance]: ***AGENT 3 Score for task 9: 0.7771372360779827
[crazychoir_task_assignment_webots_guidance-7] [INFO] [1745255591.992442015] [agent_0.guidance]: AGENT 0 checking task Task(id=37, coordinates=array('d', [-2.6095931257031557, 0.24044837785683804]), value=1, seq_num=37)
[crazychoir_task_assignment_webots_guidance-22] [INFO] [1745255591.992577279] [agent_3.guidance]: AGENT 3 checking task Task(id=13, coordinates=array('d', [0.6044563282666156, -1.992166897689577]), value=1, seq_num=13)
[crazychoir_task_assignment_webots_guidance-7] [INFO] [1745255591.992701746] [agent_0.guidance]: ***AGENT 0 Score for task 37: 0.908229868166464
[crazychoir_task_assignment_webots_guidance-22] [INFO] [1745255591.992840679] [agent_3.guidance]: ***AGENT 3 Score for task 13: 0.7682689507557127
[crazychoir_task_assignment_webots_guidance-7] [INFO] [1745255591.992948558] [agent_0.guidance]: AGENT 0 checking task Task(id=38, coordinates=array('d', [-2.224879297977374, 0.6873770781019921]), value=1, seq_num=38)
[crazychoir_task_assignment_webots_guidance-22] [INFO] [1745255591.993111520] [agent_3.guidance]: AGENT 3 checking task Task(id=25, coordinates=array('d', [2.3730069963368763, -0.8228784694012417]), value=1, seq_num=25)
[crazychoir_task_assignment_webots_guidance-7] [INFO] [1745255591.993205679] [agent_0.guidance]: ***AGENT 0 Score for task 38: 0.920075969373686
[crazychoir_task_assignment_webots_guidance-22] [INFO] [1745255591.993384299] [agent_3.guidance]: ***AGENT 3 Score for task 25: 0.8259332676932715
[crazychoir_task_assignment_webots_guidance-7] [INFO] [1745255591.993462130] [agent_0.guidance]: AGENT 0 ADDING Best task: 7 with score: 0.9310926581940013
[crazychoir_task_assignment_webots_guidance-22] [INFO] [1745255591.993637926] [agent_3.guidance]: AGENT 3 checking task Task(id=29, coordinates=array('d', [1.9811286125900773, -0.49934217192982455]), value=1, seq_num=29)
[crazychoir_task_assignment_webots_guidance-7] [INFO] [1745255591.993702520] [agent_0.guidance]: AGENT 0 Removing from remaining tasks: 7
[crazychoir_task_assignment_webots_guidance-22] [INFO] [1745255591.993905458] [agent_3.guidance]: ***AGENT 3 Score for task 29: 0.839728880512808
[crazychoir_task_assignment_webots_guidance-7] [INFO] [1745255591.993942332] [agent_0.guidance]: AGENT 0 Remaining tasks: [1, 5, 7, 8, 10, 11, 12, 14, 16, 21, 23, 26, 28, 33, 35, 37, 38]
[crazychoir_task_assignment_webots_guidance-22] [INFO] [1745255591.994159445] [agent_3.guidance]: AGENT 3 checking task Task(id=30, coordinates=array('d', [2.428005532460202, -0.5710486961345635]), value=1, seq_num=30)
[crazychoir_task_assignment_webots_guidance-7] [INFO] [1745255591.994182005] [agent_0.guidance]: AGENT 0 Remaining tasks AFTER UPDATE: [1, 5, 8, 10, 11, 12, 14, 16, 21, 23, 26, 28, 33, 35, 37, 38]
[crazychoir_task_assignment_webots_guidance-22] [INFO] [1745255591.994429566] [agent_3.guidance]: ***AGENT 3 Score for task 30: 0.8365043460065898
[crazychoir_task_assignment_webots_guidance-7] [INFO] [1745255591.994434320] [agent_0.guidance]: AGENT 0 checking task Task(id=1, coordinates=array('d', [2.8361061597893062, 1.2888959620461877]), value=1, seq_num=1)
[crazychoir_task_assignment_webots_guidance-22] [INFO] [1745255591.994687659] [agent_3.guidance]: AGENT 3 checking task Task(id=34, coordinates=array('d', [0.5835996439150497, -1.5272777485013873]), value=1, seq_num=34)
[crazychoir_task_assignment_webots_guidance-7] [INFO] [1745255591.994707335] [agent_0.guidance]: ***AGENT 0 Score for task 1: 0.7776014559473894
[crazychoir_task_assignment_webots_guidance-7] [INFO] [1745255591.994960812] [agent_0.guidance]: AGENT 0 checking task Task(id=5, coordinates=array('d', [1.6762975307625148, -1.8138895523984815]), value=1, seq_num=5)
[crazychoir_task_assignment_webots_guidance-22] [INFO] [1745255591.994961044] [agent_3.guidance]: ***AGENT 3 Score for task 34: 0.7855385300319897
[crazychoir_task_assignment_webots_guidance-22] [INFO] [1745255591.995214049] [agent_3.guidance]: AGENT 3 ADDING Best task: 0 with score: 0.8710979638630939
[crazychoir_task_assignment_webots_guidance-22] [INFO] [1745255591.995460578] [agent_3.guidance]: AGENT 3 Removing from remaining tasks: 0
[crazychoir_task_assignment_webots_guidance-22] [INFO] [1745255591.995707951] [agent_3.guidance]: AGENT 3 Remaining tasks: [0, 2, 3, 9, 13, 25, 29, 30, 34]
[crazychoir_task_assignment_webots_guidance-7] [INFO] [1745255591.995232777] [agent_0.guidance]: ***AGENT 0 Score for task 5: 0.797825830103078
[crazychoir_task_assignment_webots_guidance-7] [INFO] [1745255591.995483760] [agent_0.guidance]: AGENT 0 checking task Task(id=8, coordinates=array('d', [-2.9460834139946703, -0.6805723041382237]), value=1, seq_num=8)
[crazychoir_task_assignment_webots_guidance-7] [INFO] [1745255591.995752169] [agent_0.guidance]: ***AGENT 0 Score for task 8: 0.9226637587120599
[crazychoir_task_assignment_webots_guidance-22] [INFO] [1745255591.995954396] [agent_3.guidance]: AGENT 3 Remaining tasks AFTER UPDATE: [2, 3, 9, 13, 25, 29, 30, 34]
[crazychoir_task_assignment_webots_guidance-7] [INFO] [1745255591.996004252] [agent_0.guidance]: AGENT 0 checking task Task(id=10, coordinates=array('d', [-0.3831201187212141, 2.6938638406893762]), value=1, seq_num=10)
[crazychoir_task_assignment_webots_guidance-22] [INFO] [1745255591.996211568] [agent_3.guidance]: AGENT 3 checking task Task(id=2, coordinates=array('d', [1.1863729475836244, -1.7034630265177417]), value=1, seq_num=2)
[crazychoir_task_assignment_webots_guidance-7] [INFO] [1745255591.996269644] [agent_0.guidance]: ***AGENT 0 Score for task 10: 0.8720781663089705
[crazychoir_task_assignment_webots_guidance-22] [INFO] [1745255591.996486858] [agent_3.guidance]: ***AGENT 3 Score for task 2: 0.8769027394652315
[crazychoir_task_assignment_webots_guidance-7] [INFO] [1745255591.996518863] [agent_0.guidance]: AGENT 0 checking task Task(id=11, coordinates=array('d', [1.7178359156103653, 2.1977357914901905]), value=1, seq_num=11)
[crazychoir_task_assignment_webots_guidance-22] [INFO] [1745255591.996738796] [agent_3.guidance]: AGENT 3 checking task Task(id=3, coordinates=array('d', [2.8576467286574507, -2.962618468772461]), value=1, seq_num=3)
[crazychoir_task_assignment_webots_guidance-7] [INFO] [1745255591.996778208] [agent_0.guidance]: ***AGENT 0 Score for task 11: 0.8116492296270428
[crazychoir_task_assignment_webots_guidance-22] [INFO] [1745255591.997009972] [agent_3.guidance]: ***AGENT 3 Score for task 3: 0.8466033836812815
[crazychoir_task_assignment_webots_guidance-7] [INFO] [1745255591.997026757] [agent_0.guidance]: AGENT 0 checking task Task(id=12, coordinates=array('d', [-1.961007471024311, -2.550308477921358]), value=1, seq_num=12)
[crazychoir_task_assignment_webots_guidance-22] [INFO] [1745255591.997262127] [agent_3.guidance]: AGENT 3 checking task Task(id=9, coordinates=array('d', [-2.7350396524110026, 2.7399178062854155]), value=1, seq_num=9)
[crazychoir_task_assignment_webots_guidance-7] [INFO] [1745255591.997288405] [agent_0.guidance]: ***AGENT 0 Score for task 12: 0.8514667758687183
[crazychoir_task_assignment_webots_guidance-7] [INFO] [1745255591.997543134] [agent_0.guidance]: AGENT 0 checking task Task(id=14, coordinates=array('d', [1.4002810050634196, -0.5493368390879114]), value=1, seq_num=14)
[crazychoir_task_assignment_webots_guidance-22] [INFO] [1745255591.997564398] [agent_3.guidance]: ***AGENT 3 Score for task 9: 0.7329208363996286
[crazychoir_task_assignment_webots_guidance-7] [INFO] [1745255591.997804239] [agent_0.guidance]: ***AGENT 0 Score for task 14: 0.831379067648874
[crazychoir_task_assignment_webots_guidance-22] [INFO] [1745255591.997818751] [agent_3.guidance]: AGENT 3 checking task Task(id=13, coordinates=array('d', [0.6044563282666156, -1.992166897689577]), value=1, seq_num=13)
[crazychoir_task_assignment_webots_guidance-7] [INFO] [1745255591.998060712] [agent_0.guidance]: AGENT 0 checking task Task(id=16, coordinates=array('d', [0.13017673466974777, -2.350839702676616]), value=1, seq_num=16)
[crazychoir_task_assignment_webots_guidance-22] [INFO] [1745255591.998082579] [agent_3.guidance]: ***AGENT 3 Score for task 13: 0.8502117812584273
[crazychoir_task_assignment_webots_guidance-7] [INFO] [1745255591.998321388] [agent_0.guidance]: ***AGENT 0 Score for task 16: 0.8298393003393999
[crazychoir_task_assignment_webots_guidance-22] [INFO] [1745255591.998332865] [agent_3.guidance]: AGENT 3 checking task Task(id=25, coordinates=array('d', [2.3730069963368763, -0.8228784694012417]), value=1, seq_num=25)
[crazychoir_task_assignment_webots_guidance-7] [INFO] [1745255591.998566995] [agent_0.guidance]: AGENT 0 checking task Task(id=21, coordinates=array('d', [1.6044298025407429, -1.926156539753215]), value=1, seq_num=21)
[crazychoir_task_assignment_webots_guidance-22] [INFO] [1745255591.998605110] [agent_3.guidance]: ***AGENT 3 Score for task 25: 0.9409504770934526
[crazychoir_task_assignment_webots_guidance-7] [INFO] [1745255591.998825758] [agent_0.guidance]: ***AGENT 0 Score for task 21: 0.797708187635206
[crazychoir_task_assignment_webots_guidance-22] [INFO] [1745255591.998856147] [agent_3.guidance]: AGENT 3 checking task Task(id=29, coordinates=array('d', [1.9811286125900773, -0.49934217192982455]), value=1, seq_num=29)
[crazychoir_task_assignment_webots_guidance-7] [INFO] [1745255591.999071509] [agent_0.guidance]: AGENT 0 checking task Task(id=23, coordinates=array('d', [1.1200024794980745, -1.477922108031701]), value=1, seq_num=23)
[crazychoir_task_assignment_webots_guidance-22] [INFO] [1745255591.999117236] [agent_3.guidance]: ***AGENT 3 Score for task 29: 0.9434747691925549
[crazychoir_task_assignment_webots_guidance-7] [INFO] [1745255591.999327299] [agent_0.guidance]: ***AGENT 0 Score for task 23: 0.8248519083218404
[crazychoir_task_assignment_webots_guidance-22] [INFO] [1745255591.999366704] [agent_3.guidance]: AGENT 3 checking task Task(id=30, coordinates=array('d', [2.428005532460202, -0.5710486961345635]), value=1, seq_num=30)
[crazychoir_task_assignment_webots_guidance-7] [INFO] [1745255591.999574347] [agent_0.guidance]: AGENT 0 checking task Task(id=26, coordinates=array('d', [0.8253424381124201, -1.8513215872862199]), value=1, seq_num=26)
[crazychoir_task_assignment_webots_guidance-22] [INFO] [1745255591.999626750] [agent_3.guidance]: ***AGENT 3 Score for task 30: 0.9532812249555105
[crazychoir_task_assignment_webots_guidance-7] [INFO] [1745255591.999830678] [agent_0.guidance]: ***AGENT 0 Score for task 26: 0.8253180415094444
[crazychoir_task_assignment_webots_guidance-22] [INFO] [1745255591.999876054] [agent_3.guidance]: AGENT 3 checking task Task(id=34, coordinates=array('d', [0.5835996439150497, -1.5272777485013873]), value=1, seq_num=34)
[crazychoir_task_assignment_webots_guidance-7] [INFO] [1745255592.000078120] [agent_0.guidance]: AGENT 0 checking task Task(id=28, coordinates=array('d', [2.510298234838576, -0.409067571952634]), value=1, seq_num=28)
[crazychoir_task_assignment_webots_guidance-22] [INFO] [1745255592.000137528] [agent_3.guidance]: ***AGENT 3 Score for task 34: 0.8633913292765105
[crazychoir_task_assignment_webots_guidance-7] [INFO] [1745255592.000340486] [agent_0.guidance]: ***AGENT 0 Score for task 28: 0.7884089175829133
[crazychoir_task_assignment_webots_guidance-22] [INFO] [1745255592.000385432] [agent_3.guidance]: AGENT 3 ADDING Best task: 30 with score: 0.9532812249555105
[crazychoir_task_assignment_webots_guidance-7] [INFO] [1745255592.000589361] [agent_0.guidance]: AGENT 0 checking task Task(id=33, coordinates=array('d', [0.5741287024100066, -2.4920303338775387]), value=1, seq_num=33)
[crazychoir_task_assignment_webots_guidance-22] [INFO] [1745255592.000630652] [agent_3.guidance]: AGENT 3 Removing from remaining tasks: 30
[crazychoir_task_assignment_webots_guidance-7] [INFO] [1745255592.000858359] [agent_0.guidance]: ***AGENT 0 Score for task 33: 0.81359193181764
[crazychoir_task_assignment_webots_guidance-22] [INFO] [1745255592.000875132] [agent_3.guidance]: AGENT 3 Remaining tasks: [2, 3, 9, 13, 25, 29, 30, 34]
[crazychoir_task_assignment_webots_guidance-7] [INFO] [1745255592.001112250] [agent_0.guidance]: AGENT 0 checking task Task(id=35, coordinates=array('d', [1.3955606915398064, 2.3679077539004325]), value=1, seq_num=35)
[crazychoir_task_assignment_webots_guidance-22] [INFO] [1745255592.001119788] [agent_3.guidance]: AGENT 3 Remaining tasks AFTER UPDATE: [2, 3, 9, 13, 25, 29, 34]
[crazychoir_task_assignment_webots_guidance-7] [INFO] [1745255592.001387234] [agent_0.guidance]: ***AGENT 0 Score for task 35: 0.8207697843253199
[crazychoir_task_assignment_webots_guidance-7] [INFO] [1745255592.001640747] [agent_0.guidance]: AGENT 0 checking task Task(id=37, coordinates=array('d', [-2.6095931257031557, 0.24044837785683804]), value=1, seq_num=37)
[crazychoir_task_assignment_webots_guidance-22] [INFO] [1745255592.001401323] [agent_3.guidance]: AGENT 3 checking task Task(id=2, coordinates=array('d', [1.1863729475836244, -1.7034630265177417]), value=1, seq_num=2)
[crazychoir_task_assignment_webots_guidance-22] [INFO] [1745255592.001690621] [agent_3.guidance]: ***AGENT 3 Score for task 2: 0.9174131476999615
[crazychoir_task_assignment_webots_guidance-7] [INFO] [1745255592.001907904] [agent_0.guidance]: ***AGENT 0 Score for task 37: 0.9654729207355084
[crazychoir_task_assignment_webots_guidance-22] [INFO] [1745255592.001947081] [agent_3.guidance]: AGENT 3 checking task Task(id=3, coordinates=array('d', [2.8576467286574507, -2.962618468772461]), value=1, seq_num=3)
[crazychoir_task_assignment_webots_guidance-7] [INFO] [1745255592.002160812] [agent_0.guidance]: AGENT 0 checking task Task(id=38, coordinates=array('d', [-2.224879297977374, 0.6873770781019921]), value=1, seq_num=38)
[crazychoir_task_assignment_webots_guidance-22] [INFO] [1745255592.002219937] [agent_3.guidance]: ***AGENT 3 Score for task 3: 0.8828188156690121
[crazychoir_task_assignment_webots_guidance-7] [INFO] [1745255592.002431546] [agent_0.guidance]: ***AGENT 0 Score for task 38: 0.9881597709773604
[crazychoir_task_assignment_webots_guidance-22] [INFO] [1745255592.002473293] [agent_3.guidance]: AGENT 3 checking task Task(id=9, coordinates=array('d', [-2.7350396524110026, 2.7399178062854155]), value=1, seq_num=9)
[crazychoir_task_assignment_webots_guidance-7] [INFO] [1745255592.002690731] [agent_0.guidance]: AGENT 0 ADDING Best task: 38 with score: 0.9881597709773604
[crazychoir_task_assignment_webots_guidance-22] [INFO] [1745255592.002742137] [agent_3.guidance]: ***AGENT 3 Score for task 9: 0.7300763078389171
[crazychoir_task_assignment_webots_guidance-7] [INFO] [1745255592.002930861] [agent_0.guidance]: AGENT 0 Removing from remaining tasks: 38
[crazychoir_task_assignment_webots_guidance-22] [INFO] [1745255592.002994373] [agent_3.guidance]: AGENT 3 checking task Task(id=13, coordinates=array('d', [0.6044563282666156, -1.992166897689577]), value=1, seq_num=13)
[crazychoir_task_assignment_webots_guidance-7] [INFO] [1745255592.003168939] [agent_0.guidance]: AGENT 0 Remaining tasks: [1, 5, 8, 10, 11, 12, 14, 16, 21, 23, 26, 28, 33, 35, 37, 38]
[crazychoir_task_assignment_webots_guidance-22] [INFO] [1745255592.003259535] [agent_3.guidance]: ***AGENT 3 Score for task 13: 0.8881760801592667
[crazychoir_task_assignment_webots_guidance-7] [INFO] [1745255592.003410053] [agent_0.guidance]: AGENT 0 Remaining tasks AFTER UPDATE: [1, 5, 8, 10, 11, 12, 14, 16, 21, 23, 26, 28, 33, 35, 37]
[crazychoir_task_assignment_webots_guidance-22] [INFO] [1745255592.003508461] [agent_3.guidance]: AGENT 3 checking task Task(id=25, coordinates=array('d', [2.3730069963368763, -0.8228784694012417]), value=1, seq_num=25)
[crazychoir_task_assignment_webots_guidance-7] [INFO] [1745255592.003660350] [agent_0.guidance]: AGENT 0 checking task Task(id=1, coordinates=array('d', [2.8361061597893062, 1.2888959620461877]), value=1, seq_num=1)
[crazychoir_task_assignment_webots_guidance-22] [INFO] [1745255592.003770123] [agent_3.guidance]: ***AGENT 3 Score for task 25: 0.9868653782518164
[crazychoir_task_assignment_webots_guidance-7] [INFO] [1745255592.003926735] [agent_0.guidance]: ***AGENT 0 Score for task 1: 0.7699561279924595
[crazychoir_task_assignment_webots_guidance-22] [INFO] [1745255592.004019776] [agent_3.guidance]: AGENT 3 checking task Task(id=29, coordinates=array('d', [1.9811286125900773, -0.49934217192982455]), value=1, seq_num=29)
[crazychoir_task_assignment_webots_guidance-7] [INFO] [1745255592.004172508] [agent_0.guidance]: AGENT 0 checking task Task(id=5, coordinates=array('d', [1.6762975307625148, -1.8138895523984815]), value=1, seq_num=5)
[crazychoir_task_assignment_webots_guidance-22] [INFO] [1745255592.004280403] [agent_3.guidance]: ***AGENT 3 Score for task 29: 0.9770523873848496
[crazychoir_task_assignment_webots_guidance-7] [INFO] [1745255592.004431513] [agent_0.guidance]: ***AGENT 0 Score for task 5: 0.7884378024882617
[crazychoir_task_assignment_webots_guidance-22] [INFO] [1745255592.004527269] [agent_3.guidance]: AGENT 3 checking task Task(id=34, coordinates=array('d', [0.5835996439150497, -1.5272777485013873]), value=1, seq_num=34)
[crazychoir_task_assignment_webots_guidance-7] [INFO] [1745255592.004683577] [agent_0.guidance]: AGENT 0 checking task Task(id=8, coordinates=array('d', [-2.9460834139946703, -0.6805723041382237]), value=1, seq_num=8)
[crazychoir_task_assignment_webots_guidance-22] [INFO] [1745255592.004787255] [agent_3.guidance]: ***AGENT 3 Score for task 34: 0.8989172474277137
[crazychoir_task_assignment_webots_guidance-7] [INFO] [1745255592.004944321] [agent_0.guidance]: ***AGENT 0 Score for task 8: 0.9237432840813544
[crazychoir_task_assignment_webots_guidance-22] [INFO] [1745255592.005030638] [agent_3.guidance]: AGENT 3 ADDING Best task: 25 with score: 0.9868653782518164
[crazychoir_task_assignment_webots_guidance-7] [INFO] [1745255592.005190862] [agent_0.guidance]: AGENT 0 checking task Task(id=10, coordinates=array('d', [-0.3831201187212141, 2.6938638406893762]), value=1, seq_num=10)
[crazychoir_task_assignment_webots_guidance-22] [INFO] [1745255592.005268955] [agent_3.guidance]: AGENT 3 Removing from remaining tasks: 25
[crazychoir_task_assignment_webots_guidance-7] [INFO] [1745255592.005456627] [agent_0.guidance]: ***AGENT 0 Score for task 10: 0.869616415110999
[crazychoir_task_assignment_webots_guidance-22] [INFO] [1745255592.005517679] [agent_3.guidance]: AGENT 3 Remaining tasks: [2, 3, 9, 13, 25, 29, 34]
[crazychoir_task_assignment_webots_guidance-7] [INFO] [1745255592.005703600] [agent_0.guidance]: AGENT 0 checking task Task(id=11, coordinates=array('d', [1.7178359156103653, 2.1977357914901905]), value=1, seq_num=11)
[crazychoir_task_assignment_webots_guidance-22] [INFO] [1745255592.005759195] [agent_3.guidance]: AGENT 3 Remaining tasks AFTER UPDATE: [2, 3, 9, 13, 29, 34]
[crazychoir_task_assignment_webots_guidance-7] [INFO] [1745255592.005974378] [agent_0.guidance]: ***AGENT 0 Score for task 11: 0.805279568091176
[crazychoir_task_assignment_webots_guidance-22] [INFO] [1745255592.006008206] [agent_3.guidance]: AGENT 3 checking task Task(id=2, coordinates=array('d', [1.1863729475836244, -1.7034630265177417]), value=1, seq_num=2)
[crazychoir_task_assignment_webots_guidance-7] [INFO] [1745255592.006222753] [agent_0.guidance]: AGENT 0 checking task Task(id=12, coordinates=array('d', [-1.961007471024311, -2.550308477921358]), value=1, seq_num=12)
[crazychoir_task_assignment_webots_guidance-22] [INFO] [1745255592.006272018] [agent_3.guidance]: ***AGENT 3 Score for task 2: 0.9270062928437414
[crazychoir_task_assignment_webots_guidance-7] [INFO] [1745255592.006483832] [agent_0.guidance]: ***AGENT 0 Score for task 12: 0.846519372880261
[crazychoir_task_assignment_webots_guidance-22] [INFO] [1745255592.006519659] [agent_3.guidance]: AGENT 3 checking task Task(id=3, coordinates=array('d', [2.8576467286574507, -2.962618468772461]), value=1, seq_num=3)
[crazychoir_task_assignment_webots_guidance-7] [INFO] [1745255592.006732778] [agent_0.guidance]: AGENT 0 checking task Task(id=14, coordinates=array('d', [1.4002810050634196, -0.5493368390879114]), value=1, seq_num=14)
[crazychoir_task_assignment_webots_guidance-22] [INFO] [1745255592.006781751] [agent_3.guidance]: ***AGENT 3 Score for task 3: 0.8935667009420841
[crazychoir_task_assignment_webots_guidance-7] [INFO] [1745255592.006995448] [agent_0.guidance]: ***AGENT 0 Score for task 14: 0.821626765785163
[crazychoir_task_assignment_webots_guidance-22] [INFO] [1745255592.007032625] [agent_3.guidance]: AGENT 3 checking task Task(id=9, coordinates=array('d', [-2.7350396524110026, 2.7399178062854155]), value=1, seq_num=9)
[crazychoir_task_assignment_webots_guidance-22] [INFO] [1745255592.007300011] [agent_3.guidance]: ***AGENT 3 Score for task 9: 0.726552119225738
[crazychoir_task_assignment_webots_guidance-22] [INFO] [1745255592.007554329] [agent_3.guidance]: AGENT 3 checking task Task(id=13, coordinates=array('d', [0.6044563282666156, -1.992166897689577]), value=1, seq_num=13)
[crazychoir_task_assignment_webots_guidance-7] [INFO] [1745255592.007245456] [agent_0.guidance]: AGENT 0 checking task Task(id=16, coordinates=array('d', [0.13017673466974777, -2.350839702676616]), value=1, seq_num=16)
[crazychoir_task_assignment_webots_guidance-7] [INFO] [1745255592.007513690] [agent_0.guidance]: ***AGENT 0 Score for task 16: 0.8210459620352241
[crazychoir_task_assignment_webots_guidance-7] [INFO] [1745255592.007766528] [agent_0.guidance]: AGENT 0 checking task Task(id=21, coordinates=array('d', [1.6044298025407429, -1.926156539753215]), value=1, seq_num=21)
[crazychoir_task_assignment_webots_guidance-22] [INFO] [1745255592.007823151] [agent_3.guidance]: ***AGENT 3 Score for task 13: 0.8969554123000639
[crazychoir_task_assignment_webots_guidance-7] [INFO] [1745255592.008034449] [agent_0.guidance]: ***AGENT 0 Score for task 21: 0.7883564434250625
[crazychoir_task_assignment_webots_guidance-22] [INFO] [1745255592.008075175] [agent_3.guidance]: AGENT 3 checking task Task(id=29, coordinates=array('d', [1.9811286125900773, -0.49934217192982455]), value=1, seq_num=29)
[crazychoir_task_assignment_webots_guidance-7] [INFO] [1745255592.008286575] [agent_0.guidance]: AGENT 0 checking task Task(id=23, coordinates=array('d', [1.1200024794980745, -1.477922108031701]), value=1, seq_num=23)
[crazychoir_task_assignment_webots_guidance-22] [INFO] [1745255592.008349214] [agent_3.guidance]: ***AGENT 3 Score for task 29: 0.974270688460876
[crazychoir_task_assignment_webots_guidance-7] [INFO] [1745255592.008560033] [agent_0.guidance]: ***AGENT 0 Score for task 23: 0.8151513784308804
[crazychoir_task_assignment_webots_guidance-22] [INFO] [1745255592.008607086] [agent_3.guidance]: AGENT 3 checking task Task(id=34, coordinates=array('d', [0.5835996439150497, -1.5272777485013873]), value=1, seq_num=34)
[crazychoir_task_assignment_webots_guidance-7] [INFO] [1745255592.008816395] [agent_0.guidance]: AGENT 0 checking task Task(id=26, coordinates=array('d', [0.8253424381124201, -1.8513215872862199]), value=1, seq_num=26)
[crazychoir_task_assignment_webots_guidance-22] [INFO] [1745255592.008893490] [agent_3.guidance]: ***AGENT 3 Score for task 34: 0.9060687923466756
[crazychoir_task_assignment_webots_guidance-7] [INFO] [1745255592.009088370] [agent_0.guidance]: ***AGENT 0 Score for task 26: 0.8158241270598376
[crazychoir_task_assignment_webots_guidance-22] [INFO] [1745255592.009142125] [agent_3.guidance]: AGENT 3 ADDING Best task: 29 with score: 0.974270688460876
[crazychoir_task_assignment_webots_guidance-7] [INFO] [1745255592.009340301] [agent_0.guidance]: AGENT 0 checking task Task(id=28, coordinates=array('d', [2.510298234838576, -0.409067571952634]), value=1, seq_num=28)
[crazychoir_task_assignment_webots_guidance-22] [INFO] [1745255592.009406599] [agent_3.guidance]: AGENT 3 Removing from remaining tasks: 29
[crazychoir_task_assignment_webots_guidance-7] [INFO] [1745255592.009612313] [agent_0.guidance]: ***AGENT 0 Score for task 28: 0.7793390101989399
[crazychoir_task_assignment_webots_guidance-22] [INFO] [1745255592.009651209] [agent_3.guidance]: AGENT 3 Remaining tasks: [2, 3, 9, 13, 29, 34]
[crazychoir_task_assignment_webots_guidance-7] [INFO] [1745255592.009860134] [agent_0.guidance]: AGENT 0 checking task Task(id=33, coordinates=array('d', [0.5741287024100066, -2.4920303338775387]), value=1, seq_num=33)
[crazychoir_task_assignment_webots_guidance-22] [INFO] [1745255592.009892291] [agent_3.guidance]: AGENT 3 Remaining tasks AFTER UPDATE: [2, 3, 9, 13, 34]
[crazychoir_task_assignment_webots_guidance-7] [INFO] [1745255592.010122063] [agent_0.guidance]: ***AGENT 0 Score for task 33: 0.8047089264740944
[crazychoir_task_assignment_webots_guidance-22] [INFO] [1745255592.010143318] [agent_3.guidance]: AGENT 3 checking task Task(id=2, coordinates=array('d', [1.1863729475836244, -1.7034630265177417]), value=1, seq_num=2)
[crazychoir_task_assignment_webots_guidance-7] [INFO] [1745255592.010367539] [agent_0.guidance]: AGENT 0 checking task Task(id=35, coordinates=array('d', [1.3955606915398064, 2.3679077539004325]), value=1, seq_num=35)
[crazychoir_task_assignment_webots_guidance-22] [INFO] [1745255592.010413156] [agent_3.guidance]: ***AGENT 3 Score for task 2: 0.9286682711773316
[crazychoir_task_assignment_webots_guidance-7] [INFO] [1745255592.010626568] [agent_0.guidance]: ***AGENT 0 Score for task 35: 0.8148630338326543
[crazychoir_task_assignment_webots_guidance-22] [INFO] [1745255592.010661216] [agent_3.guidance]: AGENT 3 checking task Task(id=3, coordinates=array('d', [2.8576467286574507, -2.962618468772461]), value=1, seq_num=3)
[crazychoir_task_assignment_webots_guidance-7] [INFO] [1745255592.010873420] [agent_0.guidance]: AGENT 0 checking task Task(id=37, coordinates=array('d', [-2.6095931257031557, 0.24044837785683804]), value=1, seq_num=37)
[crazychoir_task_assignment_webots_guidance-22] [INFO] [1745255592.010923947] [agent_3.guidance]: ***AGENT 3 Score for task 3: 0.8744936202523829
[crazychoir_task_assignment_webots_guidance-7] [INFO] [1745255592.011132717] [agent_0.guidance]: ***AGENT 0 Score for task 37: 0.9702050622783202
[crazychoir_task_assignment_webots_guidance-22] [INFO] [1745255592.011171942] [agent_3.guidance]: AGENT 3 checking task Task(id=9, coordinates=array('d', [-2.7350396524110026, 2.7399178062854155]), value=1, seq_num=9)
[crazychoir_task_assignment_webots_guidance-7] [INFO] [1745255592.011413190] [agent_0.guidance]: AGENT 0 ADDING Best task: 37 with score: 0.9702050622783202
[crazychoir_task_assignment_webots_guidance-22] [INFO] [1745255592.011433672] [agent_3.guidance]: ***AGENT 3 Score for task 9: 0.7456698924781503
[crazychoir_task_assignment_webots_guidance-7] [INFO] [1745255592.011657177] [agent_0.guidance]: AGENT 0 Removing from remaining tasks: 37
[crazychoir_task_assignment_webots_guidance-22] [INFO] [1745255592.011682139] [agent_3.guidance]: AGENT 3 checking task Task(id=13, coordinates=array('d', [0.6044563282666156, -1.992166897689577]), value=1, seq_num=13)
[crazychoir_task_assignment_webots_guidance-7] [INFO] [1745255592.011898435] [agent_0.guidance]: AGENT 0 Remaining tasks: [1, 5, 8, 10, 11, 12, 14, 16, 21, 23, 26, 28, 33, 35, 37]
[crazychoir_task_assignment_webots_guidance-22] [INFO] [1745255592.011943375] [agent_3.guidance]: ***AGENT 3 Score for task 13: 0.9010798369306975
[crazychoir_task_assignment_webots_guidance-7] [INFO] [1745255592.012137918] [agent_0.guidance]: AGENT 0 Remaining tasks AFTER UPDATE: [1, 5, 8, 10, 11, 12, 14, 16, 21, 23, 26, 28, 33, 35]
[crazychoir_task_assignment_webots_guidance-22] [INFO] [1745255592.012193303] [agent_3.guidance]: AGENT 3 checking task Task(id=34, coordinates=array('d', [0.5835996439150497, -1.5272777485013873]), value=1, seq_num=34)
[crazychoir_task_assignment_webots_guidance-7] [INFO] [1745255592.012392416] [agent_0.guidance]: AGENT 0 checking task Task(id=1, coordinates=array('d', [2.8361061597893062, 1.2888959620461877]), value=1, seq_num=1)
[crazychoir_task_assignment_webots_guidance-22] [INFO] [1745255592.012456049] [agent_3.guidance]: ***AGENT 3 Score for task 34: 0.91485776120717
[crazychoir_task_assignment_webots_guidance-7] [INFO] [1745255592.012658599] [agent_0.guidance]: ***AGENT 0 Score for task 1: 0.7524222123739578
[crazychoir_task_assignment_webots_guidance-22] [INFO] [1745255592.012700871] [agent_3.guidance]: AGENT 3 ADDING Best task: 2 with score: 0.9286682711773316
[crazychoir_task_assignment_webots_guidance-7] [INFO] [1745255592.012905822] [agent_0.guidance]: AGENT 0 checking task Task(id=5, coordinates=array('d', [1.6762975307625148, -1.8138895523984815]), value=1, seq_num=5)
[crazychoir_task_assignment_webots_guidance-22] [INFO] [1745255592.012939821] [agent_3.guidance]: AGENT 3 Removing from remaining tasks: 2
[crazychoir_task_assignment_webots_guidance-7] [INFO] [1745255592.013166288] [agent_0.guidance]: ***AGENT 0 Score for task 5: 0.7836544820151474
[crazychoir_task_assignment_webots_guidance-22] [INFO] [1745255592.013182986] [agent_3.guidance]: AGENT 3 Remaining tasks: [2, 3, 9, 13, 34]
[crazychoir_task_assignment_webots_guidance-7] [INFO] [1745255592.013420409] [agent_0.guidance]: AGENT 0 checking task Task(id=8, coordinates=array('d', [-2.9460834139946703, -0.6805723041382237]), value=1, seq_num=8)
[crazychoir_task_assignment_webots_guidance-22] [INFO] [1745255592.013432967] [agent_3.guidance]: AGENT 3 Remaining tasks AFTER UPDATE: [3, 9, 13, 34]
[crazychoir_task_assignment_webots_guidance-22] [INFO] [1745255592.013687570] [agent_3.guidance]: AGENT 3 checking task Task(id=3, coordinates=array('d', [2.8576467286574507, -2.962618468772461]), value=1, seq_num=3)
[crazychoir_task_assignment_webots_guidance-7] [INFO] [1745255592.013696598] [agent_0.guidance]: ***AGENT 0 Score for task 8: 0.9509475854590047
[crazychoir_task_assignment_webots_guidance-22] [INFO] [1745255592.013960277] [agent_3.guidance]: ***AGENT 3 Score for task 3: 0.8982273187673064
[crazychoir_task_assignment_webots_guidance-7] [INFO] [1745255592.013961090] [agent_0.guidance]: AGENT 0 checking task Task(id=10, coordinates=array('d', [-0.3831201187212141, 2.6938638406893762]), value=1, seq_num=10)
[crazychoir_task_assignment_webots_guidance-22] [INFO] [1745255592.014216050] [agent_3.guidance]: AGENT 3 checking task Task(id=9, coordinates=array('d', [-2.7350396524110026, 2.7399178062854155]), value=1, seq_num=9)
[crazychoir_task_assignment_webots_guidance-22] [INFO] [1745255592.014489436] [agent_3.guidance]: ***AGENT 3 Score for task 9: 0.7378757791800807
[crazychoir_task_assignment_webots_guidance-22] [INFO] [1745255592.014745325] [agent_3.guidance]: AGENT 3 checking task Task(id=13, coordinates=array('d', [0.6044563282666156, -1.992166897689577]), value=1, seq_num=13)
[crazychoir_task_assignment_webots_guidance-7] [INFO] [1745255592.014233766] [agent_0.guidance]: ***AGENT 0 Score for task 10: 0.8437169153720087
[crazychoir_task_assignment_webots_guidance-7] [INFO] [1745255592.014488191] [agent_0.guidance]: AGENT 0 checking task Task(id=11, coordinates=array('d', [1.7178359156103653, 2.1977357914901905]), value=1, seq_num=11)
[crazychoir_task_assignment_webots_guidance-7] [INFO] [1745255592.014757454] [agent_0.guidance]: ***AGENT 0 Score for task 11: 0.7837879419323782
[crazychoir_task_assignment_webots_guidance-7] [INFO] [1745255592.015010733] [agent_0.guidance]: AGENT 0 checking task Task(id=12, coordinates=array('d', [-1.961007471024311, -2.550308477921358]), value=1, seq_num=12)
[crazychoir_task_assignment_webots_guidance-22] [INFO] [1745255592.015019072] [agent_3.guidance]: ***AGENT 3 Score for task 13: 0.9672290021783566
[crazychoir_task_assignment_webots_guidance-22] [INFO] [1745255592.015275539] [agent_3.guidance]: AGENT 3 checking task Task(id=34, coordinates=array('d', [0.5835996439150497, -1.5272777485013873]), value=1, seq_num=34)
[crazychoir_task_assignment_webots_guidance-7] [INFO] [1745255592.015418303] [agent_0.guidance]: ***AGENT 0 Score for task 12: 0.8633266873197377
[crazychoir_task_assignment_webots_guidance-22] [INFO] [1745255592.015555299] [agent_3.guidance]: ***AGENT 3 Score for task 34: 0.9683013780138375
[crazychoir_task_assignment_webots_guidance-7] [INFO] [1745255592.015716736] [agent_0.guidance]: AGENT 0 checking task Task(id=14, coordinates=array('d', [1.4002810050634196, -0.5493368390879114]), value=1, seq_num=14)
[crazychoir_task_assignment_webots_guidance-22] [INFO] [1745255592.015810875] [agent_3.guidance]: AGENT 3 ADDING Best task: 34 with score: 0.9683013780138375
[crazychoir_task_assignment_webots_guidance-7] [INFO] [1745255592.016008628] [agent_0.guidance]: ***AGENT 0 Score for task 14: 0.8108832526793598
[crazychoir_task_assignment_webots_guidance-22] [INFO] [1745255592.016057026] [agent_3.guidance]: AGENT 3 Removing from remaining tasks: 34
[crazychoir_task_assignment_webots_guidance-22] [INFO] [1745255592.016302083] [agent_3.guidance]: AGENT 3 Remaining tasks: [3, 9, 13, 34]
[crazychoir_task_assignment_webots_guidance-7] [INFO] [1745255592.016306434] [agent_0.guidance]: AGENT 0 checking task Task(id=16, coordinates=array('d', [0.13017673466974777, -2.350839702676616]), value=1, seq_num=16)
[crazychoir_task_assignment_webots_guidance-22] [INFO] [1745255592.016548106] [agent_3.guidance]: AGENT 3 Remaining tasks AFTER UPDATE: [3, 9, 13]
[crazychoir_task_assignment_webots_guidance-7] [INFO] [1745255592.016675779] [agent_0.guidance]: ***AGENT 0 Score for task 16: 0.8241262193051873
[crazychoir_task_assignment_webots_guidance-22] [INFO] [1745255592.016807855] [agent_3.guidance]: AGENT 3 checking task Task(id=3, coordinates=array('d', [2.8576467286574507, -2.962618468772461]), value=1, seq_num=3)
[crazychoir_task_assignment_webots_guidance-7] [INFO] [1745255592.016937280] [agent_0.guidance]: AGENT 0 checking task Task(id=21, coordinates=array('d', [1.6044298025407429, -1.926156539753215]), value=1, seq_num=21)
[crazychoir_task_assignment_webots_guidance-22] [INFO] [1745255592.017090647] [agent_3.guidance]: ***AGENT 3 Score for task 3: 0.8711552865484448
[crazychoir_task_assignment_webots_guidance-7] [INFO] [1745255592.017209429] [agent_0.guidance]: ***AGENT 0 Score for task 21: 0.7842348945377731
[crazychoir_task_assignment_webots_guidance-22] [INFO] [1745255592.017343115] [agent_3.guidance]: AGENT 3 checking task Task(id=9, coordinates=array('d', [-2.7350396524110026, 2.7399178062854155]), value=1, seq_num=9)
[crazychoir_task_assignment_webots_guidance-7] [INFO] [1745255592.017469403] [agent_0.guidance]: AGENT 0 checking task Task(id=23, coordinates=array('d', [1.1200024794980745, -1.477922108031701]), value=1, seq_num=23)
[crazychoir_task_assignment_webots_guidance-22] [INFO] [1745255592.017621280] [agent_3.guidance]: ***AGENT 3 Score for task 9: 0.7578425479954738
[crazychoir_task_assignment_webots_guidance-7] [INFO] [1745255592.017738848] [agent_0.guidance]: ***AGENT 0 Score for task 23: 0.8100722963750957
[crazychoir_task_assignment_webots_guidance-22] [INFO] [1745255592.017874316] [agent_3.guidance]: AGENT 3 checking task Task(id=13, coordinates=array('d', [0.6044563282666156, -1.992166897689577]), value=1, seq_num=13)
[crazychoir_task_assignment_webots_guidance-7] [INFO] [1745255592.017991260] [agent_0.guidance]: AGENT 0 checking task Task(id=26, coordinates=array('d', [0.8253424381124201, -1.8513215872862199]), value=1, seq_num=26)
[crazychoir_task_assignment_webots_guidance-22] [INFO] [1745255592.018156425] [agent_3.guidance]: ***AGENT 3 Score for task 13: 0.9764129459033892
[crazychoir_task_assignment_webots_guidance-7] [INFO] [1745255592.018262172] [agent_0.guidance]: ***AGENT 0 Score for task 26: 0.8135990511327318
[crazychoir_task_assignment_webots_guidance-22] [INFO] [1745255592.018405059] [agent_3.guidance]: AGENT 3 ADDING Best task: 13 with score: 0.9764129459033892
[crazychoir_task_assignment_webots_guidance-7] [INFO] [1745255592.018514961] [agent_0.guidance]: AGENT 0 checking task Task(id=28, coordinates=array('d', [2.510298234838576, -0.409067571952634]), value=1, seq_num=28)
[crazychoir_task_assignment_webots_guidance-22] [INFO] [1745255592.018647804] [agent_3.guidance]: AGENT 3 Removing from remaining tasks: 13
[crazychoir_task_assignment_webots_guidance-7] [INFO] [1745255592.018782317] [agent_0.guidance]: ***AGENT 0 Score for task 28: 0.7674201045342196
[crazychoir_task_assignment_webots_guidance-22] [INFO] [1745255592.018890238] [agent_3.guidance]: AGENT 3 Remaining tasks: [3, 9, 13]
[crazychoir_task_assignment_webots_guidance-7] [INFO] [1745255592.019030296] [agent_0.guidance]: AGENT 0 checking task Task(id=33, coordinates=array('d', [0.5741287024100066, -2.4920303338775387]), value=1, seq_num=33)
[crazychoir_task_assignment_webots_guidance-22] [INFO] [1745255592.019131373] [agent_3.guidance]: AGENT 3 Remaining tasks AFTER UPDATE: [3, 9]
[crazychoir_task_assignment_webots_guidance-7] [INFO] [1745255592.019295314] [agent_0.guidance]: ***AGENT 0 Score for task 33: 0.8063778280777387
[crazychoir_task_assignment_webots_guidance-22] [INFO] [1745255592.019386841] [agent_3.guidance]: AGENT 3 checking task Task(id=3, coordinates=array('d', [2.8576467286574507, -2.962618468772461]), value=1, seq_num=3)
[crazychoir_task_assignment_webots_guidance-7] [INFO] [1745255592.019589392] [agent_0.guidance]: AGENT 0 checking task Task(id=35, coordinates=array('d', [1.3955606915398064, 2.3679077539004325]), value=1, seq_num=35)
[crazychoir_task_assignment_webots_guidance-22] [INFO] [1745255592.019662754] [agent_3.guidance]: ***AGENT 3 Score for task 3: 0.8817581689380735
[crazychoir_task_assignment_webots_guidance-7] [INFO] [1745255592.019868892] [agent_0.guidance]: ***AGENT 0 Score for task 35: 0.7924535409189104
[crazychoir_task_assignment_webots_guidance-22] [INFO] [1745255592.019920119] [agent_3.guidance]: AGENT 3 checking task Task(id=9, coordinates=array('d', [-2.7350396524110026, 2.7399178062854155]), value=1, seq_num=9)
[crazychoir_task_assignment_webots_guidance-22] [INFO] [1745255592.020210012] [agent_3.guidance]: ***AGENT 3 Score for task 9: 0.7429844880621481
[crazychoir_task_assignment_webots_guidance-7] [INFO] [1745255592.020122079] [agent_0.guidance]: AGENT 0 ADDING Best task: 8 with score: 0.9509475854590047
[crazychoir_task_assignment_webots_guidance-7] [INFO] [1745255592.020368052] [agent_0.guidance]: AGENT 0 Removing from remaining tasks: 8
[crazychoir_task_assignment_webots_guidance-7] [INFO] [1745255592.020618053] [agent_0.guidance]: AGENT 0 Remaining tasks: [1, 5, 8, 10, 11, 12, 14, 16, 21, 23, 26, 28, 33, 35]
[crazychoir_task_assignment_webots_guidance-7] [INFO] [1745255592.020868449] [agent_0.guidance]: AGENT 0 Remaining tasks AFTER UPDATE: [1, 5, 10, 11, 12, 14, 16, 21, 23, 26, 28, 33, 35]
[crazychoir_task_assignment_webots_guidance-22] [INFO] [1745255592.020467910] [agent_3.guidance]: AGENT 3 ADDING Best task: 3 with score: 0.8817581689380735
[crazychoir_task_assignment_webots_guidance-22] [INFO] [1745255592.020715137] [agent_3.guidance]: AGENT 3 Removing from remaining tasks: 3
[crazychoir_task_assignment_webots_guidance-22] [INFO] [1745255592.020963185] [agent_3.guidance]: AGENT 3 Remaining tasks: [3, 9]
[crazychoir_task_assignment_webots_guidance-7] [INFO] [1745255592.021131276] [agent_0.guidance]: AGENT 0 checking task Task(id=1, coordinates=array('d', [2.8361061597893062, 1.2888959620461877]), value=1, seq_num=1)
[crazychoir_task_assignment_webots_guidance-7] [INFO] [1745255592.021421044] [agent_0.guidance]: ***AGENT 0 Score for task 1: 0.7310160688197441
[crazychoir_task_assignment_webots_guidance-22] [INFO] [1745255592.021211676] [agent_3.guidance]: AGENT 3 Remaining tasks AFTER UPDATE: [9]
[crazychoir_task_assignment_webots_guidance-22] [INFO] [1745255592.021480794] [agent_3.guidance]: AGENT 3 checking task Task(id=9, coordinates=array('d', [-2.7350396524110026, 2.7399178062854155]), value=1, seq_num=9)
[crazychoir_task_assignment_webots_guidance-7] [INFO] [1745255592.021681342] [agent_0.guidance]: AGENT 0 checking task Task(id=5, coordinates=array('d', [1.6762975307625148, -1.8138895523984815]), value=1, seq_num=5)
[crazychoir_task_assignment_webots_guidance-22] [INFO] [1745255592.021768529] [agent_3.guidance]: ***AGENT 3 Score for task 9: 0.6638525282488226
[crazychoir_task_assignment_webots_guidance-7] [INFO] [1745255592.021955962] [agent_0.guidance]: ***AGENT 0 Score for task 5: 0.7833940023778867
[crazychoir_task_assignment_webots_guidance-22] [INFO] [1745255592.022021226] [agent_3.guidance]: AGENT 3 ADDING Best task: 9 with score: 0.6638525282488226
[crazychoir_task_assignment_webots_guidance-7] [INFO] [1745255592.022228489] [agent_0.guidance]: AGENT 0 checking task Task(id=10, coordinates=array('d', [-0.3831201187212141, 2.6938638406893762]), value=1, seq_num=10)
[crazychoir_task_assignment_webots_guidance-22] [INFO] [1745255592.022268292] [agent_3.guidance]: AGENT 3 Removing from remaining tasks: 9
[crazychoir_task_assignment_webots_guidance-7] [INFO] [1745255592.022507924] [agent_0.guidance]: ***AGENT 0 Score for task 10: 0.8046479260805134
[crazychoir_task_assignment_webots_guidance-22] [INFO] [1745255592.022513085] [agent_3.guidance]: AGENT 3 Remaining tasks: [9]
[crazychoir_task_assignment_webots_guidance-22] [INFO] [1745255592.022756413] [agent_3.guidance]: AGENT 3 Remaining tasks AFTER UPDATE: []
[crazychoir_task_assignment_webots_guidance-7] [INFO] [1745255592.022766985] [agent_0.guidance]: AGENT 0 checking task Task(id=11, coordinates=array('d', [1.7178359156103653, 2.1977357914901905]), value=1, seq_num=11)
[crazychoir_task_assignment_webots_guidance-22] [INFO] [1745255592.023008717] [agent_3.guidance]: AGENT 3 get_result: PATH AFTER UPDATE: [4, 17, 31, 15, 32, 6, 0, 30, 25, 29, 2, 34, 13, 3, 9]
[crazychoir_task_assignment_webots_guidance-7] [INFO] [1745255592.023040647] [agent_0.guidance]: ***AGENT 0 Score for task 11: 0.7549398448170433
[crazychoir_task_assignment_webots_guidance-22] [INFO] [1745255592.023256933] [agent_3.guidance]: AGENT 3 get_result: TASK 4 FOUND IN TASK MAP. NOW ADDING
[crazychoir_task_assignment_webots_guidance-7] [INFO] [1745255592.023295503] [agent_0.guidance]: AGENT 0 checking task Task(id=12, coordinates=array('d', [-1.961007471024311, -2.550308477921358]), value=1, seq_num=12)
[crazychoir_task_assignment_webots_guidance-22] [INFO] [1745255592.023503003] [agent_3.guidance]: AGENT 3 get_result: TASK 17 FOUND IN TASK MAP. NOW ADDING
[crazychoir_task_assignment_webots_guidance-7] [INFO] [1745255592.023568346] [agent_0.guidance]: ***AGENT 0 Score for task 12: 0.8972675709004005
[crazychoir_task_assignment_webots_guidance-22] [INFO] [1745255592.023745565] [agent_3.guidance]: AGENT 3 get_result: TASK 31 FOUND IN TASK MAP. NOW ADDING
[crazychoir_task_assignment_webots_guidance-7] [INFO] [1745255592.023827231] [agent_0.guidance]: AGENT 0 checking task Task(id=14, coordinates=array('d', [1.4002810050634196, -0.5493368390879114]), value=1, seq_num=14)
[crazychoir_task_assignment_webots_guidance-22] [INFO] [1745255592.023987343] [agent_3.guidance]: AGENT 3 get_result: TASK 15 FOUND IN TASK MAP. NOW ADDING
[crazychoir_task_assignment_webots_guidance-7] [INFO] [1745255592.024097653] [agent_0.guidance]: ***AGENT 0 Score for task 14: 0.8000820828690465
[crazychoir_task_assignment_webots_guidance-22] [INFO] [1745255592.024225590] [agent_3.guidance]: AGENT 3 get_result: TASK 32 FOUND IN TASK MAP. NOW ADDING
[crazychoir_task_assignment_webots_guidance-7] [INFO] [1745255592.024350501] [agent_0.guidance]: AGENT 0 checking task Task(id=16, coordinates=array('d', [0.13017673466974777, -2.350839702676616]), value=1, seq_num=16)
[crazychoir_task_assignment_webots_guidance-22] [INFO] [1745255592.024465140] [agent_3.guidance]: AGENT 3 get_result: TASK 6 FOUND IN TASK MAP. NOW ADDING
[crazychoir_task_assignment_webots_guidance-7] [INFO] [1745255592.024620399] [agent_0.guidance]: ***AGENT 0 Score for task 16: 0.8356463722568127
[crazychoir_task_assignment_webots_guidance-22] [INFO] [1745255592.024704549] [agent_3.guidance]: AGENT 3 get_result: TASK 0 FOUND IN TASK MAP. NOW ADDING
[crazychoir_task_assignment_webots_guidance-7] [INFO] [1745255592.024872748] [agent_0.guidance]: AGENT 0 checking task Task(id=21, coordinates=array('d', [1.6044298025407429, -1.926156539753215]), value=1, seq_num=21)
[crazychoir_task_assignment_webots_guidance-22] [INFO] [1745255592.024942219] [agent_3.guidance]: AGENT 3 get_result: TASK 30 FOUND IN TASK MAP. NOW ADDING
[crazychoir_task_assignment_webots_guidance-7] [INFO] [1745255592.025135505] [agent_0.guidance]: ***AGENT 0 Score for task 21: 0.7850585207402848
[crazychoir_task_assignment_webots_guidance-22] [INFO] [1745255592.025186332] [agent_3.guidance]: AGENT 3 get_result: TASK 25 FOUND IN TASK MAP. NOW ADDING
[crazychoir_task_assignment_webots_guidance-7] [INFO] [1745255592.025389877] [agent_0.guidance]: AGENT 0 checking task Task(id=23, coordinates=array('d', [1.1200024794980745, -1.477922108031701]), value=1, seq_num=23)
[crazychoir_task_assignment_webots_guidance-22] [INFO] [1745255592.025430816] [agent_3.guidance]: AGENT 3 get_result: TASK 29 FOUND IN TASK MAP. NOW ADDING
[crazychoir_task_assignment_webots_guidance-7] [INFO] [1745255592.025654395] [agent_0.guidance]: ***AGENT 0 Score for task 23: 0.8085318697132607
[crazychoir_task_assignment_webots_guidance-22] [INFO] [1745255592.025668523] [agent_3.guidance]: AGENT 3 get_result: TASK 2 FOUND IN TASK MAP. NOW ADDING
[crazychoir_task_assignment_webots_guidance-7] [INFO] [1745255592.025903966] [agent_0.guidance]: AGENT 0 checking task Task(id=26, coordinates=array('d', [0.8253424381124201, -1.8513215872862199]), value=1, seq_num=26)
[crazychoir_task_assignment_webots_guidance-22] [INFO] [1745255592.025905438] [agent_3.guidance]: AGENT 3 get_result: TASK 34 FOUND IN TASK MAP. NOW ADDING
[crazychoir_task_assignment_webots_guidance-22] [INFO] [1745255592.026142019] [agent_3.guidance]: AGENT 3 get_result: TASK 13 FOUND IN TASK MAP. NOW ADDING
[crazychoir_task_assignment_webots_guidance-7] [INFO] [1745255592.026166622] [agent_0.guidance]: ***AGENT 0 Score for task 26: 0.8166413136302172
[crazychoir_task_assignment_webots_guidance-22] [INFO] [1745255592.026379576] [agent_3.guidance]: AGENT 3 get_result: TASK 3 FOUND IN TASK MAP. NOW ADDING
[crazychoir_task_assignment_webots_guidance-7] [INFO] [1745255592.026416511] [agent_0.guidance]: AGENT 0 checking task Task(id=28, coordinates=array('d', [2.510298234838576, -0.409067571952634]), value=1, seq_num=28)
[crazychoir_task_assignment_webots_guidance-22] [INFO] [1745255592.026615512] [agent_3.guidance]: AGENT 3 get_result: TASK 9 FOUND IN TASK MAP. NOW ADDING
[crazychoir_task_assignment_webots_guidance-7] [INFO] [1745255592.026680911] [agent_0.guidance]: ***AGENT 0 Score for task 28: 0.7556159322698393
[crazychoir_task_assignment_webots_guidance-22] [WARN] [1745255592.026900695] [agent_3.guidance]: AGENT 3 get_result: FINAL ASSIGNED TASKS: [4, 17, 31, 15, 32, 6, 0, 30, 25, 29, 2, 34, 13, 3, 9] NOW EXITING
[crazychoir_task_assignment_webots_guidance-7] [INFO] [1745255592.026944300] [agent_0.guidance]: AGENT 0 checking task Task(id=33, coordinates=array('d', [0.5741287024100066, -2.4920303338775387]), value=1, seq_num=33)
[crazychoir_task_assignment_webots_guidance-22] [INFO] [1745255592.027152026] [agent_3.guidance]: AGENT 3 Optimization result: [4, 17, 31, 15, 32, 6, 0, 30, 25, 29, 2, 34, 13, 3, 9]
[crazychoir_task_assignment_webots_guidance-7] [INFO] [1745255592.027211599] [agent_0.guidance]: ***AGENT 0 Score for task 33: 0.8162231339753795
[crazychoir_task_assignment_webots_guidance-22] [INFO] [1745255592.027444674] [agent_3.guidance]: AGENT 3 task queue: [4, 17, 31, 15, 32, 6, 0, 30, 25, 29, 2, 34, 13, 3, 9]
[crazychoir_task_assignment_webots_guidance-7] [INFO] [1745255592.027467192] [agent_0.guidance]: AGENT 0 checking task Task(id=35, coordinates=array('d', [1.3955606915398064, 2.3679077539004325]), value=1, seq_num=35)
[crazychoir_task_assignment_webots_guidance-7] [INFO] [1745255592.027742217] [agent_0.guidance]: ***AGENT 0 Score for task 35: 0.7617694640942604
[crazychoir_task_assignment_webots_guidance-7] [INFO] [1745255592.027995174] [agent_0.guidance]: AGENT 0 ADDING Best task: 12 with score: 0.8972675709004005
[crazychoir_task_assignment_webots_guidance-7] [INFO] [1745255592.028244254] [agent_0.guidance]: AGENT 0 Removing from remaining tasks: 12
[crazychoir_task_assignment_webots_guidance-22] [WARN] [1745255592.028320372] [agent_3.guidance]: ********AGENT 3 Entered start_new_task******
[crazychoir_task_assignment_webots_guidance-7] [INFO] [1745255592.028491758] [agent_0.guidance]: AGENT 0 Remaining tasks: [1, 5, 10, 11, 12, 14, 16, 21, 23, 26, 28, 33, 35]
[crazychoir_task_assignment_webots_guidance-22] [INFO] [1745255592.028591344] [agent_3.guidance]: Got new task (seq_num 4) - starting execution
[crazychoir_task_assignment_webots_guidance-7] [INFO] [1745255592.028738015] [agent_0.guidance]: AGENT 0 Remaining tasks AFTER UPDATE: [1, 5, 10, 11, 14, 16, 21, 23, 26, 28, 33, 35]
[crazychoir_task_assignment_webots_guidance-7] [INFO] [1745255592.028999301] [agent_0.guidance]: AGENT 0 checking task Task(id=1, coordinates=array('d', [2.8361061597893062, 1.2888959620461877]), value=1, seq_num=1)
[crazychoir_task_assignment_webots_guidance-7] [INFO] [1745255592.029282003] [agent_0.guidance]: ***AGENT 0 Score for task 1: 0.7296730307158108
[crazychoir_task_assignment_webots_guidance-7] [INFO] [1745255592.029551032] [agent_0.guidance]: AGENT 0 checking task Task(id=5, coordinates=array('d', [1.6762975307625148, -1.8138895523984815]), value=1, seq_num=5)
[crazychoir_task_assignment_webots_guidance-7] [INFO] [1745255592.029844256] [agent_0.guidance]: ***AGENT 0 Score for task 5: 0.8266657787592665
[crazychoir_task_assignment_webots_guidance-7] [INFO] [1745255592.030118690] [agent_0.guidance]: AGENT 0 checking task Task(id=10, coordinates=array('d', [-0.3831201187212141, 2.6938638406893762]), value=1, seq_num=10)
[crazychoir_task_assignment_webots_guidance-7] [INFO] [1745255592.030425238] [agent_0.guidance]: ***AGENT 0 Score for task 10: 0.7551014746827559
[crazychoir_task_assignment_webots_guidance-7] [INFO] [1745255592.030691982] [agent_0.guidance]: AGENT 0 checking task Task(id=11, coordinates=array('d', [1.7178359156103653, 2.1977357914901905]), value=1, seq_num=11)
[crazychoir_task_assignment_webots_guidance-7] [INFO] [1745255592.030973943] [agent_0.guidance]: ***AGENT 0 Score for task 11: 0.7348475662865157
[crazychoir_task_assignment_webots_guidance-7] [INFO] [1745255592.031232310] [agent_0.guidance]: AGENT 0 checking task Task(id=14, coordinates=array('d', [1.4002810050634196, -0.5493368390879114]), value=1, seq_num=14)
[crazychoir_task_assignment_webots_planner-24] [INFO] [1745255592.030948633] [agent_3.planner]: Moving robot to position [-1.48210583 -0.39125081]
[crazychoir_task_assignment_webots_planner-24] [INFO] [1745255592.031389442] [agent_3.planner]: Goal [-1.4821058256993362, -0.39125080557332526, 0.95] sent
[crazychoir_task_assignment_webots_guidance-7] [INFO] [1745255592.031505943] [agent_0.guidance]: ***AGENT 0 Score for task 14: 0.8181996491241899
[crazychoir_task_assignment_webots_guidance-7] [INFO] [1745255592.031760122] [agent_0.guidance]: AGENT 0 checking task Task(id=16, coordinates=array('d', [0.13017673466974777, -2.350839702676616]), value=1, seq_num=16)
[crazychoir_task_assignment_webots_guidance-7] [INFO] [1745255592.032029052] [agent_0.guidance]: ***AGENT 0 Score for task 16: 0.8978515047121255
[crazychoir_task_assignment_webots_guidance-7] [INFO] [1745255592.032281206] [agent_0.guidance]: AGENT 0 checking task Task(id=21, coordinates=array('d', [1.6044298025407429, -1.926156539753215]), value=1, seq_num=21)
[crazychoir_task_assignment_webots_guidance-7] [INFO] [1745255592.032548000] [agent_0.guidance]: ***AGENT 0 Score for task 21: 0.830552552359307
[crazychoir_task_assignment_webots_guidance-7] [INFO] [1745255592.032799940] [agent_0.guidance]: AGENT 0 checking task Task(id=23, coordinates=array('d', [1.1200024794980745, -1.477922108031701]), value=1, seq_num=23)
[crazychoir_task_assignment_webots_guidance-7] [INFO] [1745255592.033065957] [agent_0.guidance]: ***AGENT 0 Score for task 23: 0.8459167080651299
[crazychoir_task_assignment_webots_guidance-7] [INFO] [1745255592.033319440] [agent_0.guidance]: AGENT 0 checking task Task(id=26, coordinates=array('d', [0.8253424381124201, -1.8513215872862199]), value=1, seq_num=26)
[crazychoir_task_assignment_webots_guidance-7] [INFO] [1745255592.033592336] [agent_0.guidance]: ***AGENT 0 Score for task 26: 0.86299225613452
[crazychoir_task_assignment_webots_guidance-7] [INFO] [1745255592.033847573] [agent_0.guidance]: AGENT 0 checking task Task(id=28, coordinates=array('d', [2.510298234838576, -0.409067571952634]), value=1, seq_num=28)
[crazychoir_task_assignment_webots_guidance-7] [INFO] [1745255592.034111181] [agent_0.guidance]: ***AGENT 0 Score for task 28: 0.7754668605042456
[crazychoir_task_assignment_webots_guidance-7] [INFO] [1745255592.034360885] [agent_0.guidance]: AGENT 0 checking task Task(id=33, coordinates=array('d', [0.5741287024100066, -2.4920303338775387]), value=1, seq_num=33)
[crazychoir_task_assignment_webots_guidance-7] [INFO] [1745255592.034623192] [agent_0.guidance]: ***AGENT 0 Score for task 33: 0.8780341064070316
[crazychoir_task_assignment_webots_guidance-7] [INFO] [1745255592.034873311] [agent_0.guidance]: AGENT 0 checking task Task(id=35, coordinates=array('d', [1.3955606915398064, 2.3679077539004325]), value=1, seq_num=35)
[crazychoir_task_assignment_webots_guidance-7] [INFO] [1745255592.035136494] [agent_0.guidance]: ***AGENT 0 Score for task 35: 0.7368116093357939
[crazychoir_task_assignment_webots_guidance-7] [INFO] [1745255592.035381353] [agent_0.guidance]: AGENT 0 ADDING Best task: 16 with score: 0.8978515047121255
[crazychoir_task_assignment_webots_guidance-7] [INFO] [1745255592.035619983] [agent_0.guidance]: AGENT 0 Removing from remaining tasks: 16
[crazychoir_task_assignment_webots_guidance-7] [INFO] [1745255592.035860228] [agent_0.guidance]: AGENT 0 Remaining tasks: [1, 5, 10, 11, 14, 16, 21, 23, 26, 28, 33, 35]
[crazychoir_task_assignment_webots_guidance-7] [INFO] [1745255592.036100034] [agent_0.guidance]: AGENT 0 Remaining tasks AFTER UPDATE: [1, 5, 10, 11, 14, 21, 23, 26, 28, 33, 35]
[crazychoir_task_assignment_webots_guidance-7] [INFO] [1745255592.036352598] [agent_0.guidance]: AGENT 0 checking task Task(id=1, coordinates=array('d', [2.8361061597893062, 1.2888959620461877]), value=1, seq_num=1)
[crazychoir_task_assignment_webots_guidance-7] [INFO] [1745255592.036622076] [agent_0.guidance]: ***AGENT 0 Score for task 1: 0.7924428340040652
[crazychoir_task_assignment_webots_guidance-7] [INFO] [1745255592.036871344] [agent_0.guidance]: AGENT 0 checking task Task(id=5, coordinates=array('d', [1.6762975307625148, -1.8138895523984815]), value=1, seq_num=5)
[crazychoir_task_assignment_webots_guidance-7] [INFO] [1745255592.037133214] [agent_0.guidance]: ***AGENT 0 Score for task 5: 0.9194753729464302
[crazychoir_task_assignment_webots_guidance-7] [INFO] [1745255592.037384438] [agent_0.guidance]: AGENT 0 checking task Task(id=10, coordinates=array('d', [-0.3831201187212141, 2.6938638406893762]), value=1, seq_num=10)
[crazychoir_task_assignment_webots_guidance-7] [INFO] [1745255592.037651981] [agent_0.guidance]: ***AGENT 0 Score for task 10: 0.7709779675271939
[crazychoir_task_assignment_webots_guidance-7] [INFO] [1745255592.037902623] [agent_0.guidance]: AGENT 0 checking task Task(id=11, coordinates=array('d', [1.7178359156103653, 2.1977357914901905]), value=1, seq_num=11)
[crazychoir_task_assignment_webots_guidance-7] [INFO] [1745255592.038168192] [agent_0.guidance]: ***AGENT 0 Score for task 11: 0.7810504528681291
[crazychoir_task_assignment_webots_guidance-7] [INFO] [1745255592.038435888] [agent_0.guidance]: AGENT 0 checking task Task(id=14, coordinates=array('d', [1.4002810050634196, -0.5493368390879114]), value=1, seq_num=14)
[crazychoir_task_assignment_webots_guidance-7] [INFO] [1745255592.038706269] [agent_0.guidance]: ***AGENT 0 Score for task 14: 0.8930956367510818
[crazychoir_task_assignment_webots_guidance-7] [INFO] [1745255592.038959985] [agent_0.guidance]: AGENT 0 checking task Task(id=21, coordinates=array('d', [1.6044298025407429, -1.926156539753215]), value=1, seq_num=21)
[crazychoir_task_assignment_webots_guidance-7] [INFO] [1745255592.039229933] [agent_0.guidance]: ***AGENT 0 Score for task 21: 0.9243224371307511
[crazychoir_task_assignment_webots_guidance-7] [INFO] [1745255592.039484581] [agent_0.guidance]: AGENT 0 checking task Task(id=23, coordinates=array('d', [1.1200024794980745, -1.477922108031701]), value=1, seq_num=23)
[crazychoir_task_assignment_webots_guidance-7] [INFO] [1745255592.039754435] [agent_0.guidance]: ***AGENT 0 Score for task 23: 0.9345460957836388
[crazychoir_task_assignment_webots_guidance-7] [INFO] [1745255592.040007871] [agent_0.guidance]: AGENT 0 checking task Task(id=26, coordinates=array('d', [0.8253424381124201, -1.8513215872862199]), value=1, seq_num=26)
[crazychoir_task_assignment_webots_guidance-7] [INFO] [1745255592.040274605] [agent_0.guidance]: ***AGENT 0 Score for task 26: 0.9570418198342774
[crazychoir_task_assignment_webots_guidance-7] [INFO] [1745255592.040526781] [agent_0.guidance]: AGENT 0 checking task Task(id=28, coordinates=array('d', [2.510298234838576, -0.409067571952634]), value=1, seq_num=28)
[crazychoir_task_assignment_webots_guidance-7] [INFO] [1745255592.040804048] [agent_0.guidance]: ***AGENT 0 Score for task 28: 0.8542267674031774
[crazychoir_task_assignment_webots_guidance-7] [INFO] [1745255592.041054243] [agent_0.guidance]: AGENT 0 checking task Task(id=33, coordinates=array('d', [0.5741287024100066, -2.4920303338775387]), value=1, seq_num=33)
[crazychoir_task_assignment_webots_guidance-7] [INFO] [1745255592.041314968] [agent_0.guidance]: ***AGENT 0 Score for task 33: 0.9763876026910939
[crazychoir_task_assignment_webots_guidance-7] [INFO] [1745255592.041570325] [agent_0.guidance]: AGENT 0 checking task Task(id=35, coordinates=array('d', [1.3955606915398064, 2.3679077539004325]), value=1, seq_num=35)
[crazychoir_task_assignment_webots_guidance-7] [INFO] [1745255592.041831946] [agent_0.guidance]: ***AGENT 0 Score for task 35: 0.7783401611887032
[crazychoir_task_assignment_webots_guidance-7] [INFO] [1745255592.042078383] [agent_0.guidance]: AGENT 0 ADDING Best task: 33 with score: 0.9763876026910939
[crazychoir_task_assignment_webots_guidance-7] [INFO] [1745255592.042318312] [agent_0.guidance]: AGENT 0 Removing from remaining tasks: 33
[crazychoir_task_assignment_webots_guidance-7] [INFO] [1745255592.042560469] [agent_0.guidance]: AGENT 0 Remaining tasks: [1, 5, 10, 11, 14, 21, 23, 26, 28, 33, 35]
[crazychoir_task_assignment_webots_guidance-7] [INFO] [1745255592.042805278] [agent_0.guidance]: AGENT 0 Remaining tasks AFTER UPDATE: [1, 5, 10, 11, 14, 21, 23, 26, 28, 35]
[crazychoir_task_assignment_webots_guidance-7] [INFO] [1745255592.043056818] [agent_0.guidance]: AGENT 0 checking task Task(id=1, coordinates=array('d', [2.8361061597893062, 1.2888959620461877]), value=1, seq_num=1)
[crazychoir_task_assignment_webots_guidance-7] [INFO] [1745255592.043325827] [agent_0.guidance]: ***AGENT 0 Score for task 1: 0.797723627832897
[crazychoir_task_assignment_webots_guidance-7] [INFO] [1745255592.043575148] [agent_0.guidance]: AGENT 0 checking task Task(id=5, coordinates=array('d', [1.6762975307625148, -1.8138895523984815]), value=1, seq_num=5)
[crazychoir_task_assignment_webots_guidance-7] [INFO] [1745255592.043836424] [agent_0.guidance]: ***AGENT 0 Score for task 5: 0.9357772749489927
[crazychoir_task_assignment_webots_guidance-7] [INFO] [1745255592.044082566] [agent_0.guidance]: AGENT 0 checking task Task(id=10, coordinates=array('d', [-0.3831201187212141, 2.6938638406893762]), value=1, seq_num=10)
[crazychoir_task_assignment_webots_guidance-7] [INFO] [1745255592.044342640] [agent_0.guidance]: ***AGENT 0 Score for task 10: 0.763001492009482
[crazychoir_task_assignment_webots_guidance-7] [INFO] [1745255592.044590442] [agent_0.guidance]: AGENT 0 checking task Task(id=11, coordinates=array('d', [1.7178359156103653, 2.1977357914901905]), value=1, seq_num=11)
[crazychoir_task_assignment_webots_guidance-7] [INFO] [1745255592.044851251] [agent_0.guidance]: ***AGENT 0 Score for task 11: 0.7806693476901665
[crazychoir_task_assignment_webots_guidance-7] [INFO] [1745255592.045099868] [agent_0.guidance]: AGENT 0 checking task Task(id=14, coordinates=array('d', [1.4002810050634196, -0.5493368390879114]), value=1, seq_num=14)
[crazychoir_task_assignment_webots_guidance-7] [INFO] [1745255592.045367361] [agent_0.guidance]: ***AGENT 0 Score for task 14: 0.897373281109779
[crazychoir_task_assignment_webots_guidance-7] [INFO] [1745255592.045621215] [agent_0.guidance]: AGENT 0 checking task Task(id=21, coordinates=array('d', [1.6044298025407429, -1.926156539753215]), value=1, seq_num=21)
[crazychoir_task_assignment_webots_guidance-7] [INFO] [1745255592.045889921] [agent_0.guidance]: ***AGENT 0 Score for task 21: 0.9414878730946262
[crazychoir_task_assignment_webots_guidance-7] [INFO] [1745255592.046146462] [agent_0.guidance]: AGENT 0 checking task Task(id=23, coordinates=array('d', [1.1200024794980745, -1.477922108031701]), value=1, seq_num=23)
[crazychoir_task_assignment_webots_guidance-7] [INFO] [1745255592.046440765] [agent_0.guidance]: ***AGENT 0 Score for task 23: 0.9426369555971399
[crazychoir_task_assignment_webots_guidance-7] [INFO] [1745255592.046701897] [agent_0.guidance]: AGENT 0 checking task Task(id=26, coordinates=array('d', [0.8253424381124201, -1.8513215872862199]), value=1, seq_num=26)
[crazychoir_task_assignment_webots_guidance-7] [INFO] [1745255592.046978520] [agent_0.guidance]: ***AGENT 0 Score for task 26: 0.9653158496040756
[crazychoir_task_assignment_webots_guidance-7] [INFO] [1745255592.047236107] [agent_0.guidance]: AGENT 0 checking task Task(id=28, coordinates=array('d', [2.510298234838576, -0.409067571952634]), value=1, seq_num=28)
[crazychoir_task_assignment_webots_guidance-7] [INFO] [1745255592.047511172] [agent_0.guidance]: ***AGENT 0 Score for task 28: 0.8642696475141326
[crazychoir_task_assignment_webots_guidance-7] [INFO] [1745255592.047765141] [agent_0.guidance]: AGENT 0 checking task Task(id=35, coordinates=array('d', [1.3955606915398064, 2.3679077539004325]), value=1, seq_num=35)
[crazychoir_task_assignment_webots_guidance-7] [INFO] [1745255592.048034495] [agent_0.guidance]: ***AGENT 0 Score for task 35: 0.7766092708712566
[crazychoir_task_assignment_webots_guidance-7] [INFO] [1745255592.048284810] [agent_0.guidance]: AGENT 0 ADDING Best task: 26 with score: 0.9653158496040756
[crazychoir_task_assignment_webots_guidance-7] [INFO] [1745255592.048528611] [agent_0.guidance]: AGENT 0 Removing from remaining tasks: 26
[crazychoir_task_assignment_webots_guidance-7] [INFO] [1745255592.048777755] [agent_0.guidance]: AGENT 0 Remaining tasks: [1, 5, 10, 11, 14, 21, 23, 26, 28, 35]
[crazychoir_task_assignment_webots_guidance-7] [INFO] [1745255592.049018007] [agent_0.guidance]: AGENT 0 Remaining tasks AFTER UPDATE: [1, 5, 10, 11, 14, 21, 23, 28, 35]
[crazychoir_task_assignment_webots_guidance-7] [INFO] [1745255592.049270089] [agent_0.guidance]: AGENT 0 checking task Task(id=1, coordinates=array('d', [2.8361061597893062, 1.2888959620461877]), value=1, seq_num=1)
[crazychoir_task_assignment_webots_guidance-7] [INFO] [1745255592.049547793] [agent_0.guidance]: ***AGENT 0 Score for task 1: 0.8259147441076299
[crazychoir_task_assignment_webots_guidance-7] [INFO] [1745255592.049799127] [agent_0.guidance]: AGENT 0 checking task Task(id=5, coordinates=array('d', [1.6762975307625148, -1.8138895523984815]), value=1, seq_num=5)
[crazychoir_task_assignment_webots_guidance-7] [INFO] [1745255592.050062146] [agent_0.guidance]: ***AGENT 0 Score for task 5: 0.957250181831461
[crazychoir_task_assignment_webots_guidance-7] [INFO] [1745255592.050312743] [agent_0.guidance]: AGENT 0 checking task Task(id=10, coordinates=array('d', [-0.3831201187212141, 2.6938638406893762]), value=1, seq_num=10)
[crazychoir_task_assignment_webots_guidance-7] [INFO] [1745255592.050576441] [agent_0.guidance]: ***AGENT 0 Score for task 10: 0.7856552622147924
[crazychoir_task_assignment_webots_guidance-7] [INFO] [1745255592.050823936] [agent_0.guidance]: AGENT 0 checking task Task(id=11, coordinates=array('d', [1.7178359156103653, 2.1977357914901905]), value=1, seq_num=11)
[crazychoir_task_assignment_webots_guidance-7] [INFO] [1745255592.051085969] [agent_0.guidance]: ***AGENT 0 Score for task 11: 0.808418868645122
[crazychoir_task_assignment_webots_guidance-7] [INFO] [1745255592.051332960] [agent_0.guidance]: AGENT 0 checking task Task(id=14, coordinates=array('d', [1.4002810050634196, -0.5493368390879114]), value=1, seq_num=14)
[crazychoir_task_assignment_webots_guidance-7] [INFO] [1745255592.051592108] [agent_0.guidance]: ***AGENT 0 Score for task 14: 0.9295965648706085
[crazychoir_task_assignment_webots_guidance-7] [INFO] [1745255592.051840883] [agent_0.guidance]: AGENT 0 checking task Task(id=21, coordinates=array('d', [1.6044298025407429, -1.926156539753215]), value=1, seq_num=21)
[crazychoir_task_assignment_webots_guidance-7] [INFO] [1745255592.052101903] [agent_0.guidance]: ***AGENT 0 Score for task 21: 0.9606492811398153
[crazychoir_task_assignment_webots_guidance-7] [INFO] [1745255592.052349291] [agent_0.guidance]: AGENT 0 checking task Task(id=23, coordinates=array('d', [1.1200024794980745, -1.477922108031701]), value=1, seq_num=23)
[crazychoir_task_assignment_webots_guidance-7] [INFO] [1745255592.052609708] [agent_0.guidance]: ***AGENT 0 Score for task 23: 0.9758970991319427
[crazychoir_task_assignment_webots_guidance-7] [INFO] [1745255592.052857426] [agent_0.guidance]: AGENT 0 checking task Task(id=28, coordinates=array('d', [2.510298234838576, -0.409067571952634]), value=1, seq_num=28)
[crazychoir_task_assignment_webots_guidance-7] [INFO] [1745255592.053116853] [agent_0.guidance]: ***AGENT 0 Score for task 28: 0.8924681389697177
[crazychoir_task_assignment_webots_guidance-7] [INFO] [1745255592.053372553] [agent_0.guidance]: AGENT 0 checking task Task(id=35, coordinates=array('d', [1.3955606915398064, 2.3679077539004325]), value=1, seq_num=35)
[crazychoir_task_assignment_webots_guidance-7] [INFO] [1745255592.053633455] [agent_0.guidance]: ***AGENT 0 Score for task 35: 0.8038153892819385
[crazychoir_task_assignment_webots_guidance-7] [INFO] [1745255592.053876235] [agent_0.guidance]: AGENT 0 ADDING Best task: 23 with score: 0.9758970991319427
[crazychoir_task_assignment_webots_guidance-7] [INFO] [1745255592.054113213] [agent_0.guidance]: AGENT 0 Removing from remaining tasks: 23
[crazychoir_task_assignment_webots_guidance-7] [INFO] [1745255592.054353691] [agent_0.guidance]: AGENT 0 Remaining tasks: [1, 5, 10, 11, 14, 21, 23, 28, 35]
[crazychoir_task_assignment_webots_guidance-7] [INFO] [1745255592.054613539] [agent_0.guidance]: AGENT 0 Remaining tasks AFTER UPDATE: [1, 5, 10, 11, 14, 21, 28, 35]
[crazychoir_task_assignment_webots_guidance-7] [INFO] [1745255592.054871887] [agent_0.guidance]: AGENT 0 checking task Task(id=1, coordinates=array('d', [2.8361061597893062, 1.2888959620461877]), value=1, seq_num=1)
[crazychoir_task_assignment_webots_guidance-7] [INFO] [1745255592.055157449] [agent_0.guidance]: ***AGENT 0 Score for task 1: 0.8461986095039405
[crazychoir_task_assignment_webots_guidance-7] [INFO] [1745255592.055419931] [agent_0.guidance]: AGENT 0 checking task Task(id=5, coordinates=array('d', [1.6762975307625148, -1.8138895523984815]), value=1, seq_num=5)
[crazychoir_task_assignment_webots_guidance-7] [INFO] [1745255592.055705519] [agent_0.guidance]: ***AGENT 0 Score for task 5: 0.9672152032767191
[crazychoir_task_assignment_webots_guidance-7] [INFO] [1745255592.055984397] [agent_0.guidance]: AGENT 0 checking task Task(id=10, coordinates=array('d', [-0.3831201187212141, 2.6938638406893762]), value=1, seq_num=10)
[crazychoir_task_assignment_webots_guidance-7] [INFO] [1745255592.056260514] [agent_0.guidance]: ***AGENT 0 Score for task 10: 0.7965616310878526
[crazychoir_task_assignment_webots_guidance-7] [INFO] [1745255592.056514185] [agent_0.guidance]: AGENT 0 checking task Task(id=11, coordinates=array('d', [1.7178359156103653, 2.1977357914901905]), value=1, seq_num=11)
[crazychoir_task_assignment_webots_guidance-7] [INFO] [1745255592.056786268] [agent_0.guidance]: ***AGENT 0 Score for task 11: 0.8261209463189406
[crazychoir_task_assignment_webots_guidance-7] [INFO] [1745255592.057036575] [agent_0.guidance]: AGENT 0 checking task Task(id=14, coordinates=array('d', [1.4002810050634196, -0.5493368390879114]), value=1, seq_num=14)
[crazychoir_task_assignment_webots_guidance-7] [INFO] [1745255592.057302750] [agent_0.guidance]: ***AGENT 0 Score for task 14: 0.9514648293995203
[crazychoir_task_assignment_webots_guidance-7] [INFO] [1745255592.057559066] [agent_0.guidance]: AGENT 0 checking task Task(id=21, coordinates=array('d', [1.6044298025407429, -1.926156539753215]), value=1, seq_num=21)
[crazychoir_task_assignment_webots_guidance-7] [INFO] [1745255592.057835615] [agent_0.guidance]: ***AGENT 0 Score for task 21: 0.966713649323243
[crazychoir_task_assignment_webots_guidance-7] [INFO] [1745255592.058084026] [agent_0.guidance]: AGENT 0 checking task Task(id=28, coordinates=array('d', [2.510298234838576, -0.409067571952634]), value=1, seq_num=28)
[crazychoir_task_assignment_webots_guidance-7] [INFO] [1745255592.058344528] [agent_0.guidance]: ***AGENT 0 Score for task 28: 0.9139753164737915
[crazychoir_task_assignment_webots_guidance-7] [INFO] [1745255592.058590992] [agent_0.guidance]: AGENT 0 checking task Task(id=35, coordinates=array('d', [1.3955606915398064, 2.3679077539004325]), value=1, seq_num=35)
[crazychoir_task_assignment_webots_guidance-7] [INFO] [1745255592.058850375] [agent_0.guidance]: ***AGENT 0 Score for task 35: 0.8205577359135705
[crazychoir_task_assignment_webots_guidance-7] [INFO] [1745255592.059092641] [agent_0.guidance]: AGENT 0 ADDING Best task: 5 with score: 0.9672152032767191
[crazychoir_task_assignment_webots_guidance-7] [INFO] [1745255592.059331803] [agent_0.guidance]: AGENT 0 Removing from remaining tasks: 5
[crazychoir_task_assignment_webots_guidance-7] [INFO] [1745255592.059568039] [agent_0.guidance]: AGENT 0 Remaining tasks: [1, 5, 10, 11, 14, 21, 28, 35]
[crazychoir_task_assignment_webots_guidance-7] [INFO] [1745255592.059804110] [agent_0.guidance]: AGENT 0 Remaining tasks AFTER UPDATE: [1, 10, 11, 14, 21, 28, 35]
[crazychoir_task_assignment_webots_guidance-7] [INFO] [1745255592.060051176] [agent_0.guidance]: AGENT 0 checking task Task(id=1, coordinates=array('d', [2.8361061597893062, 1.2888959620461877]), value=1, seq_num=1)
[crazychoir_task_assignment_webots_guidance-7] [INFO] [1745255592.060314536] [agent_0.guidance]: ***AGENT 0 Score for task 1: 0.8437430136561527
[crazychoir_task_assignment_webots_guidance-7] [INFO] [1745255592.060560695] [agent_0.guidance]: AGENT 0 checking task Task(id=10, coordinates=array('d', [-0.3831201187212141, 2.6938638406893762]), value=1, seq_num=10)
[crazychoir_task_assignment_webots_guidance-7] [INFO] [1745255592.060820009] [agent_0.guidance]: ***AGENT 0 Score for task 10: 0.7755328487560812
[crazychoir_task_assignment_webots_guidance-7] [INFO] [1745255592.061065642] [agent_0.guidance]: AGENT 0 checking task Task(id=11, coordinates=array('d', [1.7178359156103653, 2.1977357914901905]), value=1, seq_num=11)
[crazychoir_task_assignment_webots_guidance-7] [INFO] [1745255592.061324468] [agent_0.guidance]: ***AGENT 0 Score for task 11: 0.8140117238633726
[crazychoir_task_assignment_webots_guidance-7] [INFO] [1745255592.061573519] [agent_0.guidance]: AGENT 0 checking task Task(id=14, coordinates=array('d', [1.4002810050634196, -0.5493368390879114]), value=1, seq_num=14)
[crazychoir_task_assignment_webots_guidance-7] [INFO] [1745255592.061832327] [agent_0.guidance]: ***AGENT 0 Score for task 14: 0.9357656361224499
[crazychoir_task_assignment_webots_guidance-7] [INFO] [1745255592.062078742] [agent_0.guidance]: AGENT 0 checking task Task(id=21, coordinates=array('d', [1.6044298025407429, -1.926156539753215]), value=1, seq_num=21)
[crazychoir_task_assignment_webots_guidance-7] [INFO] [1745255592.062336791] [agent_0.guidance]: ***AGENT 0 Score for task 21: 0.9931859339205368
[crazychoir_task_assignment_webots_guidance-7] [INFO] [1745255592.062584252] [agent_0.guidance]: AGENT 0 checking task Task(id=28, coordinates=array('d', [2.510298234838576, -0.409067571952634]), value=1, seq_num=28)
[crazychoir_task_assignment_webots_guidance-7] [INFO] [1745255592.062859784] [agent_0.guidance]: ***AGENT 0 Score for task 28: 0.9196155989519028
[crazychoir_task_assignment_webots_guidance-7] [INFO] [1745255592.063110860] [agent_0.guidance]: AGENT 0 checking task Task(id=35, coordinates=array('d', [1.3955606915398064, 2.3679077539004325]), value=1, seq_num=35)
[crazychoir_task_assignment_webots_guidance-7] [INFO] [1745255592.063378358] [agent_0.guidance]: ***AGENT 0 Score for task 35: 0.8065567870628081
[crazychoir_task_assignment_webots_guidance-7] [INFO] [1745255592.063629056] [agent_0.guidance]: AGENT 0 ADDING Best task: 21 with score: 0.9931859339205368
[crazychoir_task_assignment_webots_guidance-7] [INFO] [1745255592.063873344] [agent_0.guidance]: AGENT 0 Removing from remaining tasks: 21
[crazychoir_task_assignment_webots_guidance-7] [INFO] [1745255592.064124001] [agent_0.guidance]: AGENT 0 Remaining tasks: [1, 10, 11, 14, 21, 28, 35]
[crazychoir_task_assignment_webots_guidance-7] [INFO] [1745255592.064375046] [agent_0.guidance]: AGENT 0 Remaining tasks AFTER UPDATE: [1, 10, 11, 14, 28, 35]
[crazychoir_task_assignment_webots_guidance-7] [INFO] [1745255592.064642940] [agent_0.guidance]: AGENT 0 checking task Task(id=1, coordinates=array('d', [2.8361061597893062, 1.2888959620461877]), value=1, seq_num=1)
[crazychoir_task_assignment_webots_guidance-7] [INFO] [1745255592.064938864] [agent_0.guidance]: ***AGENT 0 Score for task 1: 0.8381167251934344
[crazychoir_task_assignment_webots_guidance-7] [INFO] [1745255592.065204271] [agent_0.guidance]: AGENT 0 checking task Task(id=10, coordinates=array('d', [-0.3831201187212141, 2.6938638406893762]), value=1, seq_num=10)
[crazychoir_task_assignment_webots_guidance-7] [INFO] [1745255592.065501896] [agent_0.guidance]: ***AGENT 0 Score for task 10: 0.7726146277112458
[crazychoir_task_assignment_webots_guidance-7] [INFO] [1745255592.065775418] [agent_0.guidance]: AGENT 0 checking task Task(id=11, coordinates=array('d', [1.7178359156103653, 2.1977357914901905]), value=1, seq_num=11)
[crazychoir_task_assignment_webots_guidance-7] [INFO] [1745255592.066063134] [agent_0.guidance]: ***AGENT 0 Score for task 11: 0.8092818811894704
[crazychoir_task_assignment_webots_guidance-7] [INFO] [1745255592.066323181] [agent_0.guidance]: AGENT 0 checking task Task(id=14, coordinates=array('d', [1.4002810050634196, -0.5493368390879114]), value=1, seq_num=14)
[crazychoir_task_assignment_webots_guidance-7] [INFO] [1745255592.066608251] [agent_0.guidance]: ***AGENT 0 Score for task 14: 0.9310952208477485
[crazychoir_task_assignment_webots_guidance-7] [INFO] [1745255592.066867285] [agent_0.guidance]: AGENT 0 checking task Task(id=28, coordinates=array('d', [2.510298234838576, -0.409067571952634]), value=1, seq_num=28)
[crazychoir_task_assignment_webots_guidance-7] [INFO] [1745255592.067145622] [agent_0.guidance]: ***AGENT 0 Score for task 28: 0.9133525495886182
[crazychoir_task_assignment_webots_guidance-7] [INFO] [1745255592.067400587] [agent_0.guidance]: AGENT 0 checking task Task(id=35, coordinates=array('d', [1.3955606915398064, 2.3679077539004325]), value=1, seq_num=35)
[crazychoir_task_assignment_webots_guidance-7] [INFO] [1745255592.067665640] [agent_0.guidance]: ***AGENT 0 Score for task 35: 0.8021039134292909
[crazychoir_task_assignment_webots_guidance-7] [INFO] [1745255592.067908437] [agent_0.guidance]: AGENT 0 ADDING Best task: 14 with score: 0.9310952208477485
[crazychoir_task_assignment_webots_guidance-7] [INFO] [1745255592.068148281] [agent_0.guidance]: AGENT 0 Removing from remaining tasks: 14
[crazychoir_task_assignment_webots_guidance-7] [INFO] [1745255592.068385651] [agent_0.guidance]: AGENT 0 Remaining tasks: [1, 10, 11, 14, 28, 35]
[crazychoir_task_assignment_webots_guidance-7] [INFO] [1745255592.068621752] [agent_0.guidance]: AGENT 0 Remaining tasks AFTER UPDATE: [1, 10, 11, 28, 35]
[crazychoir_task_assignment_webots_guidance-7] [INFO] [1745255592.068868755] [agent_0.guidance]: AGENT 0 checking task Task(id=1, coordinates=array('d', [2.8361061597893062, 1.2888959620461877]), value=1, seq_num=1)
[crazychoir_task_assignment_webots_guidance-7] [INFO] [1745255592.069134021] [agent_0.guidance]: ***AGENT 0 Score for task 1: 0.8872370169022872
[crazychoir_task_assignment_webots_guidance-7] [INFO] [1745255592.069394589] [agent_0.guidance]: AGENT 0 checking task Task(id=10, coordinates=array('d', [-0.3831201187212141, 2.6938638406893762]), value=1, seq_num=10)
[crazychoir_task_assignment_webots_guidance-7] [INFO] [1745255592.069658271] [agent_0.guidance]: ***AGENT 0 Score for task 10: 0.8270859467475484
[crazychoir_task_assignment_webots_guidance-7] [INFO] [1745255592.069905867] [agent_0.guidance]: AGENT 0 checking task Task(id=11, coordinates=array('d', [1.7178359156103653, 2.1977357914901905]), value=1, seq_num=11)
[crazychoir_task_assignment_webots_guidance-7] [INFO] [1745255592.070168441] [agent_0.guidance]: ***AGENT 0 Score for task 11: 0.8677559801164748
[crazychoir_task_assignment_webots_guidance-7] [INFO] [1745255592.070418851] [agent_0.guidance]: AGENT 0 checking task Task(id=28, coordinates=array('d', [2.510298234838576, -0.409067571952634]), value=1, seq_num=28)
[crazychoir_task_assignment_webots_guidance-7] [INFO] [1745255592.070691087] [agent_0.guidance]: ***AGENT 0 Score for task 28: 0.9442264705025881
[crazychoir_task_assignment_webots_guidance-7] [INFO] [1745255592.070942347] [agent_0.guidance]: AGENT 0 checking task Task(id=35, coordinates=array('d', [1.3955606915398064, 2.3679077539004325]), value=1, seq_num=35)
[crazychoir_task_assignment_webots_guidance-7] [INFO] [1745255592.071219207] [agent_0.guidance]: ***AGENT 0 Score for task 35: 0.8610219497197837
[crazychoir_task_assignment_webots_guidance-7] [INFO] [1745255592.071462799] [agent_0.guidance]: AGENT 0 ADDING Best task: 28 with score: 0.9442264705025881
[crazychoir_task_assignment_webots_guidance-7] [INFO] [1745255592.071702714] [agent_0.guidance]: AGENT 0 Removing from remaining tasks: 28
[crazychoir_task_assignment_webots_guidance-7] [INFO] [1745255592.071945179] [agent_0.guidance]: AGENT 0 Remaining tasks: [1, 10, 11, 28, 35]
[crazychoir_task_assignment_webots_guidance-7] [INFO] [1745255592.072190993] [agent_0.guidance]: AGENT 0 Remaining tasks AFTER UPDATE: [1, 10, 11, 35]
[crazychoir_task_assignment_webots_guidance-7] [INFO] [1745255592.072465377] [agent_0.guidance]: AGENT 0 checking task Task(id=1, coordinates=array('d', [2.8361061597893062, 1.2888959620461877]), value=1, seq_num=1)
[crazychoir_task_assignment_webots_guidance-7] [INFO] [1745255592.072747155] [agent_0.guidance]: ***AGENT 0 Score for task 1: 0.9151356343126369
[crazychoir_task_assignment_webots_guidance-7] [INFO] [1745255592.073004413] [agent_0.guidance]: AGENT 0 checking task Task(id=10, coordinates=array('d', [-0.3831201187212141, 2.6938638406893762]), value=1, seq_num=10)
[crazychoir_task_assignment_webots_guidance-7] [INFO] [1745255592.073277732] [agent_0.guidance]: ***AGENT 0 Score for task 10: 0.8044315992450377
[crazychoir_task_assignment_webots_guidance-7] [INFO] [1745255592.073542413] [agent_0.guidance]: AGENT 0 checking task Task(id=11, coordinates=array('d', [1.7178359156103653, 2.1977357914901905]), value=1, seq_num=11)
[crazychoir_task_assignment_webots_guidance-7] [INFO] [1745255592.073814641] [agent_0.guidance]: ***AGENT 0 Score for task 11: 0.8695725795662596
[crazychoir_task_assignment_webots_guidance-7] [INFO] [1745255592.074066952] [agent_0.guidance]: AGENT 0 checking task Task(id=35, coordinates=array('d', [1.3955606915398064, 2.3679077539004325]), value=1, seq_num=35)
[crazychoir_task_assignment_webots_guidance-7] [INFO] [1745255592.074336009] [agent_0.guidance]: ***AGENT 0 Score for task 35: 0.857710956248799
[crazychoir_task_assignment_webots_guidance-7] [INFO] [1745255592.074583761] [agent_0.guidance]: AGENT 0 ADDING Best task: 1 with score: 0.9151356343126369
[crazychoir_task_assignment_webots_guidance-7] [INFO] [1745255592.074822161] [agent_0.guidance]: AGENT 0 Removing from remaining tasks: 1
[crazychoir_task_assignment_webots_guidance-7] [INFO] [1745255592.075060267] [agent_0.guidance]: AGENT 0 Remaining tasks: [1, 10, 11, 35]
[crazychoir_task_assignment_webots_guidance-7] [INFO] [1745255592.075298802] [agent_0.guidance]: AGENT 0 Remaining tasks AFTER UPDATE: [10, 11, 35]
[crazychoir_task_assignment_webots_guidance-7] [INFO] [1745255592.075549320] [agent_0.guidance]: AGENT 0 checking task Task(id=10, coordinates=array('d', [-0.3831201187212141, 2.6938638406893762]), value=1, seq_num=10)
[crazychoir_task_assignment_webots_guidance-7] [INFO] [1745255592.075816452] [agent_0.guidance]: ***AGENT 0 Score for task 10: 0.835132002993354
[crazychoir_task_assignment_webots_guidance-7] [INFO] [1745255592.076064730] [agent_0.guidance]: AGENT 0 checking task Task(id=11, coordinates=array('d', [1.7178359156103653, 2.1977357914901905]), value=1, seq_num=11)
[crazychoir_task_assignment_webots_guidance-7] [INFO] [1745255592.076331768] [agent_0.guidance]: ***AGENT 0 Score for task 11: 0.9287512854968853
[crazychoir_task_assignment_webots_guidance-7] [INFO] [1745255592.076581075] [agent_0.guidance]: AGENT 0 checking task Task(id=35, coordinates=array('d', [1.3955606915398064, 2.3679077539004325]), value=1, seq_num=35)
[crazychoir_task_assignment_webots_guidance-7] [INFO] [1745255592.076843012] [agent_0.guidance]: ***AGENT 0 Score for task 35: 0.9118133976129726
[crazychoir_task_assignment_webots_guidance-7] [INFO] [1745255592.077086604] [agent_0.guidance]: AGENT 0 ADDING Best task: 11 with score: 0.9287512854968853
[crazychoir_task_assignment_webots_guidance-7] [INFO] [1745255592.077325949] [agent_0.guidance]: AGENT 0 Removing from remaining tasks: 11
[crazychoir_task_assignment_webots_guidance-7] [INFO] [1745255592.077571224] [agent_0.guidance]: AGENT 0 Remaining tasks: [10, 11, 35]
[crazychoir_task_assignment_webots_guidance-7] [INFO] [1745255592.077813111] [agent_0.guidance]: AGENT 0 Remaining tasks AFTER UPDATE: [10, 35]
[crazychoir_task_assignment_webots_guidance-7] [INFO] [1745255592.078069501] [agent_0.guidance]: AGENT 0 checking task Task(id=10, coordinates=array('d', [-0.3831201187212141, 2.6938638406893762]), value=1, seq_num=10)
[crazychoir_task_assignment_webots_guidance-7] [INFO] [1745255592.078340497] [agent_0.guidance]: ***AGENT 0 Score for task 10: 0.8951814022572018
[crazychoir_task_assignment_webots_guidance-7] [INFO] [1745255592.078594392] [agent_0.guidance]: AGENT 0 checking task Task(id=35, coordinates=array('d', [1.3955606915398064, 2.3679077539004325]), value=1, seq_num=35)
[crazychoir_task_assignment_webots_guidance-7] [INFO] [1745255592.078858248] [agent_0.guidance]: ***AGENT 0 Score for task 35: 0.9814800802693421
[crazychoir_task_assignment_webots_guidance-7] [INFO] [1745255592.079101231] [agent_0.guidance]: AGENT 0 ADDING Best task: 35 with score: 0.9814800802693421
[crazychoir_task_assignment_webots_guidance-7] [INFO] [1745255592.079337537] [agent_0.guidance]: AGENT 0 Removing from remaining tasks: 35
[crazychoir_task_assignment_webots_guidance-7] [INFO] [1745255592.079573806] [agent_0.guidance]: AGENT 0 Remaining tasks: [10, 35]
[crazychoir_task_assignment_webots_guidance-7] [INFO] [1745255592.079823257] [agent_0.guidance]: AGENT 0 Remaining tasks AFTER UPDATE: [10]
[crazychoir_task_assignment_webots_guidance-7] [INFO] [1745255592.080075221] [agent_0.guidance]: AGENT 0 checking task Task(id=10, coordinates=array('d', [-0.3831201187212141, 2.6938638406893762]), value=1, seq_num=10)
[crazychoir_task_assignment_webots_guidance-7] [INFO] [1745255592.080356292] [agent_0.guidance]: ***AGENT 0 Score for task 10: 0.9114179370055617
[crazychoir_task_assignment_webots_guidance-7] [INFO] [1745255592.080606084] [agent_0.guidance]: AGENT 0 ADDING Best task: 10 with score: 0.9114179370055617
[crazychoir_task_assignment_webots_guidance-7] [INFO] [1745255592.080851036] [agent_0.guidance]: AGENT 0 Removing from remaining tasks: 10
[crazychoir_task_assignment_webots_guidance-7] [INFO] [1745255592.081097190] [agent_0.guidance]: AGENT 0 Remaining tasks: [10]
[crazychoir_task_assignment_webots_guidance-7] [INFO] [1745255592.081336459] [agent_0.guidance]: AGENT 0 Remaining tasks AFTER UPDATE: []
[crazychoir_task_assignment_webots_guidance-7] [INFO] [1745255592.081588384] [agent_0.guidance]: AGENT 0 get_result: PATH AFTER UPDATE: [18, 36, 19, 22, 7, 38, 37, 8, 12, 16, 33, 26, 23, 5, 21, 14, 28, 1, 11, 35, 10]
[crazychoir_task_assignment_webots_guidance-7] [INFO] [1745255592.081833260] [agent_0.guidance]: AGENT 0 get_result: TASK 18 FOUND IN TASK MAP. NOW ADDING
[crazychoir_task_assignment_webots_guidance-7] [INFO] [1745255592.082073067] [agent_0.guidance]: AGENT 0 get_result: TASK 36 FOUND IN TASK MAP. NOW ADDING
[crazychoir_task_assignment_webots_guidance-7] [INFO] [1745255592.082311176] [agent_0.guidance]: AGENT 0 get_result: TASK 19 FOUND IN TASK MAP. NOW ADDING
[crazychoir_task_assignment_webots_guidance-7] [INFO] [1745255592.082555574] [agent_0.guidance]: AGENT 0 get_result: TASK 22 FOUND IN TASK MAP. NOW ADDING
[crazychoir_task_assignment_webots_guidance-7] [INFO] [1745255592.082792114] [agent_0.guidance]: AGENT 0 get_result: TASK 7 FOUND IN TASK MAP. NOW ADDING
[crazychoir_task_assignment_webots_guidance-7] [INFO] [1745255592.083026502] [agent_0.guidance]: AGENT 0 get_result: TASK 38 FOUND IN TASK MAP. NOW ADDING
[crazychoir_task_assignment_webots_guidance-7] [INFO] [1745255592.083261889] [agent_0.guidance]: AGENT 0 get_result: TASK 37 FOUND IN TASK MAP. NOW ADDING
[crazychoir_task_assignment_webots_guidance-7] [INFO] [1745255592.083495256] [agent_0.guidance]: AGENT 0 get_result: TASK 8 FOUND IN TASK MAP. NOW ADDING
[crazychoir_task_assignment_webots_guidance-7] [INFO] [1745255592.083732151] [agent_0.guidance]: AGENT 0 get_result: TASK 12 FOUND IN TASK MAP. NOW ADDING
[crazychoir_task_assignment_webots_guidance-7] [INFO] [1745255592.083969845] [agent_0.guidance]: AGENT 0 get_result: TASK 16 FOUND IN TASK MAP. NOW ADDING
[crazychoir_task_assignment_webots_guidance-7] [INFO] [1745255592.084209046] [agent_0.guidance]: AGENT 0 get_result: TASK 33 FOUND IN TASK MAP. NOW ADDING
[crazychoir_task_assignment_webots_guidance-7] [INFO] [1745255592.084445425] [agent_0.guidance]: AGENT 0 get_result: TASK 26 FOUND IN TASK MAP. NOW ADDING
[crazychoir_task_assignment_webots_guidance-7] [INFO] [1745255592.084680195] [agent_0.guidance]: AGENT 0 get_result: TASK 23 FOUND IN TASK MAP. NOW ADDING
[crazychoir_task_assignment_webots_guidance-7] [INFO] [1745255592.084911685] [agent_0.guidance]: AGENT 0 get_result: TASK 5 FOUND IN TASK MAP. NOW ADDING
[crazychoir_task_assignment_webots_guidance-7] [INFO] [1745255592.085146998] [agent_0.guidance]: AGENT 0 get_result: TASK 21 FOUND IN TASK MAP. NOW ADDING
[crazychoir_task_assignment_webots_guidance-7] [INFO] [1745255592.085385892] [agent_0.guidance]: AGENT 0 get_result: TASK 14 FOUND IN TASK MAP. NOW ADDING
[crazychoir_task_assignment_webots_guidance-7] [INFO] [1745255592.085620836] [agent_0.guidance]: AGENT 0 get_result: TASK 28 FOUND IN TASK MAP. NOW ADDING
[crazychoir_task_assignment_webots_guidance-7] [INFO] [1745255592.085854843] [agent_0.guidance]: AGENT 0 get_result: TASK 1 FOUND IN TASK MAP. NOW ADDING
[crazychoir_task_assignment_webots_guidance-7] [INFO] [1745255592.086089380] [agent_0.guidance]: AGENT 0 get_result: TASK 11 FOUND IN TASK MAP. NOW ADDING
[crazychoir_task_assignment_webots_guidance-7] [INFO] [1745255592.086323431] [agent_0.guidance]: AGENT 0 get_result: TASK 35 FOUND IN TASK MAP. NOW ADDING
[crazychoir_task_assignment_webots_guidance-7] [INFO] [1745255592.086561075] [agent_0.guidance]: AGENT 0 get_result: TASK 10 FOUND IN TASK MAP. NOW ADDING
[crazychoir_task_assignment_webots_guidance-7] [WARN] [1745255592.086844766] [agent_0.guidance]: AGENT 0 get_result: FINAL ASSIGNED TASKS: [18, 36, 19, 22, 7, 38, 37, 8, 12, 16, 33, 26, 23, 5, 21, 14, 28, 1, 11, 35, 10] NOW EXITING
[crazychoir_task_assignment_webots_guidance-7] [INFO] [1745255592.087089650] [agent_0.guidance]: AGENT 0 Optimization result: [18, 36, 19, 22, 7, 38, 37, 8, 12, 16, 33, 26, 23, 5, 21, 14, 28, 1, 11, 35, 10]
[crazychoir_task_assignment_webots_guidance-7] [INFO] [1745255592.087353017] [agent_0.guidance]: AGENT 0 task queue: [18, 36, 19, 22, 7, 38, 37, 8, 12, 16, 33, 26, 23, 5, 21, 14, 28, 1, 11, 35, 10]
[crazychoir_task_assignment_webots_guidance-7] [WARN] [1745255592.088124998] [agent_0.guidance]: ********AGENT 0 Entered start_new_task******
[crazychoir_task_assignment_webots_guidance-7] [INFO] [1745255592.088376372] [agent_0.guidance]: Got new task (seq_num 18) - starting execution
[crazychoir_task_assignment_webots_planner-9] [INFO] [1745255592.089868242] [agent_0.planner]: Moving robot to position [0.14642448 0.82566146]
[crazychoir_task_assignment_webots_planner-9] [INFO] [1745255592.090304800] [agent_0.planner]: Goal [0.14642448041084055, 0.8256614647559619, 0.5] sent
[crazychoir_task_assignment_webots_planner-29] [INFO] [1745255607.219182872] [agent_4.planner]: Goal reached - current position: [-0.01374437 -1.85542519]
[crazychoir_task_assignment_webots_guidance-27] [INFO] [1745255607.227589411] [agent_4.guidance]: Task completed (seq_num 27)
[crazychoir_task_assignment_webots_guidance-27] [WARN] [1745255607.231753576] [agent_4.guidance]: ********AGENT 4 Entered start_new_task******
[crazychoir_task_assignment_webots_guidance-27] [WARN] [1745255607.233867259] [agent_4.guidance]: ********AGENT 4 start_new_task: Queue is EMPTY.******
[crazychoir_task_assignment_webots_planner-19] [INFO] [1745255607.459437775] [agent_2.planner]: Goal reached - current position: [-0.66141273  0.76910177]
[crazychoir_task_assignment_webots_guidance-17] [INFO] [1745255607.468553380] [agent_2.guidance]: Task completed (seq_num 20)
[crazychoir_task_assignment_webots_guidance-17] [WARN] [1745255607.474559262] [agent_2.guidance]: ********AGENT 2 Entered start_new_task******
[crazychoir_task_assignment_webots_guidance-17] [INFO] [1745255607.476134351] [agent_2.guidance]: Got new task (seq_num 39) - starting execution
[crazychoir_task_assignment_webots_planner-19] [INFO] [1745255607.492778829] [agent_2.planner]: Moving robot to position [-0.81809792  1.60654821]
[crazychoir_task_assignment_webots_planner-19] [INFO] [1745255607.495018212] [agent_2.planner]: Goal [-0.8180979177309728, 1.606548205984474, 0.8] sent
[crazychoir_task_assignment_webots_planner-14] [INFO] [1745255608.438213586] [agent_1.planner]: Goal reached - current position: [0.30914002 0.79541789]
[crazychoir_task_assignment_webots_guidance-12] [INFO] [1745255608.445229450] [agent_1.guidance]: Task completed (seq_num 24)
[crazychoir_task_assignment_webots_guidance-12] [WARN] [1745255608.448331022] [agent_1.guidance]: ********AGENT 1 Entered start_new_task******
[crazychoir_task_assignment_webots_guidance-12] [WARN] [1745255608.452252359] [agent_1.guidance]: ********AGENT 1 start_new_task: Queue is EMPTY.******
[crazychoir_task_assignment_webots_planner-24] [INFO] [1745255608.536768312] [agent_3.planner]: Goal reached - current position: [-1.45099012 -0.43023773]
[crazychoir_task_assignment_webots_guidance-22] [INFO] [1745255608.547366599] [agent_3.guidance]: Task completed (seq_num 4)
[crazychoir_task_assignment_webots_guidance-22] [WARN] [1745255608.550529164] [agent_3.guidance]: ********AGENT 3 Entered start_new_task******
[crazychoir_task_assignment_webots_guidance-22] [INFO] [1745255608.552051525] [agent_3.guidance]: Got new task (seq_num 17) - starting execution
[crazychoir_task_assignment_webots_planner-24] [INFO] [1745255608.566022429] [agent_3.planner]: Moving robot to position [-2.05065956  0.27121591]
[crazychoir_task_assignment_webots_planner-24] [INFO] [1745255608.568132787] [agent_3.planner]: Goal [-2.0506595568912034, 0.2712159102192766, 0.95] sent
[crazychoir_task_assignment_webots_planner-9] [INFO] [1745255608.722620449] [agent_0.planner]: Goal reached - current position: [0.19559592 0.83234971]
[crazychoir_task_assignment_webots_guidance-7] [INFO] [1745255608.730480223] [agent_0.guidance]: Task completed (seq_num 18)
[crazychoir_task_assignment_webots_guidance-7] [WARN] [1745255608.737084561] [agent_0.guidance]: ********AGENT 0 Entered start_new_task******
[crazychoir_task_assignment_webots_guidance-7] [INFO] [1745255608.740309591] [agent_0.guidance]: Got new task (seq_num 36) - starting execution
[crazychoir_task_assignment_webots_planner-9] [INFO] [1745255608.745898753] [agent_0.planner]: Moving robot to position [0.08840383 0.62138106]
[crazychoir_task_assignment_webots_planner-9] [INFO] [1745255608.747275935] [agent_0.planner]: Goal [0.0884038254788706, 0.6213810621612383, 0.5] sent
[crazychoir_task_assignment_webots_planner-9] [INFO] [1745255622.798504065] [agent_0.planner]: Goal reached - current position: [0.11091707 0.66581837]
[crazychoir_task_assignment_webots_guidance-7] [INFO] [1745255622.803402225] [agent_0.guidance]: Task completed (seq_num 36)
[crazychoir_task_assignment_webots_guidance-7] [WARN] [1745255622.813546347] [agent_0.guidance]: ********AGENT 0 Entered start_new_task******
[crazychoir_task_assignment_webots_guidance-7] [INFO] [1745255622.814899060] [agent_0.guidance]: Got new task (seq_num 19) - starting execution
[crazychoir_task_assignment_webots_planner-9] [INFO] [1745255622.828019007] [agent_0.planner]: Moving robot to position [-0.59102734  0.89883065]
[crazychoir_task_assignment_webots_planner-9] [INFO] [1745255622.833138024] [agent_0.planner]: Goal [-0.5910273384583626, 0.898830654116054, 0.5] sent
[crazychoir_task_assignment_webots_planner-19] [INFO] [1745255624.231157697] [agent_2.planner]: Goal reached - current position: [-0.80812924  1.55763854]
[crazychoir_task_assignment_webots_guidance-17] [INFO] [1745255624.236359200] [agent_2.guidance]: Task completed (seq_num 39)
[crazychoir_task_assignment_webots_guidance-17] [WARN] [1745255624.239136719] [agent_2.guidance]: ********AGENT 2 Entered start_new_task******
[crazychoir_task_assignment_webots_guidance-17] [WARN] [1745255624.240727757] [agent_2.guidance]: ********AGENT 2 start_new_task: Queue is EMPTY.******
[crazychoir_task_assignment_webots_planner-24] [INFO] [1745255625.299955753] [agent_3.planner]: Goal reached - current position: [-2.01776756  0.23375555]
[crazychoir_task_assignment_webots_guidance-22] [INFO] [1745255625.308852269] [agent_3.guidance]: Task completed (seq_num 17)
[crazychoir_task_assignment_webots_guidance-22] [WARN] [1745255625.312615522] [agent_3.guidance]: ********AGENT 3 Entered start_new_task******
[crazychoir_task_assignment_webots_guidance-22] [INFO] [1745255625.314028168] [agent_3.guidance]: Got new task (seq_num 31) - starting execution
[crazychoir_task_assignment_webots_planner-24] [INFO] [1745255625.331359411] [agent_3.planner]: Moving robot to position [-1.01295298  0.43283262]
[crazychoir_task_assignment_webots_planner-24] [INFO] [1745255625.333057246] [agent_3.planner]: Goal [-1.0129529814532636, 0.43283262163649194, 0.95] sent
[crazychoir_task_assignment_webots_planner-9] [INFO] [1745255639.357666866] [agent_0.planner]: Goal reached - current position: [-0.5436276   0.88319539]
[crazychoir_task_assignment_webots_guidance-7] [INFO] [1745255639.362789096] [agent_0.guidance]: Task completed (seq_num 19)
[crazychoir_task_assignment_webots_guidance-7] [WARN] [1745255639.369694606] [agent_0.guidance]: ********AGENT 0 Entered start_new_task******
[crazychoir_task_assignment_webots_guidance-7] [INFO] [1745255639.374465824] [agent_0.guidance]: Got new task (seq_num 22) - starting execution
[crazychoir_task_assignment_webots_planner-9] [INFO] [1745255639.388454907] [agent_0.planner]: Moving robot to position [-0.74654539  0.01519836]
[crazychoir_task_assignment_webots_planner-9] [INFO] [1745255639.392718997] [agent_0.planner]: Goal [-0.7465453884747459, 0.015198355961606236, 0.5] sent
[crazychoir_task_assignment_webots_planner-24] [INFO] [1745255642.244118754] [agent_3.planner]: Goal reached - current position: [-1.06143893  0.4211044 ]
[crazychoir_task_assignment_webots_guidance-22] [INFO] [1745255642.253159289] [agent_3.guidance]: Task completed (seq_num 31)
[crazychoir_task_assignment_webots_guidance-22] [WARN] [1745255642.270969745] [agent_3.guidance]: ********AGENT 3 Entered start_new_task******
[crazychoir_task_assignment_webots_guidance-22] [INFO] [1745255642.272507315] [agent_3.guidance]: Got new task (seq_num 15) - starting execution
[crazychoir_task_assignment_webots_planner-24] [INFO] [1745255642.283374039] [agent_3.planner]: Moving robot to position [0.16745294 2.6254295 ]
[crazychoir_task_assignment_webots_planner-24] [INFO] [1745255642.293281531] [agent_3.planner]: Goal [0.16745294050752202, 2.625429503705652, 0.95] sent
[crazychoir_task_assignment_webots_planner-9] [INFO] [1745255655.934452097] [agent_0.planner]: Goal reached - current position: [-0.7304302  0.0623043]
[crazychoir_task_assignment_webots_guidance-7] [INFO] [1745255655.944514830] [agent_0.guidance]: Task completed (seq_num 22)
[crazychoir_task_assignment_webots_guidance-7] [WARN] [1745255655.952915729] [agent_0.guidance]: ********AGENT 0 Entered start_new_task******
[crazychoir_task_assignment_webots_guidance-7] [INFO] [1745255655.955151410] [agent_0.guidance]: Got new task (seq_num 7) - starting execution
[crazychoir_task_assignment_webots_planner-9] [INFO] [1745255655.965029288] [agent_0.planner]: Moving robot to position [-2.01694655  0.58400366]
[crazychoir_task_assignment_webots_planner-9] [INFO] [1745255655.966961144] [agent_0.planner]: Goal [-2.0169465515718077, 0.584003663597155, 0.5] sent
[crazychoir_task_assignment_webots_planner-24] [INFO] [1745255660.097414420] [agent_3.planner]: Goal reached - current position: [0.14512131 2.58078531]
[crazychoir_task_assignment_webots_guidance-22] [INFO] [1745255660.106974944] [agent_3.guidance]: Task completed (seq_num 15)
[crazychoir_task_assignment_webots_guidance-22] [WARN] [1745255660.111065413] [agent_3.guidance]: ********AGENT 3 Entered start_new_task******
[crazychoir_task_assignment_webots_guidance-22] [INFO] [1745255660.112597316] [agent_3.guidance]: Got new task (seq_num 32) - starting execution
[crazychoir_task_assignment_webots_planner-24] [INFO] [1745255660.126403130] [agent_3.planner]: Moving robot to position [2.07266189 2.16608587]
[crazychoir_task_assignment_webots_planner-24] [INFO] [1745255660.128185459] [agent_3.planner]: Goal [2.07266189456468, 2.1660858705184314, 0.95] sent
[crazychoir_task_assignment_webots_planner-9] [INFO] [1745255673.031209529] [agent_0.planner]: Goal reached - current position: [-1.97194386  0.56347694]
[crazychoir_task_assignment_webots_guidance-7] [INFO] [1745255673.037472090] [agent_0.guidance]: Task completed (seq_num 7)
[crazychoir_task_assignment_webots_guidance-7] [WARN] [1745255673.045913156] [agent_0.guidance]: ********AGENT 0 Entered start_new_task******
[crazychoir_task_assignment_webots_guidance-7] [INFO] [1745255673.049210494] [agent_0.guidance]: Got new task (seq_num 38) - starting execution
[crazychoir_task_assignment_webots_planner-9] [INFO] [1745255673.063770185] [agent_0.planner]: Moving robot to position [-2.2248793   0.68737708]
[crazychoir_task_assignment_webots_planner-9] [INFO] [1745255673.065755643] [agent_0.planner]: Goal [-2.224879297977374, 0.6873770781019921, 0.5] sent
[crazychoir_task_assignment_webots_planner-24] [INFO] [1745255677.733593514] [agent_3.planner]: Goal reached - current position: [2.02398478 2.1764802 ]
[crazychoir_task_assignment_webots_guidance-22] [INFO] [1745255677.738996635] [agent_3.guidance]: Task completed (seq_num 32)
[crazychoir_task_assignment_webots_guidance-22] [WARN] [1745255677.745272197] [agent_3.guidance]: ********AGENT 3 Entered start_new_task******
[crazychoir_task_assignment_webots_guidance-22] [INFO] [1745255677.746906367] [agent_3.guidance]: Got new task (seq_num 6) - starting execution
[crazychoir_task_assignment_webots_planner-24] [INFO] [1745255677.754649641] [agent_3.planner]: Moving robot to position [2.17795941 2.90040406]
[crazychoir_task_assignment_webots_planner-24] [INFO] [1745255677.756419429] [agent_3.planner]: Goal [2.1779594135953335, 2.9004040630518766, 0.95] sent
[crazychoir_task_assignment_webots_planner-9] [INFO] [1745255687.483937094] [agent_0.planner]: Goal reached - current position: [-2.1794966   0.66667282]
[crazychoir_task_assignment_webots_guidance-7] [INFO] [1745255687.488823767] [agent_0.guidance]: Task completed (seq_num 38)
[crazychoir_task_assignment_webots_guidance-7] [WARN] [1745255687.497294479] [agent_0.guidance]: ********AGENT 0 Entered start_new_task******
[crazychoir_task_assignment_webots_guidance-7] [INFO] [1745255687.501511384] [agent_0.guidance]: Got new task (seq_num 37) - starting execution
[crazychoir_task_assignment_webots_planner-9] [INFO] [1745255687.515282374] [agent_0.planner]: Moving robot to position [-2.60959313  0.24044838]
[crazychoir_task_assignment_webots_planner-9] [INFO] [1745255687.517707389] [agent_0.planner]: Goal [-2.6095931257031557, 0.24044837785683804, 0.5] sent
[crazychoir_task_assignment_webots_planner-24] [INFO] [1745255694.123833661] [agent_3.planner]: Goal reached - current position: [2.16972074 2.85120104]
[crazychoir_task_assignment_webots_guidance-22] [INFO] [1745255694.128740523] [agent_3.guidance]: Task completed (seq_num 6)
[crazychoir_task_assignment_webots_guidance-22] [WARN] [1745255694.138538942] [agent_3.guidance]: ********AGENT 3 Entered start_new_task******
[crazychoir_task_assignment_webots_guidance-22] [INFO] [1745255694.140401018] [agent_3.guidance]: Got new task (seq_num 0) - starting execution
[crazychoir_task_assignment_webots_planner-24] [INFO] [1745255694.152304748] [agent_3.planner]: Moving robot to position [2.80217903 0.2833935 ]
[crazychoir_task_assignment_webots_planner-24] [INFO] [1745255694.154127227] [agent_3.planner]: Goal [2.8021790340820605, 0.28339349505433375, 0.95] sent
[crazychoir_task_assignment_webots_planner-9] [INFO] [1745255703.454801648] [agent_0.planner]: Goal reached - current position: [-2.57665633  0.27785574]
[crazychoir_task_assignment_webots_guidance-7] [INFO] [1745255703.459952763] [agent_0.guidance]: Task completed (seq_num 37)
[crazychoir_task_assignment_webots_guidance-7] [WARN] [1745255703.479044257] [agent_0.guidance]: ********AGENT 0 Entered start_new_task******
[crazychoir_task_assignment_webots_guidance-7] [INFO] [1745255703.480599283] [agent_0.guidance]: Got new task (seq_num 8) - starting execution
[crazychoir_task_assignment_webots_planner-9] [INFO] [1745255703.500499432] [agent_0.planner]: Moving robot to position [-2.94608341 -0.6805723 ]
[crazychoir_task_assignment_webots_planner-9] [INFO] [1745255703.502342306] [agent_0.planner]: Goal [-2.9460834139946703, -0.6805723041382237, 0.5] sent
[crazychoir_task_assignment_webots_planner-24] [INFO] [1745255712.046415519] [agent_3.planner]: Goal reached - current position: [2.79155121 0.33214718]
[crazychoir_task_assignment_webots_guidance-22] [INFO] [1745255712.054290425] [agent_3.guidance]: Task completed (seq_num 0)
[crazychoir_task_assignment_webots_guidance-22] [WARN] [1745255712.060793659] [agent_3.guidance]: ********AGENT 3 Entered start_new_task******
[crazychoir_task_assignment_webots_guidance-22] [INFO] [1745255712.062375749] [agent_3.guidance]: Got new task (seq_num 30) - starting execution
[crazychoir_task_assignment_webots_planner-24] [INFO] [1745255712.070099209] [agent_3.planner]: Moving robot to position [ 2.42800553 -0.5710487 ]
[crazychoir_task_assignment_webots_planner-24] [INFO] [1745255712.071900916] [agent_3.planner]: Goal [2.428005532460202, -0.5710486961345635, 0.95] sent
[crazychoir_task_assignment_webots_planner-9] [INFO] [1745255720.341944392] [agent_0.planner]: Goal reached - current position: [-2.92623386 -0.63488559]
[crazychoir_task_assignment_webots_guidance-7] [INFO] [1745255720.350942404] [agent_0.guidance]: Task completed (seq_num 8)
[crazychoir_task_assignment_webots_guidance-7] [WARN] [1745255720.357758053] [agent_0.guidance]: ********AGENT 0 Entered start_new_task******
[crazychoir_task_assignment_webots_guidance-7] [INFO] [1745255720.359437428] [agent_0.guidance]: Got new task (seq_num 12) - starting execution
[crazychoir_task_assignment_webots_planner-9] [INFO] [1745255720.372630483] [agent_0.planner]: Moving robot to position [-1.96100747 -2.55030848]
[crazychoir_task_assignment_webots_planner-9] [INFO] [1745255720.374938776] [agent_0.planner]: Goal [-1.961007471024311, -2.550308477921358, 0.5] sent
[crazychoir_task_assignment_webots_planner-24] [INFO] [1745255728.680595869] [agent_3.planner]: Goal reached - current position: [ 2.44924242 -0.52599841]
[crazychoir_task_assignment_webots_guidance-22] [INFO] [1745255728.688913314] [agent_3.guidance]: Task completed (seq_num 30)
[crazychoir_task_assignment_webots_guidance-22] [WARN] [1745255728.694107351] [agent_3.guidance]: ********AGENT 3 Entered start_new_task******
[crazychoir_task_assignment_webots_guidance-22] [INFO] [1745255728.695695610] [agent_3.guidance]: Got new task (seq_num 25) - starting execution
[crazychoir_task_assignment_webots_planner-24] [INFO] [1745255728.709274123] [agent_3.planner]: Moving robot to position [ 2.373007   -0.82287847]
[crazychoir_task_assignment_webots_planner-24] [INFO] [1745255728.712288998] [agent_3.planner]: Goal [2.3730069963368763, -0.8228784694012417, 0.95] sent
[crazychoir_task_assignment_webots_planner-9] [INFO] [1745255738.057277404] [agent_0.planner]: Goal reached - current position: [-1.98240654 -2.50523264]
[crazychoir_task_assignment_webots_guidance-7] [INFO] [1745255738.063054121] [agent_0.guidance]: Task completed (seq_num 12)
[crazychoir_task_assignment_webots_guidance-7] [WARN] [1745255738.072552567] [agent_0.guidance]: ********AGENT 0 Entered start_new_task******
[crazychoir_task_assignment_webots_guidance-7] [INFO] [1745255738.074645558] [agent_0.guidance]: Got new task (seq_num 16) - starting execution
[crazychoir_task_assignment_webots_planner-9] [INFO] [1745255738.089744672] [agent_0.planner]: Moving robot to position [ 0.13017673 -2.3508397 ]
[crazychoir_task_assignment_webots_planner-9] [INFO] [1745255738.091593905] [agent_0.planner]: Goal [0.13017673466974777, -2.350839702676616, 0.5] sent
[crazychoir_task_assignment_webots_planner-24] [INFO] [1745255743.162815831] [agent_3.planner]: Goal reached - current position: [ 2.38515427 -0.77458574]
[crazychoir_task_assignment_webots_guidance-22] [INFO] [1745255743.170385156] [agent_3.guidance]: Task completed (seq_num 25)
[crazychoir_task_assignment_webots_guidance-22] [WARN] [1745255743.173287940] [agent_3.guidance]: ********AGENT 3 Entered start_new_task******
[crazychoir_task_assignment_webots_guidance-22] [INFO] [1745255743.178079071] [agent_3.guidance]: Got new task (seq_num 29) - starting execution
[crazychoir_task_assignment_webots_planner-24] [INFO] [1745255743.187145786] [agent_3.planner]: Moving robot to position [ 1.98112861 -0.49934217]
[crazychoir_task_assignment_webots_planner-24] [INFO] [1745255743.188834588] [agent_3.planner]: Goal [1.9811286125900773, -0.49934217192982455, 0.95] sent
[crazychoir_task_assignment_webots_planner-9] [INFO] [1745255755.789243058] [agent_0.planner]: Goal reached - current position: [ 0.08047261 -2.35542661]
[crazychoir_task_assignment_webots_guidance-7] [INFO] [1745255755.800815718] [agent_0.guidance]: Task completed (seq_num 16)
[crazychoir_task_assignment_webots_guidance-7] [WARN] [1745255755.803906005] [agent_0.guidance]: ********AGENT 0 Entered start_new_task******
[crazychoir_task_assignment_webots_guidance-7] [INFO] [1745255755.808546931] [agent_0.guidance]: Got new task (seq_num 33) - starting execution
[crazychoir_task_assignment_webots_planner-9] [INFO] [1745255755.822896351] [agent_0.planner]: Moving robot to position [ 0.5741287  -2.49203033]
[crazychoir_task_assignment_webots_planner-9] [INFO] [1745255755.824740869] [agent_0.planner]: Goal [0.5741287024100066, -2.4920303338775387, 0.5] sent
[crazychoir_task_assignment_webots_planner-24] [INFO] [1745255758.803248097] [agent_3.planner]: Goal reached - current position: [ 2.02253986 -0.52705143]
[crazychoir_task_assignment_webots_guidance-22] [INFO] [1745255758.808800309] [agent_3.guidance]: Task completed (seq_num 29)
[crazychoir_task_assignment_webots_guidance-22] [WARN] [1745255758.817220842] [agent_3.guidance]: ********AGENT 3 Entered start_new_task******
[crazychoir_task_assignment_webots_guidance-22] [INFO] [1745255758.818887988] [agent_3.guidance]: Got new task (seq_num 2) - starting execution
[crazychoir_task_assignment_webots_planner-24] [INFO] [1745255758.827717130] [agent_3.planner]: Moving robot to position [ 1.18637295 -1.70346303]
[crazychoir_task_assignment_webots_planner-24] [INFO] [1745255758.835480110] [agent_3.planner]: Goal [1.1863729475836244, -1.7034630265177417, 0.95] sent
[crazychoir_task_assignment_webots_planner-9] [INFO] [1745255771.393548074] [agent_0.planner]: Goal reached - current position: [ 0.52641375 -2.47721449]
[crazychoir_task_assignment_webots_guidance-7] [INFO] [1745255771.398647254] [agent_0.guidance]: Task completed (seq_num 33)
[crazychoir_task_assignment_webots_guidance-7] [WARN] [1745255771.405761887] [agent_0.guidance]: ********AGENT 0 Entered start_new_task******
[crazychoir_task_assignment_webots_guidance-7] [INFO] [1745255771.407290918] [agent_0.guidance]: Got new task (seq_num 26) - starting execution
[crazychoir_task_assignment_webots_planner-9] [INFO] [1745255771.415553000] [agent_0.planner]: Moving robot to position [ 0.82534244 -1.85132159]
[crazychoir_task_assignment_webots_planner-9] [INFO] [1745255771.420865878] [agent_0.planner]: Goal [0.8253424381124201, -1.8513215872862199, 0.5] sent
[crazychoir_task_assignment_webots_planner-24] [INFO] [1745255775.980609015] [agent_3.planner]: Goal reached - current position: [ 1.21777101 -1.66461677]
[crazychoir_task_assignment_webots_guidance-22] [INFO] [1745255775.995033686] [agent_3.guidance]: Task completed (seq_num 2)
[crazychoir_task_assignment_webots_guidance-22] [WARN] [1745255776.000779886] [agent_3.guidance]: ********AGENT 3 Entered start_new_task******
[crazychoir_task_assignment_webots_guidance-22] [INFO] [1745255776.002334516] [agent_3.guidance]: Got new task (seq_num 34) - starting execution
[crazychoir_task_assignment_webots_planner-24] [INFO] [1745255776.039429930] [agent_3.planner]: Moving robot to position [ 0.58359964 -1.52727775]
[crazychoir_task_assignment_webots_planner-24] [INFO] [1745255776.041321917] [agent_3.planner]: Goal [0.5835996439150497, -1.5272777485013873, 0.95] sent
[crazychoir_task_assignment_webots_planner-9] [INFO] [1745255787.613203343] [agent_0.planner]: Goal reached - current position: [ 0.80241087 -1.89556592]
[crazychoir_task_assignment_webots_guidance-7] [INFO] [1745255787.622998471] [agent_0.guidance]: Task completed (seq_num 26)
[crazychoir_task_assignment_webots_guidance-7] [WARN] [1745255787.626430047] [agent_0.guidance]: ********AGENT 0 Entered start_new_task******
[crazychoir_task_assignment_webots_guidance-7] [INFO] [1745255787.627926754] [agent_0.guidance]: Got new task (seq_num 23) - starting execution
[crazychoir_task_assignment_webots_planner-9] [INFO] [1745255787.644408189] [agent_0.planner]: Moving robot to position [ 1.12000248 -1.47792211]
[crazychoir_task_assignment_webots_planner-9] [INFO] [1745255787.650086379] [agent_0.planner]: Goal [1.1200024794980745, -1.477922108031701, 0.5] sent
[crazychoir_task_assignment_webots_planner-24] [INFO] [1745255792.130281025] [agent_3.planner]: Goal reached - current position: [ 0.63279767 -1.53514871]
[crazychoir_task_assignment_webots_guidance-22] [INFO] [1745255792.137880387] [agent_3.guidance]: Task completed (seq_num 34)
[crazychoir_task_assignment_webots_guidance-22] [WARN] [1745255792.142913004] [agent_3.guidance]: ********AGENT 3 Entered start_new_task******
[crazychoir_task_assignment_webots_guidance-22] [INFO] [1745255792.144502680] [agent_3.guidance]: Got new task (seq_num 13) - starting execution
[crazychoir_task_assignment_webots_planner-24] [INFO] [1745255792.152787028] [agent_3.planner]: Moving robot to position [ 0.60445633 -1.9921669 ]
[crazychoir_task_assignment_webots_planner-24] [INFO] [1745255792.155959653] [agent_3.planner]: Goal [0.6044563282666156, -1.992166897689577, 0.95] sent
[crazychoir_task_assignment_webots_planner-9] [INFO] [1745255803.281560954] [agent_0.planner]: Goal reached - current position: [ 1.08863856 -1.51647026]
[crazychoir_task_assignment_webots_guidance-7] [INFO] [1745255803.290162080] [agent_0.guidance]: Task completed (seq_num 23)
[crazychoir_task_assignment_webots_guidance-7] [WARN] [1745255803.298767555] [agent_0.guidance]: ********AGENT 0 Entered start_new_task******
[crazychoir_task_assignment_webots_guidance-7] [INFO] [1745255803.306803597] [agent_0.guidance]: Got new task (seq_num 5) - starting execution
[crazychoir_task_assignment_webots_planner-9] [INFO] [1745255803.316580982] [agent_0.planner]: Moving robot to position [ 1.67629753 -1.81388955]
[crazychoir_task_assignment_webots_planner-9] [INFO] [1745255803.318468437] [agent_0.planner]: Goal [1.6762975307625148, -1.8138895523984815, 0.5] sent
[crazychoir_task_assignment_webots_planner-24] [INFO] [1745255807.647040649] [agent_3.planner]: Goal reached - current position: [ 0.60733786 -1.94246803]
[crazychoir_task_assignment_webots_guidance-22] [INFO] [1745255807.656963759] [agent_3.guidance]: Task completed (seq_num 13)
[crazychoir_task_assignment_webots_guidance-22] [WARN] [1745255807.664879485] [agent_3.guidance]: ********AGENT 3 Entered start_new_task******
[crazychoir_task_assignment_webots_guidance-22] [INFO] [1745255807.666351110] [agent_3.guidance]: Got new task (seq_num 3) - starting execution
[crazychoir_task_assignment_webots_planner-24] [INFO] [1745255807.682556619] [agent_3.planner]: Moving robot to position [ 2.85764673 -2.96261847]
[crazychoir_task_assignment_webots_planner-24] [INFO] [1745255807.685379560] [agent_3.planner]: Goal [2.8576467286574507, -2.962618468772461, 0.95] sent
[crazychoir_task_assignment_webots_planner-9] [INFO] [1745255819.447010242] [agent_0.planner]: Goal reached - current position: [ 1.63106987 -1.79334593]
[crazychoir_task_assignment_webots_guidance-7] [INFO] [1745255819.455719802] [agent_0.guidance]: Task completed (seq_num 5)
[crazychoir_task_assignment_webots_guidance-7] [WARN] [1745255819.459859205] [agent_0.guidance]: ********AGENT 0 Entered start_new_task******
[crazychoir_task_assignment_webots_guidance-7] [INFO] [1745255819.463455114] [agent_0.guidance]: Got new task (seq_num 21) - starting execution
[crazychoir_task_assignment_webots_planner-9] [INFO] [1745255819.472086117] [agent_0.planner]: Moving robot to position [ 1.6044298  -1.92615654]
[crazychoir_task_assignment_webots_planner-9] [INFO] [1745255819.474013317] [agent_0.planner]: Goal [1.6044298025407429, -1.926156539753215, 0.5] sent
[crazychoir_task_assignment_webots_planner-24] [INFO] [1745255825.532024939] [agent_3.planner]: Goal reached - current position: [ 2.81361811 -2.93963632]
[crazychoir_task_assignment_webots_guidance-22] [INFO] [1745255825.541119956] [agent_3.guidance]: Task completed (seq_num 3)
[crazychoir_task_assignment_webots_guidance-22] [WARN] [1745255825.546133900] [agent_3.guidance]: ********AGENT 3 Entered start_new_task******
[crazychoir_task_assignment_webots_guidance-22] [INFO] [1745255825.547775208] [agent_3.guidance]: Got new task (seq_num 9) - starting execution
[crazychoir_task_assignment_webots_planner-24] [INFO] [1745255825.561173847] [agent_3.planner]: Moving robot to position [-2.73503965  2.73991781]
[crazychoir_task_assignment_webots_planner-24] [INFO] [1745255825.564362077] [agent_3.planner]: Goal [-2.7350396524110026, 2.7399178062854155, 0.95] sent
[crazychoir_task_assignment_webots_planner-9] [INFO] [1745255831.750341534] [agent_0.planner]: Goal reached - current position: [ 1.61310271 -1.87699602]
[crazychoir_task_assignment_webots_guidance-7] [INFO] [1745255831.756241924] [agent_0.guidance]: Task completed (seq_num 21)
[crazychoir_task_assignment_webots_guidance-7] [WARN] [1745255831.763649485] [agent_0.guidance]: ********AGENT 0 Entered start_new_task******
[crazychoir_task_assignment_webots_guidance-7] [INFO] [1745255831.765297819] [agent_0.guidance]: Got new task (seq_num 14) - starting execution
[crazychoir_task_assignment_webots_planner-9] [INFO] [1745255831.789306235] [agent_0.planner]: Moving robot to position [ 1.40028101 -0.54933684]
[crazychoir_task_assignment_webots_planner-9] [INFO] [1745255831.791155495] [agent_0.planner]: Goal [1.4002810050634196, -0.5493368390879114, 0.5] sent
[crazychoir_task_assignment_webots_planner-24] [INFO] [1745255844.420647632] [agent_3.planner]: Goal reached - current position: [-2.70082059  2.70391432]
[crazychoir_task_assignment_webots_guidance-22] [INFO] [1745255844.426648783] [agent_3.guidance]: Task completed (seq_num 9)
[crazychoir_task_assignment_webots_guidance-22] [WARN] [1745255844.434335513] [agent_3.guidance]: ********AGENT 3 Entered start_new_task******
[crazychoir_task_assignment_webots_guidance-22] [WARN] [1745255844.436164209] [agent_3.guidance]: ********AGENT 3 start_new_task: Queue is EMPTY.******
[crazychoir_task_assignment_webots_planner-9] [INFO] [1745255848.961623686] [agent_0.planner]: Goal reached - current position: [ 1.4056519  -0.59870804]
[crazychoir_task_assignment_webots_guidance-7] [INFO] [1745255848.971495570] [agent_0.guidance]: Task completed (seq_num 14)
[crazychoir_task_assignment_webots_guidance-7] [WARN] [1745255848.977013439] [agent_0.guidance]: ********AGENT 0 Entered start_new_task******
[crazychoir_task_assignment_webots_guidance-7] [INFO] [1745255848.980637971] [agent_0.guidance]: Got new task (seq_num 28) - starting execution
[crazychoir_task_assignment_webots_planner-9] [INFO] [1745255848.990336039] [agent_0.planner]: Moving robot to position [ 2.51029823 -0.40906757]
[crazychoir_task_assignment_webots_planner-9] [INFO] [1745255848.992163819] [agent_0.planner]: Goal [2.510298234838576, -0.409067571952634, 0.5] sent
[crazychoir_task_assignment_webots_planner-9] [INFO] [1745255865.930858159] [agent_0.planner]: Goal reached - current position: [ 2.46067825 -0.41495986]
[crazychoir_task_assignment_webots_guidance-7] [INFO] [1745255865.936828888] [agent_0.guidance]: Task completed (seq_num 28)
[crazychoir_task_assignment_webots_guidance-7] [WARN] [1745255865.939835948] [agent_0.guidance]: ********AGENT 0 Entered start_new_task******
[crazychoir_task_assignment_webots_guidance-7] [INFO] [1745255865.941349499] [agent_0.guidance]: Got new task (seq_num 1) - starting execution
[crazychoir_task_assignment_webots_planner-9] [INFO] [1745255865.951824258] [agent_0.planner]: Moving robot to position [2.83610616 1.28889596]
[crazychoir_task_assignment_webots_planner-9] [INFO] [1745255865.958824621] [agent_0.planner]: Goal [2.8361061597893062, 1.2888959620461877, 0.5] sent
[crazychoir_task_assignment_webots_planner-9] [INFO] [1745255883.409252282] [agent_0.planner]: Goal reached - current position: [2.82522482 1.2403484 ]
[crazychoir_task_assignment_webots_guidance-7] [INFO] [1745255883.420715744] [agent_0.guidance]: Task completed (seq_num 1)
[crazychoir_task_assignment_webots_guidance-7] [WARN] [1745255883.427844641] [agent_0.guidance]: ********AGENT 0 Entered start_new_task******
[crazychoir_task_assignment_webots_guidance-7] [INFO] [1745255883.429330394] [agent_0.guidance]: Got new task (seq_num 11) - starting execution
[crazychoir_task_assignment_webots_planner-9] [INFO] [1745255883.441047205] [agent_0.planner]: Moving robot to position [1.71783592 2.19773579]
[crazychoir_task_assignment_webots_planner-9] [INFO] [1745255883.449624739] [agent_0.planner]: Goal [1.7178359156103653, 2.1977357914901905, 0.5] sent
[crazychoir_task_assignment_webots_planner-9] [INFO] [1745255900.679099289] [agent_0.planner]: Goal reached - current position: [1.75627408 2.16579421]
[crazychoir_task_assignment_webots_guidance-7] [INFO] [1745255900.686214417] [agent_0.guidance]: Task completed (seq_num 11)
[crazychoir_task_assignment_webots_guidance-7] [WARN] [1745255900.693310926] [agent_0.guidance]: ********AGENT 0 Entered start_new_task******
[crazychoir_task_assignment_webots_guidance-7] [INFO] [1745255900.701490543] [agent_0.guidance]: Got new task (seq_num 35) - starting execution
[crazychoir_task_assignment_webots_planner-9] [INFO] [1745255900.708382585] [agent_0.planner]: Moving robot to position [1.39556069 2.36790775]
[crazychoir_task_assignment_webots_planner-9] [INFO] [1745255900.720026228] [agent_0.planner]: Goal [1.3955606915398064, 2.3679077539004325, 0.5] sent
[crazychoir_task_assignment_webots_planner-9] [INFO] [1745255916.031167762] [agent_0.planner]: Goal reached - current position: [1.43978479 2.34485742]
[crazychoir_task_assignment_webots_guidance-7] [INFO] [1745255916.040243161] [agent_0.guidance]: Task completed (seq_num 35)
[crazychoir_task_assignment_webots_guidance-7] [WARN] [1745255916.044411576] [agent_0.guidance]: ********AGENT 0 Entered start_new_task******
[crazychoir_task_assignment_webots_guidance-7] [INFO] [1745255916.045940769] [agent_0.guidance]: Got new task (seq_num 10) - starting execution
[crazychoir_task_assignment_webots_planner-9] [INFO] [1745255916.058543666] [agent_0.planner]: Moving robot to position [-0.38312012  2.69386384]
[crazychoir_task_assignment_webots_planner-9] [INFO] [1745255916.060399863] [agent_0.planner]: Goal [-0.3831201187212141, 2.6938638406893762, 0.5] sent
[crazychoir_task_assignment_webots_planner-9] [INFO] [1745255933.576137686] [agent_0.planner]: Goal reached - current position: [-0.33436269  2.68337986]
[crazychoir_task_assignment_webots_guidance-7] [INFO] [1745255933.585993620] [agent_0.guidance]: Task completed (seq_num 10)
[crazychoir_task_assignment_webots_guidance-7] [WARN] [1745255933.589829944] [agent_0.guidance]: ********AGENT 0 Entered start_new_task******
[crazychoir_task_assignment_webots_guidance-7] [WARN] [1745255933.591364475] [agent_0.guidance]: ********AGENT 0 start_new_task: Queue is EMPTY.******
